ISO-10303-21;
HEADER;
/* Generated by software containing ST-Developer
 * from STEP Tools, Inc. (www.steptools.com) 
 */
/* OPTION: using custom renumber hook */

FILE_DESCRIPTION(
/* description */ ('STEP AP242 Edition 2',
'CAx-IF Rec.Pracs.---Representation and Presentation of Product Manufa
cturing Information (PMI)---4.0---2014-10-13',
'CAx-IF Rec.Pracs.---3D Tessellated Geometry---0.4---2014-09-14','2;1',
'CAx-IF Rec.Pracs.---User Defined Attributes---1.5---2016-08-15'),
/* implementation_level */ '2;1');

FILE_NAME(
/* name */ 'Part Studio 1',
/* time_stamp */ '2026-05-30T13:17:29Z',
/* author */ (''),
/* organization */ (''),
/* preprocessor_version */ 'ST-DEVELOPER v20',
/* originating_system */ 'ONSHAPE BY PTC INC, 1.215',
/* authorisation */ '  ');

FILE_SCHEMA (('AP242_MANAGED_MODEL_BASED_3D_ENGINEERING_MIM_LF { 1 0 10303 442 3 1 4 }'));
ENDSEC;

DATA;
#10=SHAPE_REPRESENTATION_RELATIONSHIP('','',#10385,#11);
#11=ADVANCED_BREP_SHAPE_REPRESENTATION('',(#10383),#18211);
#12=SPHERICAL_SURFACE('',#11483,0.001);
#13=SPHERICAL_SURFACE('',#11487,0.001);
#14=SPHERICAL_SURFACE('',#11489,0.001);
#15=SPHERICAL_SURFACE('',#11492,0.001);
#16=SPHERICAL_SURFACE('',#11502,0.001);
#17=SPHERICAL_SURFACE('',#11504,0.001);
#18=SPHERICAL_SURFACE('',#11510,0.001);
#19=SPHERICAL_SURFACE('',#11514,0.001);
#20=B_SPLINE_SURFACE_WITH_KNOTS('',3,1,((#16009,#16010),(#16011,#16012),
(#16013,#16014),(#16015,#16016)),.SURF_OF_LINEAR_EXTRUSION.,.F.,.F.,.F.,
(4,4),(2,2),(0.,1.),(0.,1.),.PIECEWISE_BEZIER_KNOTS.);
#21=B_SPLINE_SURFACE_WITH_KNOTS('',3,1,((#16050,#16051),(#16052,#16053),
(#16054,#16055),(#16056,#16057)),.SURF_OF_LINEAR_EXTRUSION.,.F.,.F.,.F.,
(4,4),(2,2),(0.,1.),(0.,1.),.PIECEWISE_BEZIER_KNOTS.);
#22=B_SPLINE_SURFACE_WITH_KNOTS('',3,1,((#16063,#16064),(#16065,#16066),
(#16067,#16068),(#16069,#16070)),.SURF_OF_LINEAR_EXTRUSION.,.F.,.F.,.F.,
(4,4),(2,2),(0.,1.),(0.,1.),.PIECEWISE_BEZIER_KNOTS.);
#23=B_SPLINE_SURFACE_WITH_KNOTS('',3,1,((#16176,#16177),(#16178,#16179),
(#16180,#16181),(#16182,#16183)),.SURF_OF_LINEAR_EXTRUSION.,.F.,.F.,.F.,
(4,4),(2,2),(0.,1.),(0.,1.),.PIECEWISE_BEZIER_KNOTS.);
#24=B_SPLINE_SURFACE_WITH_KNOTS('',3,1,((#16245,#16246),(#16247,#16248),
(#16249,#16250),(#16251,#16252)),.SURF_OF_LINEAR_EXTRUSION.,.F.,.F.,.F.,
(4,4),(2,2),(0.,1.),(0.,1.),.PIECEWISE_BEZIER_KNOTS.);
#25=B_SPLINE_SURFACE_WITH_KNOTS('',3,1,((#16300,#16301),(#16302,#16303),
(#16304,#16305),(#16306,#16307)),.SURF_OF_LINEAR_EXTRUSION.,.F.,.F.,.F.,
(4,4),(2,2),(0.,1.),(0.,1.),.PIECEWISE_BEZIER_KNOTS.);
#26=B_SPLINE_SURFACE_WITH_KNOTS('',3,1,((#16313,#16314),(#16315,#16316),
(#16317,#16318),(#16319,#16320)),.SURF_OF_LINEAR_EXTRUSION.,.F.,.F.,.F.,
(4,4),(2,2),(0.,1.),(0.,1.),.PIECEWISE_BEZIER_KNOTS.);
#27=B_SPLINE_SURFACE_WITH_KNOTS('',3,1,((#16370,#16371),(#16372,#16373),
(#16374,#16375),(#16376,#16377)),.SURF_OF_LINEAR_EXTRUSION.,.F.,.F.,.F.,
(4,4),(2,2),(0.,1.),(0.,1.),.PIECEWISE_BEZIER_KNOTS.);
#28=B_SPLINE_SURFACE_WITH_KNOTS('',3,1,((#16429,#16430),(#16431,#16432),
(#16433,#16434),(#16435,#16436)),.SURF_OF_LINEAR_EXTRUSION.,.F.,.F.,.F.,
(4,4),(2,2),(0.,1.),(0.,1.),.PIECEWISE_BEZIER_KNOTS.);
#29=B_SPLINE_SURFACE_WITH_KNOTS('',3,1,((#16456,#16457),(#16458,#16459),
(#16460,#16461),(#16462,#16463)),.SURF_OF_LINEAR_EXTRUSION.,.F.,.F.,.F.,
(4,4),(2,2),(0.,1.),(0.,1.),.PIECEWISE_BEZIER_KNOTS.);
#30=B_SPLINE_SURFACE_WITH_KNOTS('',3,1,((#16505,#16506),(#16507,#16508),
(#16509,#16510),(#16511,#16512)),.SURF_OF_LINEAR_EXTRUSION.,.F.,.F.,.F.,
(4,4),(2,2),(0.,1.),(0.,1.),.PIECEWISE_BEZIER_KNOTS.);
#31=B_SPLINE_SURFACE_WITH_KNOTS('',3,1,((#16518,#16519),(#16520,#16521),
(#16522,#16523),(#16524,#16525)),.SURF_OF_LINEAR_EXTRUSION.,.F.,.F.,.F.,
(4,4),(2,2),(0.,1.),(0.,1.),.PIECEWISE_BEZIER_KNOTS.);
#32=B_SPLINE_SURFACE_WITH_KNOTS('',3,1,((#16551,#16552),(#16553,#16554),
(#16555,#16556),(#16557,#16558)),.SURF_OF_LINEAR_EXTRUSION.,.F.,.F.,.F.,
(4,4),(2,2),(0.,1.),(0.,1.),.PIECEWISE_BEZIER_KNOTS.);
#33=B_SPLINE_SURFACE_WITH_KNOTS('',3,1,((#16564,#16565),(#16566,#16567),
(#16568,#16569),(#16570,#16571)),.SURF_OF_LINEAR_EXTRUSION.,.F.,.F.,.F.,
(4,4),(2,2),(0.,1.),(0.,1.),.PIECEWISE_BEZIER_KNOTS.);
#34=B_SPLINE_SURFACE_WITH_KNOTS('',3,1,((#16593,#16594),(#16595,#16596),
(#16597,#16598),(#16599,#16600)),.SURF_OF_LINEAR_EXTRUSION.,.F.,.F.,.F.,
(4,4),(2,2),(0.,1.),(0.,1.),.PIECEWISE_BEZIER_KNOTS.);
#35=B_SPLINE_SURFACE_WITH_KNOTS('',3,1,((#16654,#16655),(#16656,#16657),
(#16658,#16659),(#16660,#16661)),.SURF_OF_LINEAR_EXTRUSION.,.F.,.F.,.F.,
(4,4),(2,2),(0.,1.),(0.,1.),.PIECEWISE_BEZIER_KNOTS.);
#36=B_SPLINE_SURFACE_WITH_KNOTS('',3,1,((#16679,#16680),(#16681,#16682),
(#16683,#16684),(#16685,#16686)),.SURF_OF_LINEAR_EXTRUSION.,.F.,.F.,.F.,
(4,4),(2,2),(0.,1.),(0.,1.),.PIECEWISE_BEZIER_KNOTS.);
#37=B_SPLINE_SURFACE_WITH_KNOTS('',3,1,((#16694,#16695),(#16696,#16697),
(#16698,#16699),(#16700,#16701)),.SURF_OF_LINEAR_EXTRUSION.,.F.,.F.,.F.,
(4,4),(2,2),(0.,1.),(0.,1.),.PIECEWISE_BEZIER_KNOTS.);
#38=B_SPLINE_SURFACE_WITH_KNOTS('',3,1,((#16707,#16708),(#16709,#16710),
(#16711,#16712),(#16713,#16714)),.SURF_OF_LINEAR_EXTRUSION.,.F.,.F.,.F.,
(4,4),(2,2),(0.,1.),(0.,1.),.PIECEWISE_BEZIER_KNOTS.);
#39=B_SPLINE_SURFACE_WITH_KNOTS('',3,1,((#16736,#16737),(#16738,#16739),
(#16740,#16741),(#16742,#16743)),.SURF_OF_LINEAR_EXTRUSION.,.F.,.F.,.F.,
(4,4),(2,2),(0.,1.),(0.,1.),.PIECEWISE_BEZIER_KNOTS.);
#40=B_SPLINE_SURFACE_WITH_KNOTS('',3,1,((#16749,#16750),(#16751,#16752),
(#16753,#16754),(#16755,#16756)),.SURF_OF_LINEAR_EXTRUSION.,.F.,.F.,.F.,
(4,4),(2,2),(0.,1.),(0.,1.),.PIECEWISE_BEZIER_KNOTS.);
#41=B_SPLINE_SURFACE_WITH_KNOTS('',3,1,((#16762,#16763),(#16764,#16765),
(#16766,#16767),(#16768,#16769)),.SURF_OF_LINEAR_EXTRUSION.,.F.,.F.,.F.,
(4,4),(2,2),(0.,1.),(0.,1.),.PIECEWISE_BEZIER_KNOTS.);
#42=B_SPLINE_SURFACE_WITH_KNOTS('',3,1,((#16775,#16776),(#16777,#16778),
(#16779,#16780),(#16781,#16782)),.SURF_OF_LINEAR_EXTRUSION.,.F.,.F.,.F.,
(4,4),(2,2),(0.,1.),(0.,1.),.PIECEWISE_BEZIER_KNOTS.);
#43=B_SPLINE_SURFACE_WITH_KNOTS('',3,1,((#16874,#16875),(#16876,#16877),
(#16878,#16879),(#16880,#16881)),.SURF_OF_LINEAR_EXTRUSION.,.F.,.F.,.F.,
(4,4),(2,2),(0.,1.),(0.,1.),.PIECEWISE_BEZIER_KNOTS.);
#44=B_SPLINE_SURFACE_WITH_KNOTS('',3,1,((#16887,#16888),(#16889,#16890),
(#16891,#16892),(#16893,#16894)),.SURF_OF_LINEAR_EXTRUSION.,.F.,.F.,.F.,
(4,4),(2,2),(0.,1.),(0.,1.),.PIECEWISE_BEZIER_KNOTS.);
#45=B_SPLINE_SURFACE_WITH_KNOTS('',3,1,((#16904,#16905),(#16906,#16907),
(#16908,#16909),(#16910,#16911)),.SURF_OF_LINEAR_EXTRUSION.,.F.,.F.,.F.,
(4,4),(2,2),(0.,1.),(0.,1.),.PIECEWISE_BEZIER_KNOTS.);
#46=B_SPLINE_SURFACE_WITH_KNOTS('',3,1,((#16917,#16918),(#16919,#16920),
(#16921,#16922),(#16923,#16924)),.SURF_OF_LINEAR_EXTRUSION.,.F.,.F.,.F.,
(4,4),(2,2),(0.,1.),(0.,1.),.PIECEWISE_BEZIER_KNOTS.);
#47=B_SPLINE_SURFACE_WITH_KNOTS('',3,1,((#16934,#16935),(#16936,#16937),
(#16938,#16939),(#16940,#16941)),.SURF_OF_LINEAR_EXTRUSION.,.F.,.F.,.F.,
(4,4),(2,2),(0.,1.),(0.,1.),.PIECEWISE_BEZIER_KNOTS.);
#48=B_SPLINE_SURFACE_WITH_KNOTS('',3,1,((#16947,#16948),(#16949,#16950),
(#16951,#16952),(#16953,#16954)),.SURF_OF_LINEAR_EXTRUSION.,.F.,.F.,.F.,
(4,4),(2,2),(0.,1.),(0.,1.),.PIECEWISE_BEZIER_KNOTS.);
#49=B_SPLINE_SURFACE_WITH_KNOTS('',3,1,((#16972,#16973),(#16974,#16975),
(#16976,#16977),(#16978,#16979)),.SURF_OF_LINEAR_EXTRUSION.,.F.,.F.,.F.,
(4,4),(2,2),(0.,1.),(0.,1.),.PIECEWISE_BEZIER_KNOTS.);
#50=B_SPLINE_SURFACE_WITH_KNOTS('',3,1,((#16985,#16986),(#16987,#16988),
(#16989,#16990),(#16991,#16992)),.SURF_OF_LINEAR_EXTRUSION.,.F.,.F.,.F.,
(4,4),(2,2),(0.,1.),(0.,1.),.PIECEWISE_BEZIER_KNOTS.);
#51=B_SPLINE_SURFACE_WITH_KNOTS('',3,1,((#16998,#16999),(#17000,#17001),
(#17002,#17003),(#17004,#17005)),.SURF_OF_LINEAR_EXTRUSION.,.F.,.F.,.F.,
(4,4),(2,2),(0.,1.),(0.,1.),.PIECEWISE_BEZIER_KNOTS.);
#52=B_SPLINE_SURFACE_WITH_KNOTS('',3,1,((#17019,#17020),(#17021,#17022),
(#17023,#17024),(#17025,#17026)),.SURF_OF_LINEAR_EXTRUSION.,.F.,.F.,.F.,
(4,4),(2,2),(0.,1.),(0.,1.),.PIECEWISE_BEZIER_KNOTS.);
#53=B_SPLINE_SURFACE_WITH_KNOTS('',3,1,((#17032,#17033),(#17034,#17035),
(#17036,#17037),(#17038,#17039)),.SURF_OF_LINEAR_EXTRUSION.,.F.,.F.,.F.,
(4,4),(2,2),(0.,1.),(0.,1.),.PIECEWISE_BEZIER_KNOTS.);
#54=B_SPLINE_SURFACE_WITH_KNOTS('',3,1,((#17045,#17046),(#17047,#17048),
(#17049,#17050),(#17051,#17052)),.SURF_OF_LINEAR_EXTRUSION.,.F.,.F.,.F.,
(4,4),(2,2),(0.,1.),(0.,1.),.PIECEWISE_BEZIER_KNOTS.);
#55=B_SPLINE_SURFACE_WITH_KNOTS('',3,1,((#17126,#17127),(#17128,#17129),
(#17130,#17131),(#17132,#17133)),.SURF_OF_LINEAR_EXTRUSION.,.F.,.F.,.F.,
(4,4),(2,2),(0.,1.),(0.,1.),.PIECEWISE_BEZIER_KNOTS.);
#56=B_SPLINE_SURFACE_WITH_KNOTS('',3,1,((#17175,#17176),(#17177,#17178),
(#17179,#17180),(#17181,#17182)),.SURF_OF_LINEAR_EXTRUSION.,.F.,.F.,.F.,
(4,4),(2,2),(0.,1.),(0.,1.),.PIECEWISE_BEZIER_KNOTS.);
#57=B_SPLINE_SURFACE_WITH_KNOTS('',3,1,((#17262,#17263),(#17264,#17265),
(#17266,#17267),(#17268,#17269)),.SURF_OF_LINEAR_EXTRUSION.,.F.,.F.,.F.,
(4,4),(2,2),(0.,1.),(0.,1.),.PIECEWISE_BEZIER_KNOTS.);
#58=B_SPLINE_SURFACE_WITH_KNOTS('',3,1,((#17327,#17328),(#17329,#17330),
(#17331,#17332),(#17333,#17334)),.SURF_OF_LINEAR_EXTRUSION.,.F.,.F.,.F.,
(4,4),(2,2),(0.,1.),(0.,1.),.PIECEWISE_BEZIER_KNOTS.);
#59=B_SPLINE_SURFACE_WITH_KNOTS('',3,1,((#17378,#17379),(#17380,#17381),
(#17382,#17383),(#17384,#17385)),.SURF_OF_LINEAR_EXTRUSION.,.F.,.F.,.F.,
(4,4),(2,2),(0.,1.),(0.,1.),.PIECEWISE_BEZIER_KNOTS.);
#60=B_SPLINE_SURFACE_WITH_KNOTS('',3,1,((#17403,#17404),(#17405,#17406),
(#17407,#17408),(#17409,#17410)),.SURF_OF_LINEAR_EXTRUSION.,.F.,.F.,.F.,
(4,4),(2,2),(0.,1.),(0.,1.),.PIECEWISE_BEZIER_KNOTS.);
#61=B_SPLINE_SURFACE_WITH_KNOTS('',3,1,((#17440,#17441),(#17442,#17443),
(#17444,#17445),(#17446,#17447)),.SURF_OF_LINEAR_EXTRUSION.,.F.,.F.,.F.,
(4,4),(2,2),(0.,1.),(0.,1.),.PIECEWISE_BEZIER_KNOTS.);
#62=B_SPLINE_SURFACE_WITH_KNOTS('',3,1,((#18029,#18030),(#18031,#18032),
(#18033,#18034),(#18035,#18036)),.SURF_OF_LINEAR_EXTRUSION.,.F.,.F.,.F.,
(4,4),(2,2),(0.,1.),(0.,1.),.PIECEWISE_BEZIER_KNOTS.);
#63=B_SPLINE_SURFACE_WITH_KNOTS('',3,1,((#18050,#18051),(#18052,#18053),
(#18054,#18055),(#18056,#18057)),.SURF_OF_LINEAR_EXTRUSION.,.F.,.F.,.F.,
(4,4),(2,2),(0.,1.),(0.,1.),.PIECEWISE_BEZIER_KNOTS.);
#64=CYLINDRICAL_SURFACE('',#10726,0.000571795817274067);
#65=CYLINDRICAL_SURFACE('',#10728,0.000538385985505701);
#66=CYLINDRICAL_SURFACE('',#10730,0.00110357985838763);
#67=CYLINDRICAL_SURFACE('',#10732,0.00215226275649768);
#68=CYLINDRICAL_SURFACE('',#10734,0.00460918017530529);
#69=CYLINDRICAL_SURFACE('',#10736,0.00520132695001914);
#70=CYLINDRICAL_SURFACE('',#10738,0.00511657667076222);
#71=CYLINDRICAL_SURFACE('',#10745,0.00732614579321337);
#72=CYLINDRICAL_SURFACE('',#10747,0.00418716119896889);
#73=CYLINDRICAL_SURFACE('',#10749,0.00245169495711481);
#74=CYLINDRICAL_SURFACE('',#10751,0.00127262871503278);
#75=CYLINDRICAL_SURFACE('',#10753,0.000404613006198759);
#76=CYLINDRICAL_SURFACE('',#10755,0.000317279610641529);
#77=CYLINDRICAL_SURFACE('',#10757,0.00030387379810481);
#78=CYLINDRICAL_SURFACE('',#10759,0.00028851904310188);
#79=CYLINDRICAL_SURFACE('',#10761,0.000422416133821876);
#80=CYLINDRICAL_SURFACE('',#10763,0.00177804500789394);
#81=CYLINDRICAL_SURFACE('',#10765,0.000872044892127914);
#82=CYLINDRICAL_SURFACE('',#10767,0.000355515950930118);
#83=CYLINDRICAL_SURFACE('',#10769,0.00207682335179622);
#84=CYLINDRICAL_SURFACE('',#10772,0.000495976746410278);
#85=CYLINDRICAL_SURFACE('',#10774,0.000830107867651075);
#86=CYLINDRICAL_SURFACE('',#10776,0.00130812973443804);
#87=CYLINDRICAL_SURFACE('',#10778,0.000827823020917198);
#88=CYLINDRICAL_SURFACE('',#10780,0.000686946235794942);
#89=CYLINDRICAL_SURFACE('',#10782,0.000594304697156574);
#90=CYLINDRICAL_SURFACE('',#10784,0.000579116336056256);
#91=CYLINDRICAL_SURFACE('',#10786,0.000533452964854064);
#92=CYLINDRICAL_SURFACE('',#10788,0.000594231738021999);
#93=CYLINDRICAL_SURFACE('',#10790,0.000607965884018654);
#94=CYLINDRICAL_SURFACE('',#10792,0.000611531341457871);
#95=CYLINDRICAL_SURFACE('',#10794,0.000641792682911345);
#96=CYLINDRICAL_SURFACE('',#10796,0.000548394422445474);
#97=CYLINDRICAL_SURFACE('',#10798,0.000725085216125337);
#98=CYLINDRICAL_SURFACE('',#10800,0.000690953074202224);
#99=CYLINDRICAL_SURFACE('',#10802,0.000550682324619774);
#100=CYLINDRICAL_SURFACE('',#10804,0.000661542196583064);
#101=CYLINDRICAL_SURFACE('',#10806,0.00112682068451567);
#102=CYLINDRICAL_SURFACE('',#10808,0.000567679175538947);
#103=CYLINDRICAL_SURFACE('',#10810,0.00058837950956325);
#104=CYLINDRICAL_SURFACE('',#10812,0.00190895828612559);
#105=CYLINDRICAL_SURFACE('',#10814,0.000520215461674342);
#106=CYLINDRICAL_SURFACE('',#10817,0.000380483005404076);
#107=CYLINDRICAL_SURFACE('',#10819,0.00156668565419168);
#108=CYLINDRICAL_SURFACE('',#10821,0.000344421867929684);
#109=CYLINDRICAL_SURFACE('',#10823,0.000384504721043027);
#110=CYLINDRICAL_SURFACE('',#10825,0.000586237137988671);
#111=CYLINDRICAL_SURFACE('',#10827,0.000824950625152629);
#112=CYLINDRICAL_SURFACE('',#10829,1.42355930817797E-5);
#113=CYLINDRICAL_SURFACE('',#10831,1.6078483660065E-5);
#114=CYLINDRICAL_SURFACE('',#10843,0.00160139379666962);
#115=CYLINDRICAL_SURFACE('',#10845,0.00183001650975074);
#116=CYLINDRICAL_SURFACE('',#10847,0.0021570493053236);
#117=CYLINDRICAL_SURFACE('',#10849,0.00238108277853735);
#118=CYLINDRICAL_SURFACE('',#10852,0.0010559310119586);
#119=CYLINDRICAL_SURFACE('',#10854,0.00106136046289075);
#120=CYLINDRICAL_SURFACE('',#10856,0.00108244174082545);
#121=CYLINDRICAL_SURFACE('',#10858,0.00124949334854606);
#122=CYLINDRICAL_SURFACE('',#10860,0.001431510445782);
#123=CYLINDRICAL_SURFACE('',#10862,0.00142457024144285);
#124=CYLINDRICAL_SURFACE('',#10864,0.00190458812325344);
#125=CYLINDRICAL_SURFACE('',#10866,0.00100207328804375);
#126=CYLINDRICAL_SURFACE('',#10869,0.00162287839496597);
#127=CYLINDRICAL_SURFACE('',#10871,0.00176617451136939);
#128=CYLINDRICAL_SURFACE('',#10873,0.00180653309014322);
#129=CYLINDRICAL_SURFACE('',#10875,0.00222890732940771);
#130=CYLINDRICAL_SURFACE('',#10877,0.00227866745213217);
#131=CYLINDRICAL_SURFACE('',#10879,0.00228638107985606);
#132=CYLINDRICAL_SURFACE('',#10881,0.002251836833751);
#133=CYLINDRICAL_SURFACE('',#10883,0.000865177125055397);
#134=CYLINDRICAL_SURFACE('',#10885,0.00126795646137169);
#135=CYLINDRICAL_SURFACE('',#10887,0.00127432350500304);
#136=CYLINDRICAL_SURFACE('',#10889,0.0013744525770218);
#137=CYLINDRICAL_SURFACE('',#10891,0.00142135017726533);
#138=CYLINDRICAL_SURFACE('',#10893,0.0013457089030814);
#139=CYLINDRICAL_SURFACE('',#10895,0.00207993461884046);
#140=CYLINDRICAL_SURFACE('',#10897,0.00170659724573495);
#141=CYLINDRICAL_SURFACE('',#10899,0.00331132180366078);
#142=CYLINDRICAL_SURFACE('',#10904,0.00276381233298911);
#143=CYLINDRICAL_SURFACE('',#10906,0.00169725671316433);
#144=CYLINDRICAL_SURFACE('',#10908,0.00126944566481084);
#145=CYLINDRICAL_SURFACE('',#10910,0.00113075505664884);
#146=CYLINDRICAL_SURFACE('',#10912,0.00127877169198197);
#147=CYLINDRICAL_SURFACE('',#10923,0.00140493038282395);
#148=CYLINDRICAL_SURFACE('',#10925,0.00149009723977488);
#149=CYLINDRICAL_SURFACE('',#10927,0.0016437272610872);
#150=CYLINDRICAL_SURFACE('',#10929,0.00377394392019794);
#151=CYLINDRICAL_SURFACE('',#10931,0.00296028248572747);
#152=CYLINDRICAL_SURFACE('',#10933,0.00195359647712347);
#153=CYLINDRICAL_SURFACE('',#10935,0.0012099290691597);
#154=CYLINDRICAL_SURFACE('',#10938,0.00159220700440543);
#155=CYLINDRICAL_SURFACE('',#10940,0.00562420958405043);
#156=CYLINDRICAL_SURFACE('',#10942,0.00336757203938262);
#157=CYLINDRICAL_SURFACE('',#10944,0.00186432833496127);
#158=CYLINDRICAL_SURFACE('',#10946,0.000594843262131325);
#159=CYLINDRICAL_SURFACE('',#10948,0.00181612796710857);
#160=CYLINDRICAL_SURFACE('',#10950,0.0104683328430893);
#161=CYLINDRICAL_SURFACE('',#10952,0.0033537704878843);
#162=CYLINDRICAL_SURFACE('',#10954,0.00175929490944329);
#163=CYLINDRICAL_SURFACE('',#10956,0.00143310534716173);
#164=CYLINDRICAL_SURFACE('',#10958,0.00157003174272572);
#165=CYLINDRICAL_SURFACE('',#10960,0.00191143912638402);
#166=CYLINDRICAL_SURFACE('',#10962,0.00385025832794779);
#167=CYLINDRICAL_SURFACE('',#10964,0.00634890867118168);
#168=CYLINDRICAL_SURFACE('',#10967,0.00636421360957566);
#169=CYLINDRICAL_SURFACE('',#10969,0.000859284208911726);
#170=CYLINDRICAL_SURFACE('',#10971,0.000951022902520643);
#171=CYLINDRICAL_SURFACE('',#10973,0.000774611758672354);
#172=CYLINDRICAL_SURFACE('',#10975,0.00113398051036343);
#173=CYLINDRICAL_SURFACE('',#10977,0.00269740879923668);
#174=CYLINDRICAL_SURFACE('',#10979,0.000768275087291685);
#175=CYLINDRICAL_SURFACE('',#10981,0.000964277243327987);
#176=CYLINDRICAL_SURFACE('',#10983,0.000790694321848105);
#177=CYLINDRICAL_SURFACE('',#10985,0.000596162253117893);
#178=CYLINDRICAL_SURFACE('',#10987,0.00167151444570566);
#179=CYLINDRICAL_SURFACE('',#10989,0.00687460381670531);
#180=CYLINDRICAL_SURFACE('',#10991,0.00290815667054584);
#181=CYLINDRICAL_SURFACE('',#10993,0.00201089356759316);
#182=CYLINDRICAL_SURFACE('',#10995,0.00222968847446475);
#183=CYLINDRICAL_SURFACE('',#10997,0.00223073572860983);
#184=CYLINDRICAL_SURFACE('',#10999,0.00200948920557458);
#185=CYLINDRICAL_SURFACE('',#11001,0.00204829919704478);
#186=CYLINDRICAL_SURFACE('',#11003,0.00219273177909601);
#187=CYLINDRICAL_SURFACE('',#11005,0.00219169553740895);
#188=CYLINDRICAL_SURFACE('',#11007,0.00204980587536572);
#189=CYLINDRICAL_SURFACE('',#11025,0.00175886827430992);
#190=CYLINDRICAL_SURFACE('',#11027,0.00179621248455751);
#191=CYLINDRICAL_SURFACE('',#11032,0.001087972895265);
#192=CYLINDRICAL_SURFACE('',#11034,0.00122225507864899);
#193=CYLINDRICAL_SURFACE('',#11036,0.00195739627248951);
#194=CYLINDRICAL_SURFACE('',#11038,0.00177013198809421);
#195=CYLINDRICAL_SURFACE('',#11040,0.00175419069982123);
#196=CYLINDRICAL_SURFACE('',#11042,0.00207930034363136);
#197=CYLINDRICAL_SURFACE('',#11044,0.00250619881034509);
#198=CYLINDRICAL_SURFACE('',#11046,0.00241104561549463);
#199=CYLINDRICAL_SURFACE('',#11048,0.00202831529795821);
#200=CYLINDRICAL_SURFACE('',#11050,0.00179625456915431);
#201=CYLINDRICAL_SURFACE('',#11052,0.0018621296496271);
#202=CYLINDRICAL_SURFACE('',#11054,0.00189543176196455);
#203=CYLINDRICAL_SURFACE('',#11056,0.00172569637170916);
#204=CYLINDRICAL_SURFACE('',#11058,0.00203698050947621);
#205=CYLINDRICAL_SURFACE('',#11060,0.00253137095273061);
#206=CYLINDRICAL_SURFACE('',#11062,0.00240963026701607);
#207=CYLINDRICAL_SURFACE('',#11064,0.00198866404878868);
#208=CYLINDRICAL_SURFACE('',#11067,0.000482174483368455);
#209=CYLINDRICAL_SURFACE('',#11069,0.000678935904126575);
#210=CYLINDRICAL_SURFACE('',#11071,0.00267309776126253);
#211=CYLINDRICAL_SURFACE('',#11074,0.0023219714067599);
#212=CYLINDRICAL_SURFACE('',#11076,0.00362486676821274);
#213=CYLINDRICAL_SURFACE('',#11078,0.00722628015182543);
#214=CYLINDRICAL_SURFACE('',#11080,0.00364637664170361);
#215=CYLINDRICAL_SURFACE('',#11082,0.00159226177324874);
#216=CYLINDRICAL_SURFACE('',#11084,0.00122339475750688);
#217=CYLINDRICAL_SURFACE('',#11086,0.00181327522236766);
#218=CYLINDRICAL_SURFACE('',#11088,0.00375654077744168);
#219=CYLINDRICAL_SURFACE('',#11102,0.00491558289749944);
#220=CYLINDRICAL_SURFACE('',#11104,0.00127201631197007);
#221=CYLINDRICAL_SURFACE('',#11106,0.000672716234729339);
#222=CYLINDRICAL_SURFACE('',#11108,0.00131530698915669);
#223=CYLINDRICAL_SURFACE('',#11110,0.00192708456262385);
#224=CYLINDRICAL_SURFACE('',#11112,0.00152115411286712);
#225=CYLINDRICAL_SURFACE('',#11114,0.000497251113609798);
#226=CYLINDRICAL_SURFACE('',#11121,0.00150762736381615);
#227=CYLINDRICAL_SURFACE('',#11123,0.00203572969585763);
#228=CYLINDRICAL_SURFACE('',#11125,0.0022521045978275);
#229=CYLINDRICAL_SURFACE('',#11127,0.00141952045175987);
#230=CYLINDRICAL_SURFACE('',#11129,0.00270577867922507);
#231=CYLINDRICAL_SURFACE('',#11131,0.000919935129975745);
#232=CYLINDRICAL_SURFACE('',#11133,0.00164198170165173);
#233=CYLINDRICAL_SURFACE('',#11135,0.00257050639015996);
#234=CYLINDRICAL_SURFACE('',#11137,0.00184575048755996);
#235=CYLINDRICAL_SURFACE('',#11139,0.00294434408780002);
#236=CYLINDRICAL_SURFACE('',#11141,0.00335172705152145);
#237=CYLINDRICAL_SURFACE('',#11143,0.00225427992285389);
#238=CYLINDRICAL_SURFACE('',#11145,0.0015488353129787);
#239=CYLINDRICAL_SURFACE('',#11147,0.00203664237764817);
#240=CYLINDRICAL_SURFACE('',#11149,0.00174581676992769);
#241=CYLINDRICAL_SURFACE('',#11151,0.00118653757489152);
#242=CYLINDRICAL_SURFACE('',#11153,0.00567580214233597);
#243=CYLINDRICAL_SURFACE('',#11155,0.00578833043608925);
#244=CYLINDRICAL_SURFACE('',#11161,0.00168972755295244);
#245=CYLINDRICAL_SURFACE('',#11163,0.00193463615736721);
#246=CYLINDRICAL_SURFACE('',#11165,0.00142042143578132);
#247=CYLINDRICAL_SURFACE('',#11167,0.000571795817274105);
#248=CYLINDRICAL_SURFACE('',#11169,0.000538385985505694);
#249=CYLINDRICAL_SURFACE('',#11171,0.00110357985838778);
#250=CYLINDRICAL_SURFACE('',#11173,0.00215226275708921);
#251=CYLINDRICAL_SURFACE('',#11175,0.00460918017645806);
#252=CYLINDRICAL_SURFACE('',#11177,0.0052013269500087);
#253=CYLINDRICAL_SURFACE('',#11179,0.00511657667075246);
#254=CYLINDRICAL_SURFACE('',#11186,0.0073261457990672);
#255=CYLINDRICAL_SURFACE('',#11188,0.00418716120046281);
#256=CYLINDRICAL_SURFACE('',#11190,0.00245169496025126);
#257=CYLINDRICAL_SURFACE('',#11192,0.00127262871503314);
#258=CYLINDRICAL_SURFACE('',#11194,0.000404613006198719);
#259=CYLINDRICAL_SURFACE('',#11196,0.000317279610641491);
#260=CYLINDRICAL_SURFACE('',#11198,0.000303873798104819);
#261=CYLINDRICAL_SURFACE('',#11200,0.000288519043101877);
#262=CYLINDRICAL_SURFACE('',#11202,0.000422416133821827);
#263=CYLINDRICAL_SURFACE('',#11204,0.00177804500789205);
#264=CYLINDRICAL_SURFACE('',#11206,0.000872044892127575);
#265=CYLINDRICAL_SURFACE('',#11208,0.000355515950930135);
#266=CYLINDRICAL_SURFACE('',#11210,0.00207682335417957);
#267=CYLINDRICAL_SURFACE('',#11213,0.000495976746410136);
#268=CYLINDRICAL_SURFACE('',#11215,0.000830107867698496);
#269=CYLINDRICAL_SURFACE('',#11217,0.00130812973451328);
#270=CYLINDRICAL_SURFACE('',#11219,0.00082782302091735);
#271=CYLINDRICAL_SURFACE('',#11221,0.000686946235794939);
#272=CYLINDRICAL_SURFACE('',#11223,0.000594304697152336);
#273=CYLINDRICAL_SURFACE('',#11225,0.00057179581727407);
#274=CYLINDRICAL_SURFACE('',#11227,0.000538385985501634);
#275=CYLINDRICAL_SURFACE('',#11229,0.00110357985838806);
#276=CYLINDRICAL_SURFACE('',#11231,0.00215226275652438);
#277=CYLINDRICAL_SURFACE('',#11233,0.00460918017645856);
#278=CYLINDRICAL_SURFACE('',#11235,0.00520132695000487);
#279=CYLINDRICAL_SURFACE('',#11237,0.00511657667075354);
#280=CYLINDRICAL_SURFACE('',#11244,0.00732614579905527);
#281=CYLINDRICAL_SURFACE('',#11246,0.00418716120046287);
#282=CYLINDRICAL_SURFACE('',#11248,0.00245169495714839);
#283=CYLINDRICAL_SURFACE('',#11250,0.00127262871503249);
#284=CYLINDRICAL_SURFACE('',#11252,0.000404613006175161);
#285=CYLINDRICAL_SURFACE('',#11254,0.000317279610641474);
#286=CYLINDRICAL_SURFACE('',#11256,0.000303873798104787);
#287=CYLINDRICAL_SURFACE('',#11258,0.000288519043101881);
#288=CYLINDRICAL_SURFACE('',#11260,0.000422416133821807);
#289=CYLINDRICAL_SURFACE('',#11262,0.00177804500789229);
#290=CYLINDRICAL_SURFACE('',#11264,0.000872044892128127);
#291=CYLINDRICAL_SURFACE('',#11266,0.000355515950930127);
#292=CYLINDRICAL_SURFACE('',#11268,0.0020768233541795);
#293=CYLINDRICAL_SURFACE('',#11271,0.000495976746407631);
#294=CYLINDRICAL_SURFACE('',#11273,0.000830107867698499);
#295=CYLINDRICAL_SURFACE('',#11275,0.00130812973519509);
#296=CYLINDRICAL_SURFACE('',#11277,0.000827823020917331);
#297=CYLINDRICAL_SURFACE('',#11279,0.000686946235794946);
#298=CYLINDRICAL_SURFACE('',#11281,0.000594304697156565);
#299=CYLINDRICAL_SURFACE('',#11286,0.000696179974104292);
#300=CYLINDRICAL_SURFACE('',#11288,0.000697227532176189);
#301=CYLINDRICAL_SURFACE('',#11290,0.000621802507210064);
#302=CYLINDRICAL_SURFACE('',#11292,0.000841901199667867);
#303=CYLINDRICAL_SURFACE('',#11294,0.00157405127454988);
#304=CYLINDRICAL_SURFACE('',#11296,0.00158746429158317);
#305=CYLINDRICAL_SURFACE('',#11298,0.000841647856802287);
#306=CYLINDRICAL_SURFACE('',#11300,0.000610148684135236);
#307=CYLINDRICAL_SURFACE('',#11302,0.000709207949826415);
#308=CYLINDRICAL_SURFACE('',#11304,0.000708137386689967);
#309=CYLINDRICAL_SURFACE('',#11306,0.00060160275593062);
#310=CYLINDRICAL_SURFACE('',#11308,0.000849818545028571);
#311=CYLINDRICAL_SURFACE('',#11310,0.00159368071432398);
#312=CYLINDRICAL_SURFACE('',#11312,0.00158021335928858);
#313=CYLINDRICAL_SURFACE('',#11314,0.000850079319996178);
#314=CYLINDRICAL_SURFACE('',#11319,0.000696179974104303);
#315=CYLINDRICAL_SURFACE('',#11321,0.000697227532176309);
#316=CYLINDRICAL_SURFACE('',#11323,0.000621802507210526);
#317=CYLINDRICAL_SURFACE('',#11325,0.000841901199667889);
#318=CYLINDRICAL_SURFACE('',#11327,0.0015740512745501);
#319=CYLINDRICAL_SURFACE('',#11329,0.00158746429157404);
#320=CYLINDRICAL_SURFACE('',#11331,0.000841647856802329);
#321=CYLINDRICAL_SURFACE('',#11333,0.00061014868413513);
#322=CYLINDRICAL_SURFACE('',#11335,0.000709207949826539);
#323=CYLINDRICAL_SURFACE('',#11337,0.000708137386689976);
#324=CYLINDRICAL_SURFACE('',#11339,0.000601602755931411);
#325=CYLINDRICAL_SURFACE('',#11341,0.00084981854502869);
#326=CYLINDRICAL_SURFACE('',#11343,0.00159368071432395);
#327=CYLINDRICAL_SURFACE('',#11345,0.00158021335928861);
#328=CYLINDRICAL_SURFACE('',#11347,0.00085007931997485);
#329=CYLINDRICAL_SURFACE('',#11349,0.000571795817271303);
#330=CYLINDRICAL_SURFACE('',#11351,0.000538385985505602);
#331=CYLINDRICAL_SURFACE('',#11353,0.00110357985838747);
#332=CYLINDRICAL_SURFACE('',#11355,0.00215226275708919);
#333=CYLINDRICAL_SURFACE('',#11357,0.00460918017645939);
#334=CYLINDRICAL_SURFACE('',#11359,0.00520132694319584);
#335=CYLINDRICAL_SURFACE('',#11361,0.0051165766707367);
#336=CYLINDRICAL_SURFACE('',#11368,0.00732614579317771);
#337=CYLINDRICAL_SURFACE('',#11370,0.00418716119897075);
#338=CYLINDRICAL_SURFACE('',#11372,0.00245169496024825);
#339=CYLINDRICAL_SURFACE('',#11374,0.00127262871503305);
#340=CYLINDRICAL_SURFACE('',#11376,0.000404613006167978);
#341=CYLINDRICAL_SURFACE('',#11378,0.000317279610641512);
#342=CYLINDRICAL_SURFACE('',#11380,0.000303873798104885);
#343=CYLINDRICAL_SURFACE('',#11382,0.000288519043101995);
#344=CYLINDRICAL_SURFACE('',#11384,0.000422416133821818);
#345=CYLINDRICAL_SURFACE('',#11386,0.00177804500789391);
#346=CYLINDRICAL_SURFACE('',#11388,0.000872044892127899);
#347=CYLINDRICAL_SURFACE('',#11390,0.000355515950930112);
#348=CYLINDRICAL_SURFACE('',#11392,0.0020768233541817);
#349=CYLINDRICAL_SURFACE('',#11395,0.000495976746410416);
#350=CYLINDRICAL_SURFACE('',#11397,0.000830107867651383);
#351=CYLINDRICAL_SURFACE('',#11399,0.00130812973519462);
#352=CYLINDRICAL_SURFACE('',#11401,0.000827823020917561);
#353=CYLINDRICAL_SURFACE('',#11403,0.000686946235755344);
#354=CYLINDRICAL_SURFACE('',#11405,0.000594304697156877);
#355=CYLINDRICAL_SURFACE('',#11416,0.000543179465109145);
#356=CYLINDRICAL_SURFACE('',#11419,0.00182425566032312);
#357=CYLINDRICAL_SURFACE('',#11421,0.00103592044086051);
#358=CYLINDRICAL_SURFACE('',#11424,0.00158416089024876);
#359=CYLINDRICAL_SURFACE('',#11429,0.00181326970293528);
#360=CYLINDRICAL_SURFACE('',#11432,0.00943303694765007);
#361=CYLINDRICAL_SURFACE('',#11434,0.00175601273752122);
#362=CYLINDRICAL_SURFACE('',#11436,0.000543179465108719);
#363=CYLINDRICAL_SURFACE('',#11438,0.000543179465108995);
#364=CYLINDRICAL_SURFACE('',#11441,0.000612997787422547);
#365=CYLINDRICAL_SURFACE('',#11444,0.000612997787423162);
#366=CYLINDRICAL_SURFACE('',#11446,0.000543179465108637);
#367=CYLINDRICAL_SURFACE('',#11458,0.00145);
#368=CYLINDRICAL_SURFACE('',#11460,0.00145);
#369=CYLINDRICAL_SURFACE('',#11462,0.00145);
#370=CYLINDRICAL_SURFACE('',#11466,0.00145);
#371=CYLINDRICAL_SURFACE('',#11467,0.001);
#372=CYLINDRICAL_SURFACE('',#11470,0.001);
#373=CYLINDRICAL_SURFACE('',#11473,0.001);
#374=CYLINDRICAL_SURFACE('',#11476,0.001);
#375=CYLINDRICAL_SURFACE('',#11485,0.001);
#376=CYLINDRICAL_SURFACE('',#11494,0.001);
#377=CYLINDRICAL_SURFACE('',#11496,0.001);
#378=CYLINDRICAL_SURFACE('',#11498,0.001);
#379=CYLINDRICAL_SURFACE('',#11500,0.001);
#380=CYLINDRICAL_SURFACE('',#11506,0.001);
#381=CYLINDRICAL_SURFACE('',#11508,0.001);
#382=CYLINDRICAL_SURFACE('',#11512,0.001);
#383=CYLINDRICAL_SURFACE('',#11515,0.001);
#384=CYLINDRICAL_SURFACE('',#11516,0.001);
#385=B_SPLINE_CURVE_WITH_KNOTS('',2,(#14802,#14803,#14804),
 .UNSPECIFIED.,.F.,.F.,(3,3),(0.,1.),.PIECEWISE_BEZIER_KNOTS.);
#386=B_SPLINE_CURVE_WITH_KNOTS('',2,(#14832,#14833,#14834),
 .UNSPECIFIED.,.F.,.F.,(3,3),(0.,1.),.PIECEWISE_BEZIER_KNOTS.);
#387=B_SPLINE_CURVE_WITH_KNOTS('',2,(#14836,#14837,#14838),
 .UNSPECIFIED.,.F.,.F.,(3,3),(0.,1.),.PIECEWISE_BEZIER_KNOTS.);
#388=B_SPLINE_CURVE_WITH_KNOTS('',2,(#14854,#14855,#14856),
 .UNSPECIFIED.,.F.,.F.,(3,3),(0.,1.),.PIECEWISE_BEZIER_KNOTS.);
#389=B_SPLINE_CURVE_WITH_KNOTS('',2,(#14904,#14905,#14906),
 .UNSPECIFIED.,.F.,.F.,(3,3),(0.,1.),.PIECEWISE_BEZIER_KNOTS.);
#390=B_SPLINE_CURVE_WITH_KNOTS('',2,(#14936,#14937,#14938),
 .UNSPECIFIED.,.F.,.F.,(3,3),(0.,1.),.PIECEWISE_BEZIER_KNOTS.);
#391=B_SPLINE_CURVE_WITH_KNOTS('',2,(#14948,#14949,#14950),
 .UNSPECIFIED.,.F.,.F.,(3,3),(0.,1.),.PIECEWISE_BEZIER_KNOTS.);
#392=B_SPLINE_CURVE_WITH_KNOTS('',2,(#14974,#14975,#14976),
 .UNSPECIFIED.,.F.,.F.,(3,3),(0.,1.),.PIECEWISE_BEZIER_KNOTS.);
#393=B_SPLINE_CURVE_WITH_KNOTS('',2,(#14978,#14979,#14980),
 .UNSPECIFIED.,.F.,.F.,(3,3),(0.,1.),.PIECEWISE_BEZIER_KNOTS.);
#394=B_SPLINE_CURVE_WITH_KNOTS('',2,(#15007,#15008,#15009),
 .UNSPECIFIED.,.F.,.F.,(3,3),(0.,1.),.PIECEWISE_BEZIER_KNOTS.);
#395=B_SPLINE_CURVE_WITH_KNOTS('',2,(#15020,#15021,#15022),
 .UNSPECIFIED.,.F.,.F.,(3,3),(0.,1.),.PIECEWISE_BEZIER_KNOTS.);
#396=B_SPLINE_CURVE_WITH_KNOTS('',2,(#15048,#15049,#15050),
 .UNSPECIFIED.,.F.,.F.,(3,3),(0.,1.),.PIECEWISE_BEZIER_KNOTS.);
#397=B_SPLINE_CURVE_WITH_KNOTS('',2,(#15060,#15061,#15062),
 .UNSPECIFIED.,.F.,.F.,(3,3),(0.,1.),.PIECEWISE_BEZIER_KNOTS.);
#398=B_SPLINE_CURVE_WITH_KNOTS('',2,(#15064,#15065,#15066),
 .UNSPECIFIED.,.F.,.F.,(3,3),(0.,1.),.PIECEWISE_BEZIER_KNOTS.);
#399=B_SPLINE_CURVE_WITH_KNOTS('',2,(#15078,#15079,#15080),
 .UNSPECIFIED.,.F.,.F.,(3,3),(0.,1.),.PIECEWISE_BEZIER_KNOTS.);
#400=B_SPLINE_CURVE_WITH_KNOTS('',2,(#15082,#15083,#15084),
 .UNSPECIFIED.,.F.,.F.,(3,3),(0.,1.),.PIECEWISE_BEZIER_KNOTS.);
#401=B_SPLINE_CURVE_WITH_KNOTS('',2,(#15104,#15105,#15106),
 .UNSPECIFIED.,.F.,.F.,(3,3),(0.,1.),.PIECEWISE_BEZIER_KNOTS.);
#402=B_SPLINE_CURVE_WITH_KNOTS('',2,(#15113,#15114,#15115),
 .UNSPECIFIED.,.F.,.F.,(3,3),(0.,1.),.PIECEWISE_BEZIER_KNOTS.);
#403=B_SPLINE_CURVE_WITH_KNOTS('',2,(#15118,#15119,#15120),
 .UNSPECIFIED.,.F.,.F.,(3,3),(0.,1.),.PIECEWISE_BEZIER_KNOTS.);
#404=B_SPLINE_CURVE_WITH_KNOTS('',2,(#15130,#15131,#15132),
 .UNSPECIFIED.,.F.,.F.,(3,3),(0.,1.),.PIECEWISE_BEZIER_KNOTS.);
#405=B_SPLINE_CURVE_WITH_KNOTS('',2,(#15134,#15135,#15136),
 .UNSPECIFIED.,.F.,.F.,(3,3),(0.,1.),.PIECEWISE_BEZIER_KNOTS.);
#406=B_SPLINE_CURVE_WITH_KNOTS('',2,(#15138,#15139,#15140),
 .UNSPECIFIED.,.F.,.F.,(3,3),(0.,1.),.PIECEWISE_BEZIER_KNOTS.);
#407=B_SPLINE_CURVE_WITH_KNOTS('',2,(#15142,#15143,#15144),
 .UNSPECIFIED.,.F.,.F.,(3,3),(0.,1.),.PIECEWISE_BEZIER_KNOTS.);
#408=B_SPLINE_CURVE_WITH_KNOTS('',2,(#15154,#15155,#15156),
 .UNSPECIFIED.,.F.,.F.,(3,3),(0.,1.),.PIECEWISE_BEZIER_KNOTS.);
#409=B_SPLINE_CURVE_WITH_KNOTS('',2,(#15158,#15159,#15160),
 .UNSPECIFIED.,.F.,.F.,(3,3),(0.,1.),.PIECEWISE_BEZIER_KNOTS.);
#410=B_SPLINE_CURVE_WITH_KNOTS('',2,(#15198,#15199,#15200),
 .UNSPECIFIED.,.F.,.F.,(3,3),(0.,1.),.PIECEWISE_BEZIER_KNOTS.);
#411=B_SPLINE_CURVE_WITH_KNOTS('',2,(#15202,#15203,#15204),
 .UNSPECIFIED.,.F.,.F.,(3,3),(0.,1.),.PIECEWISE_BEZIER_KNOTS.);
#412=B_SPLINE_CURVE_WITH_KNOTS('',2,(#15206,#15207,#15208),
 .UNSPECIFIED.,.F.,.F.,(3,3),(0.,1.),.PIECEWISE_BEZIER_KNOTS.);
#413=B_SPLINE_CURVE_WITH_KNOTS('',2,(#15214,#15215,#15216),
 .UNSPECIFIED.,.F.,.F.,(3,3),(0.,1.),.PIECEWISE_BEZIER_KNOTS.);
#414=B_SPLINE_CURVE_WITH_KNOTS('',2,(#15218,#15219,#15220),
 .UNSPECIFIED.,.F.,.F.,(3,3),(0.,1.),.PIECEWISE_BEZIER_KNOTS.);
#415=B_SPLINE_CURVE_WITH_KNOTS('',2,(#15222,#15223,#15224),
 .UNSPECIFIED.,.F.,.F.,(3,3),(0.,1.),.PIECEWISE_BEZIER_KNOTS.);
#416=B_SPLINE_CURVE_WITH_KNOTS('',2,(#15232,#15233,#15234),
 .UNSPECIFIED.,.F.,.F.,(3,3),(0.,1.),.PIECEWISE_BEZIER_KNOTS.);
#417=B_SPLINE_CURVE_WITH_KNOTS('',2,(#15236,#15237,#15238),
 .UNSPECIFIED.,.F.,.F.,(3,3),(0.,1.),.PIECEWISE_BEZIER_KNOTS.);
#418=B_SPLINE_CURVE_WITH_KNOTS('',2,(#15242,#15243,#15244),
 .UNSPECIFIED.,.F.,.F.,(3,3),(0.,1.),.PIECEWISE_BEZIER_KNOTS.);
#419=B_SPLINE_CURVE_WITH_KNOTS('',2,(#15246,#15247,#15248),
 .UNSPECIFIED.,.F.,.F.,(3,3),(0.,1.),.PIECEWISE_BEZIER_KNOTS.);
#420=B_SPLINE_CURVE_WITH_KNOTS('',2,(#15252,#15253,#15254),
 .UNSPECIFIED.,.F.,.F.,(3,3),(0.,1.),.PIECEWISE_BEZIER_KNOTS.);
#421=B_SPLINE_CURVE_WITH_KNOTS('',2,(#15256,#15257,#15258),
 .UNSPECIFIED.,.F.,.F.,(3,3),(0.,1.),.PIECEWISE_BEZIER_KNOTS.);
#422=B_SPLINE_CURVE_WITH_KNOTS('',2,(#15322,#15323,#15324),
 .UNSPECIFIED.,.F.,.F.,(3,3),(0.,1.),.PIECEWISE_BEZIER_KNOTS.);
#423=B_SPLINE_CURVE_WITH_KNOTS('',2,(#15344,#15345,#15346),
 .UNSPECIFIED.,.F.,.F.,(3,3),(0.,1.),.PIECEWISE_BEZIER_KNOTS.);
#424=B_SPLINE_CURVE_WITH_KNOTS('',2,(#15360,#15361,#15362),
 .UNSPECIFIED.,.F.,.F.,(3,3),(0.,1.),.PIECEWISE_BEZIER_KNOTS.);
#425=B_SPLINE_CURVE_WITH_KNOTS('',2,(#15390,#15391,#15392),
 .UNSPECIFIED.,.F.,.F.,(3,3),(0.,1.),.PIECEWISE_BEZIER_KNOTS.);
#426=B_SPLINE_CURVE_WITH_KNOTS('',2,(#15414,#15415,#15416),
 .UNSPECIFIED.,.F.,.F.,(3,3),(0.,1.),.PIECEWISE_BEZIER_KNOTS.);
#427=B_SPLINE_CURVE_WITH_KNOTS('',2,(#15430,#15431,#15432),
 .UNSPECIFIED.,.F.,.F.,(3,3),(0.,1.),.PIECEWISE_BEZIER_KNOTS.);
#428=B_SPLINE_CURVE_WITH_KNOTS('',2,(#15440,#15441,#15442),
 .UNSPECIFIED.,.F.,.F.,(3,3),(0.,1.),.PIECEWISE_BEZIER_KNOTS.);
#429=B_SPLINE_CURVE_WITH_KNOTS('',2,(#16019,#16020,#16021),
 .UNSPECIFIED.,.F.,.F.,(3,3),(0.,1.),.PIECEWISE_BEZIER_KNOTS.);
#430=B_SPLINE_CURVE_WITH_KNOTS('',2,(#16060,#16061,#16062),
 .UNSPECIFIED.,.F.,.F.,(3,3),(0.,1.),.PIECEWISE_BEZIER_KNOTS.);
#431=B_SPLINE_CURVE_WITH_KNOTS('',2,(#16073,#16074,#16075),
 .UNSPECIFIED.,.F.,.F.,(3,3),(0.,1.),.PIECEWISE_BEZIER_KNOTS.);
#432=B_SPLINE_CURVE_WITH_KNOTS('',2,(#16186,#16187,#16188),
 .UNSPECIFIED.,.F.,.F.,(3,3),(0.,1.),.PIECEWISE_BEZIER_KNOTS.);
#433=B_SPLINE_CURVE_WITH_KNOTS('',2,(#16255,#16256,#16257),
 .UNSPECIFIED.,.F.,.F.,(3,3),(0.,1.),.PIECEWISE_BEZIER_KNOTS.);
#434=B_SPLINE_CURVE_WITH_KNOTS('',2,(#16310,#16311,#16312),
 .UNSPECIFIED.,.F.,.F.,(3,3),(0.,1.),.PIECEWISE_BEZIER_KNOTS.);
#435=B_SPLINE_CURVE_WITH_KNOTS('',2,(#16323,#16324,#16325),
 .UNSPECIFIED.,.F.,.F.,(3,3),(0.,1.),.PIECEWISE_BEZIER_KNOTS.);
#436=B_SPLINE_CURVE_WITH_KNOTS('',2,(#16380,#16381,#16382),
 .UNSPECIFIED.,.F.,.F.,(3,3),(0.,1.),.PIECEWISE_BEZIER_KNOTS.);
#437=B_SPLINE_CURVE_WITH_KNOTS('',2,(#16439,#16440,#16441),
 .UNSPECIFIED.,.F.,.F.,(3,3),(0.,1.),.PIECEWISE_BEZIER_KNOTS.);
#438=B_SPLINE_CURVE_WITH_KNOTS('',2,(#16466,#16467,#16468),
 .UNSPECIFIED.,.F.,.F.,(3,3),(0.,1.),.PIECEWISE_BEZIER_KNOTS.);
#439=B_SPLINE_CURVE_WITH_KNOTS('',2,(#16515,#16516,#16517),
 .UNSPECIFIED.,.F.,.F.,(3,3),(0.,1.),.PIECEWISE_BEZIER_KNOTS.);
#440=B_SPLINE_CURVE_WITH_KNOTS('',2,(#16528,#16529,#16530),
 .UNSPECIFIED.,.F.,.F.,(3,3),(0.,1.),.PIECEWISE_BEZIER_KNOTS.);
#441=B_SPLINE_CURVE_WITH_KNOTS('',2,(#16561,#16562,#16563),
 .UNSPECIFIED.,.F.,.F.,(3,3),(0.,1.),.PIECEWISE_BEZIER_KNOTS.);
#442=B_SPLINE_CURVE_WITH_KNOTS('',2,(#16574,#16575,#16576),
 .UNSPECIFIED.,.F.,.F.,(3,3),(0.,1.),.PIECEWISE_BEZIER_KNOTS.);
#443=B_SPLINE_CURVE_WITH_KNOTS('',2,(#16603,#16604,#16605),
 .UNSPECIFIED.,.F.,.F.,(3,3),(0.,1.),.PIECEWISE_BEZIER_KNOTS.);
#444=B_SPLINE_CURVE_WITH_KNOTS('',2,(#16664,#16665,#16666),
 .UNSPECIFIED.,.F.,.F.,(3,3),(0.,1.),.PIECEWISE_BEZIER_KNOTS.);
#445=B_SPLINE_CURVE_WITH_KNOTS('',2,(#16689,#16690,#16691),
 .UNSPECIFIED.,.F.,.F.,(3,3),(0.,1.),.PIECEWISE_BEZIER_KNOTS.);
#446=B_SPLINE_CURVE_WITH_KNOTS('',2,(#16704,#16705,#16706),
 .UNSPECIFIED.,.F.,.F.,(3,3),(0.,1.),.PIECEWISE_BEZIER_KNOTS.);
#447=B_SPLINE_CURVE_WITH_KNOTS('',2,(#16717,#16718,#16719),
 .UNSPECIFIED.,.F.,.F.,(3,3),(0.,1.),.PIECEWISE_BEZIER_KNOTS.);
#448=B_SPLINE_CURVE_WITH_KNOTS('',2,(#16746,#16747,#16748),
 .UNSPECIFIED.,.F.,.F.,(3,3),(0.,1.),.PIECEWISE_BEZIER_KNOTS.);
#449=B_SPLINE_CURVE_WITH_KNOTS('',2,(#16759,#16760,#16761),
 .UNSPECIFIED.,.F.,.F.,(3,3),(0.,1.),.PIECEWISE_BEZIER_KNOTS.);
#450=B_SPLINE_CURVE_WITH_KNOTS('',2,(#16772,#16773,#16774),
 .UNSPECIFIED.,.F.,.F.,(3,3),(0.,1.),.PIECEWISE_BEZIER_KNOTS.);
#451=B_SPLINE_CURVE_WITH_KNOTS('',2,(#16785,#16786,#16787),
 .UNSPECIFIED.,.F.,.F.,(3,3),(0.,1.),.PIECEWISE_BEZIER_KNOTS.);
#452=B_SPLINE_CURVE_WITH_KNOTS('',2,(#16884,#16885,#16886),
 .UNSPECIFIED.,.F.,.F.,(3,3),(0.,1.),.PIECEWISE_BEZIER_KNOTS.);
#453=B_SPLINE_CURVE_WITH_KNOTS('',2,(#16897,#16898,#16899),
 .UNSPECIFIED.,.F.,.F.,(3,3),(0.,1.),.PIECEWISE_BEZIER_KNOTS.);
#454=B_SPLINE_CURVE_WITH_KNOTS('',2,(#16914,#16915,#16916),
 .UNSPECIFIED.,.F.,.F.,(3,3),(0.,1.),.PIECEWISE_BEZIER_KNOTS.);
#455=B_SPLINE_CURVE_WITH_KNOTS('',2,(#16927,#16928,#16929),
 .UNSPECIFIED.,.F.,.F.,(3,3),(0.,1.),.PIECEWISE_BEZIER_KNOTS.);
#456=B_SPLINE_CURVE_WITH_KNOTS('',2,(#16944,#16945,#16946),
 .UNSPECIFIED.,.F.,.F.,(3,3),(0.,1.),.PIECEWISE_BEZIER_KNOTS.);
#457=B_SPLINE_CURVE_WITH_KNOTS('',2,(#16957,#16958,#16959),
 .UNSPECIFIED.,.F.,.F.,(3,3),(0.,1.),.PIECEWISE_BEZIER_KNOTS.);
#458=B_SPLINE_CURVE_WITH_KNOTS('',2,(#16982,#16983,#16984),
 .UNSPECIFIED.,.F.,.F.,(3,3),(0.,1.),.PIECEWISE_BEZIER_KNOTS.);
#459=B_SPLINE_CURVE_WITH_KNOTS('',2,(#16995,#16996,#16997),
 .UNSPECIFIED.,.F.,.F.,(3,3),(0.,1.),.PIECEWISE_BEZIER_KNOTS.);
#460=B_SPLINE_CURVE_WITH_KNOTS('',2,(#17008,#17009,#17010),
 .UNSPECIFIED.,.F.,.F.,(3,3),(0.,1.),.PIECEWISE_BEZIER_KNOTS.);
#461=B_SPLINE_CURVE_WITH_KNOTS('',2,(#17029,#17030,#17031),
 .UNSPECIFIED.,.F.,.F.,(3,3),(0.,1.),.PIECEWISE_BEZIER_KNOTS.);
#462=B_SPLINE_CURVE_WITH_KNOTS('',2,(#17042,#17043,#17044),
 .UNSPECIFIED.,.F.,.F.,(3,3),(0.,1.),.PIECEWISE_BEZIER_KNOTS.);
#463=B_SPLINE_CURVE_WITH_KNOTS('',2,(#17055,#17056,#17057),
 .UNSPECIFIED.,.F.,.F.,(3,3),(0.,1.),.PIECEWISE_BEZIER_KNOTS.);
#464=B_SPLINE_CURVE_WITH_KNOTS('',2,(#17136,#17137,#17138),
 .UNSPECIFIED.,.F.,.F.,(3,3),(0.,1.),.PIECEWISE_BEZIER_KNOTS.);
#465=B_SPLINE_CURVE_WITH_KNOTS('',2,(#17185,#17186,#17187),
 .UNSPECIFIED.,.F.,.F.,(3,3),(0.,1.),.PIECEWISE_BEZIER_KNOTS.);
#466=B_SPLINE_CURVE_WITH_KNOTS('',2,(#17272,#17273,#17274),
 .UNSPECIFIED.,.F.,.F.,(3,3),(0.,1.),.PIECEWISE_BEZIER_KNOTS.);
#467=B_SPLINE_CURVE_WITH_KNOTS('',2,(#17337,#17338,#17339),
 .UNSPECIFIED.,.F.,.F.,(3,3),(0.,1.),.PIECEWISE_BEZIER_KNOTS.);
#468=B_SPLINE_CURVE_WITH_KNOTS('',2,(#17388,#17389,#17390),
 .UNSPECIFIED.,.F.,.F.,(3,3),(0.,1.),.PIECEWISE_BEZIER_KNOTS.);
#469=B_SPLINE_CURVE_WITH_KNOTS('',2,(#17413,#17414,#17415),
 .UNSPECIFIED.,.F.,.F.,(3,3),(0.,1.),.PIECEWISE_BEZIER_KNOTS.);
#470=B_SPLINE_CURVE_WITH_KNOTS('',2,(#17450,#17451,#17452),
 .UNSPECIFIED.,.F.,.F.,(3,3),(0.,1.),.PIECEWISE_BEZIER_KNOTS.);
#471=B_SPLINE_CURVE_WITH_KNOTS('',2,(#18037,#18038,#18039),
 .UNSPECIFIED.,.F.,.F.,(3,3),(0.,1.),.PIECEWISE_BEZIER_KNOTS.);
#472=B_SPLINE_CURVE_WITH_KNOTS('',2,(#18058,#18059,#18060),
 .UNSPECIFIED.,.F.,.F.,(3,3),(0.,1.),.PIECEWISE_BEZIER_KNOTS.);
#473=CIRCLE('',#10394,0.001);
#474=CIRCLE('',#10395,0.001);
#475=CIRCLE('',#10396,0.000571795817274067);
#476=CIRCLE('',#10397,0.000543179465109145);
#477=CIRCLE('',#10398,0.000594304697156574);
#478=CIRCLE('',#10399,0.000686946235794942);
#479=CIRCLE('',#10400,0.000827823020917198);
#480=CIRCLE('',#10401,0.00130812973443804);
#481=CIRCLE('',#10402,0.000830680547298887);
#482=CIRCLE('',#10403,0.000495976746410278);
#483=CIRCLE('',#10404,0.00207682335179622);
#484=CIRCLE('',#10405,0.000355515950930118);
#485=CIRCLE('',#10406,0.000872044892127914);
#486=CIRCLE('',#10407,0.00177804500789394);
#487=CIRCLE('',#10408,0.000422416133821876);
#488=CIRCLE('',#10409,0.00028851904310188);
#489=CIRCLE('',#10410,0.00030387379810481);
#490=CIRCLE('',#10411,0.000317279610641529);
#491=CIRCLE('',#10412,0.000404613006198759);
#492=CIRCLE('',#10413,0.00127262871503278);
#493=CIRCLE('',#10414,0.00245169495711481);
#494=CIRCLE('',#10415,0.00418716119896889);
#495=CIRCLE('',#10416,0.00732614579321337);
#496=CIRCLE('',#10417,0.00511657667076222);
#497=CIRCLE('',#10418,0.00520132695001914);
#498=CIRCLE('',#10419,0.00460918017530529);
#499=CIRCLE('',#10420,0.00215226275649768);
#500=CIRCLE('',#10421,0.00110357985838763);
#501=CIRCLE('',#10422,0.000538385985505701);
#502=CIRCLE('',#10423,0.000579116336056256);
#503=CIRCLE('',#10424,1.6078483660065E-5);
#504=CIRCLE('',#10425,1.42355930817797E-5);
#505=CIRCLE('',#10426,0.000824950625152629);
#506=CIRCLE('',#10427,0.000586237137988671);
#507=CIRCLE('',#10428,0.000384504721043027);
#508=CIRCLE('',#10429,0.000344421867929684);
#509=CIRCLE('',#10430,0.00156668565419168);
#510=CIRCLE('',#10431,0.000380483005404076);
#511=CIRCLE('',#10432,0.000520215461674342);
#512=CIRCLE('',#10433,0.00190895828612559);
#513=CIRCLE('',#10434,0.00058837950956325);
#514=CIRCLE('',#10435,0.000567679175538947);
#515=CIRCLE('',#10436,0.00112682068451567);
#516=CIRCLE('',#10437,0.000661542196583064);
#517=CIRCLE('',#10438,0.000550682324619774);
#518=CIRCLE('',#10439,0.000690953074202224);
#519=CIRCLE('',#10440,0.000725085216125337);
#520=CIRCLE('',#10441,0.000548394422445474);
#521=CIRCLE('',#10442,0.000641792682911345);
#522=CIRCLE('',#10443,0.000611531341457871);
#523=CIRCLE('',#10444,0.000607965884018654);
#524=CIRCLE('',#10445,0.000594231738021999);
#525=CIRCLE('',#10446,0.000533452964854064);
#526=CIRCLE('',#10447,0.00160139379666962);
#527=CIRCLE('',#10448,0.00182425566032312);
#528=CIRCLE('',#10449,0.002251836833751);
#529=CIRCLE('',#10450,0.00228638107985606);
#530=CIRCLE('',#10451,0.00227866745213217);
#531=CIRCLE('',#10452,0.00222890732940771);
#532=CIRCLE('',#10453,0.00180653309014322);
#533=CIRCLE('',#10454,0.00176617451136939);
#534=CIRCLE('',#10455,0.00162287839496597);
#535=CIRCLE('',#10456,0.00100207328804375);
#536=CIRCLE('',#10457,0.00190458812325344);
#537=CIRCLE('',#10458,0.00142457024144285);
#538=CIRCLE('',#10459,0.001431510445782);
#539=CIRCLE('',#10460,0.00124949334854606);
#540=CIRCLE('',#10461,0.00108244174082545);
#541=CIRCLE('',#10462,0.00106136046289075);
#542=CIRCLE('',#10463,0.0010559310119586);
#543=CIRCLE('',#10464,0.00238108277853735);
#544=CIRCLE('',#10465,0.0021570493053236);
#545=CIRCLE('',#10466,0.00183001650975074);
#546=CIRCLE('',#10467,0.000865177125055397);
#547=CIRCLE('',#10468,0.00103592044086051);
#548=CIRCLE('',#10469,0.00127877169198197);
#549=CIRCLE('',#10470,0.00113075505664884);
#550=CIRCLE('',#10471,0.00126944566481084);
#551=CIRCLE('',#10472,0.00169725671316433);
#552=CIRCLE('',#10473,0.00276381233298911);
#553=CIRCLE('',#10474,0.00331132180366078);
#554=CIRCLE('',#10475,0.00170659724573495);
#555=CIRCLE('',#10476,0.00207993461884046);
#556=CIRCLE('',#10477,0.0013457089030814);
#557=CIRCLE('',#10478,0.00142135017726533);
#558=CIRCLE('',#10479,0.0013744525770218);
#559=CIRCLE('',#10480,0.00127432350500304);
#560=CIRCLE('',#10481,0.00126795646137169);
#561=CIRCLE('',#10482,0.00158416089024876);
#562=CIRCLE('',#10483,0.00290815667054584);
#563=CIRCLE('',#10484,0.00687460381670531);
#564=CIRCLE('',#10485,0.00167151444570566);
#565=CIRCLE('',#10486,0.000596162253117893);
#566=CIRCLE('',#10487,0.000790694321848105);
#567=CIRCLE('',#10488,0.000964277243327987);
#568=CIRCLE('',#10489,0.000768275087291685);
#569=CIRCLE('',#10490,0.00269740879923668);
#570=CIRCLE('',#10491,0.00113398051036343);
#571=CIRCLE('',#10492,0.000774611758672354);
#572=CIRCLE('',#10493,0.000951022902520643);
#573=CIRCLE('',#10494,0.000859284208911726);
#574=CIRCLE('',#10495,0.00636421360957566);
#575=CIRCLE('',#10496,0.00634890867118168);
#576=CIRCLE('',#10497,0.00385025832794779);
#577=CIRCLE('',#10498,0.00191143912638402);
#578=CIRCLE('',#10499,0.00157003174272572);
#579=CIRCLE('',#10500,0.00143310534716173);
#580=CIRCLE('',#10501,0.00175929490944329);
#581=CIRCLE('',#10502,0.0033537704878843);
#582=CIRCLE('',#10503,0.0104683328430893);
#583=CIRCLE('',#10504,0.00181612796710857);
#584=CIRCLE('',#10505,0.000594843262131325);
#585=CIRCLE('',#10506,0.00186432833496127);
#586=CIRCLE('',#10507,0.00336757203938262);
#587=CIRCLE('',#10508,0.00562420958405043);
#588=CIRCLE('',#10509,0.00159220700440543);
#589=CIRCLE('',#10510,0.0012099290691597);
#590=CIRCLE('',#10511,0.00195359647712347);
#591=CIRCLE('',#10512,0.00296028248572747);
#592=CIRCLE('',#10513,0.00377394392019794);
#593=CIRCLE('',#10514,0.0016437272610872);
#594=CIRCLE('',#10515,0.00149009723977488);
#595=CIRCLE('',#10516,0.00140493038282395);
#596=CIRCLE('',#10517,0.00204980587536572);
#597=CIRCLE('',#10518,0.00219169553740895);
#598=CIRCLE('',#10519,0.00219273177909601);
#599=CIRCLE('',#10520,0.00204829919704478);
#600=CIRCLE('',#10521,0.00200948920557458);
#601=CIRCLE('',#10522,0.00223073572860983);
#602=CIRCLE('',#10523,0.00222968847446475);
#603=CIRCLE('',#10524,0.00201089356759316);
#604=CIRCLE('',#10525,0.00122225507864899);
#605=CIRCLE('',#10526,0.001087972895265);
#606=CIRCLE('',#10527,0.00179621248455751);
#607=CIRCLE('',#10528,0.00175886827430992);
#608=CIRCLE('',#10529,0.00195739627248951);
#609=CIRCLE('',#10530,0.00181326970293528);
#610=CIRCLE('',#10531,0.00198866404878868);
#611=CIRCLE('',#10532,0.00240963026701607);
#612=CIRCLE('',#10533,0.00253137095273061);
#613=CIRCLE('',#10534,0.00203698050947621);
#614=CIRCLE('',#10535,0.00172569637170916);
#615=CIRCLE('',#10536,0.00189543176196455);
#616=CIRCLE('',#10537,0.0018621296496271);
#617=CIRCLE('',#10538,0.00179625456915431);
#618=CIRCLE('',#10539,0.00202831529795821);
#619=CIRCLE('',#10540,0.00241104561549463);
#620=CIRCLE('',#10541,0.00250619881034509);
#621=CIRCLE('',#10542,0.00207930034363136);
#622=CIRCLE('',#10543,0.00175419069982123);
#623=CIRCLE('',#10544,0.00177013198809421);
#624=CIRCLE('',#10545,0.00375654077744168);
#625=CIRCLE('',#10546,0.00181327522236766);
#626=CIRCLE('',#10547,0.00122339475750688);
#627=CIRCLE('',#10548,0.00159226177324874);
#628=CIRCLE('',#10549,0.00364629572296657);
#629=CIRCLE('',#10550,0.00723068512152149);
#630=CIRCLE('',#10551,0.00362486676821274);
#631=CIRCLE('',#10552,0.00232210495048304);
#632=CIRCLE('',#10553,0.00267309776126253);
#633=CIRCLE('',#10554,0.000678935904126575);
#634=CIRCLE('',#10555,0.000482174483368455);
#635=CIRCLE('',#10556,0.00943303694765007);
#636=CIRCLE('',#10557,0.00257160493185407);
#637=CIRCLE('',#10558,0.00164198170165173);
#638=CIRCLE('',#10559,0.000919935129975745);
#639=CIRCLE('',#10560,0.00270577867922507);
#640=CIRCLE('',#10561,0.00141952045175987);
#641=CIRCLE('',#10562,0.00225354849985257);
#642=CIRCLE('',#10563,0.00203572969585763);
#643=CIRCLE('',#10564,0.00150762736381615);
#644=CIRCLE('',#10565,0.000497251113609798);
#645=CIRCLE('',#10566,0.00152115411286712);
#646=CIRCLE('',#10567,0.00192708456262385);
#647=CIRCLE('',#10568,0.00131530698915669);
#648=CIRCLE('',#10569,0.000672716234729339);
#649=CIRCLE('',#10570,0.00127201631197007);
#650=CIRCLE('',#10571,0.00491558289749944);
#651=CIRCLE('',#10572,0.00184575048755996);
#652=CIRCLE('',#10573,0.00175601273752122);
#653=CIRCLE('',#10574,0.00142042143578132);
#654=CIRCLE('',#10575,0.00193463615736721);
#655=CIRCLE('',#10576,0.00168972755295244);
#656=CIRCLE('',#10577,0.00578833043608925);
#657=CIRCLE('',#10578,0.00567580214233597);
#658=CIRCLE('',#10579,0.00118653757489152);
#659=CIRCLE('',#10580,0.00174581676992769);
#660=CIRCLE('',#10581,0.00203664237764817);
#661=CIRCLE('',#10582,0.0015488353129787);
#662=CIRCLE('',#10583,0.00225427992285389);
#663=CIRCLE('',#10584,0.00335172705152145);
#664=CIRCLE('',#10585,0.00294434408780002);
#665=CIRCLE('',#10586,0.000571795817274105);
#666=CIRCLE('',#10587,0.000543179465108719);
#667=CIRCLE('',#10588,0.000594304697152336);
#668=CIRCLE('',#10589,0.000686946235794939);
#669=CIRCLE('',#10590,0.00082782302091735);
#670=CIRCLE('',#10591,0.00130812973451328);
#671=CIRCLE('',#10592,0.000830680547299105);
#672=CIRCLE('',#10593,0.000495976746410136);
#673=CIRCLE('',#10594,0.00207682335417957);
#674=CIRCLE('',#10595,0.000355515950930135);
#675=CIRCLE('',#10596,0.000872044892127575);
#676=CIRCLE('',#10597,0.00177804500789205);
#677=CIRCLE('',#10598,0.000422416133821827);
#678=CIRCLE('',#10599,0.000288519043101877);
#679=CIRCLE('',#10600,0.000303873798104819);
#680=CIRCLE('',#10601,0.000317279610641491);
#681=CIRCLE('',#10602,0.000404613006198719);
#682=CIRCLE('',#10603,0.00127262871503314);
#683=CIRCLE('',#10604,0.00245169496025126);
#684=CIRCLE('',#10605,0.00418716120046281);
#685=CIRCLE('',#10606,0.0073261457990672);
#686=CIRCLE('',#10607,0.00511657667075246);
#687=CIRCLE('',#10608,0.0052013269500087);
#688=CIRCLE('',#10609,0.00460918017645806);
#689=CIRCLE('',#10610,0.00215226275708921);
#690=CIRCLE('',#10611,0.00110357985838778);
#691=CIRCLE('',#10612,0.000538385985505694);
#692=CIRCLE('',#10613,0.00057179581727407);
#693=CIRCLE('',#10614,0.000543179465108995);
#694=CIRCLE('',#10615,0.000594304697156565);
#695=CIRCLE('',#10616,0.000686946235794946);
#696=CIRCLE('',#10617,0.000827823020917331);
#697=CIRCLE('',#10618,0.00130812973519509);
#698=CIRCLE('',#10619,0.000830680547299037);
#699=CIRCLE('',#10620,0.000495976746407631);
#700=CIRCLE('',#10621,0.0020768233541795);
#701=CIRCLE('',#10622,0.000355515950930127);
#702=CIRCLE('',#10623,0.000872044892128127);
#703=CIRCLE('',#10624,0.00177804500789229);
#704=CIRCLE('',#10625,0.000422416133821807);
#705=CIRCLE('',#10626,0.000288519043101881);
#706=CIRCLE('',#10627,0.000303873798104787);
#707=CIRCLE('',#10628,0.000317279610641474);
#708=CIRCLE('',#10629,0.000404613006175161);
#709=CIRCLE('',#10630,0.00127262871503249);
#710=CIRCLE('',#10631,0.00245169495714839);
#711=CIRCLE('',#10632,0.00418716120046287);
#712=CIRCLE('',#10633,0.00732614579905527);
#713=CIRCLE('',#10634,0.00511657667075354);
#714=CIRCLE('',#10635,0.00520132695000487);
#715=CIRCLE('',#10636,0.00460918017645856);
#716=CIRCLE('',#10637,0.00215226275652438);
#717=CIRCLE('',#10638,0.00110357985838806);
#718=CIRCLE('',#10639,0.000538385985501634);
#719=CIRCLE('',#10640,0.000696179974104292);
#720=CIRCLE('',#10641,0.000612997787422547);
#721=CIRCLE('',#10642,0.000850079319996178);
#722=CIRCLE('',#10643,0.00158021335928858);
#723=CIRCLE('',#10644,0.00159368071432398);
#724=CIRCLE('',#10645,0.000849818545028571);
#725=CIRCLE('',#10646,0.00060160275593062);
#726=CIRCLE('',#10647,0.000708137386689967);
#727=CIRCLE('',#10648,0.000709207949826415);
#728=CIRCLE('',#10649,0.000610148684135236);
#729=CIRCLE('',#10650,0.000841647856802287);
#730=CIRCLE('',#10651,0.00158746429158317);
#731=CIRCLE('',#10652,0.00157405127454988);
#732=CIRCLE('',#10653,0.000841901199667867);
#733=CIRCLE('',#10654,0.000621802507210064);
#734=CIRCLE('',#10655,0.000697227532176189);
#735=CIRCLE('',#10656,0.000696179974104303);
#736=CIRCLE('',#10657,0.000612997787423162);
#737=CIRCLE('',#10658,0.00085007931997485);
#738=CIRCLE('',#10659,0.00158021335928861);
#739=CIRCLE('',#10660,0.00159368071432395);
#740=CIRCLE('',#10661,0.00084981854502869);
#741=CIRCLE('',#10662,0.000601602755931411);
#742=CIRCLE('',#10663,0.000708137386689976);
#743=CIRCLE('',#10664,0.000709207949826539);
#744=CIRCLE('',#10665,0.00061014868413513);
#745=CIRCLE('',#10666,0.000841647856802329);
#746=CIRCLE('',#10667,0.00158746429157404);
#747=CIRCLE('',#10668,0.0015740512745501);
#748=CIRCLE('',#10669,0.000841901199667889);
#749=CIRCLE('',#10670,0.000621802507210526);
#750=CIRCLE('',#10671,0.000697227532176309);
#751=CIRCLE('',#10672,0.000571795817271303);
#752=CIRCLE('',#10673,0.000543179465108637);
#753=CIRCLE('',#10674,0.000594304697156877);
#754=CIRCLE('',#10675,0.000686946235755344);
#755=CIRCLE('',#10676,0.000827823020917561);
#756=CIRCLE('',#10677,0.00130812973519462);
#757=CIRCLE('',#10678,0.000830680547299142);
#758=CIRCLE('',#10679,0.000495976746410416);
#759=CIRCLE('',#10680,0.0020768233541817);
#760=CIRCLE('',#10681,0.000355515950930112);
#761=CIRCLE('',#10682,0.000872044892127899);
#762=CIRCLE('',#10683,0.00177804500789391);
#763=CIRCLE('',#10684,0.000422416133821818);
#764=CIRCLE('',#10685,0.000288519043101995);
#765=CIRCLE('',#10686,0.000303873798104885);
#766=CIRCLE('',#10687,0.000317279610641512);
#767=CIRCLE('',#10688,0.000404613006167978);
#768=CIRCLE('',#10689,0.00127262871503305);
#769=CIRCLE('',#10690,0.00245169496024825);
#770=CIRCLE('',#10691,0.00418716119897075);
#771=CIRCLE('',#10692,0.00732614579317771);
#772=CIRCLE('',#10693,0.0051165766707367);
#773=CIRCLE('',#10694,0.00520132694319584);
#774=CIRCLE('',#10695,0.00460918017645939);
#775=CIRCLE('',#10696,0.00215226275708919);
#776=CIRCLE('',#10697,0.00110357985838747);
#777=CIRCLE('',#10698,0.000538385985505602);
#778=CIRCLE('',#10727,0.000571795817274067);
#779=CIRCLE('',#10729,0.000538385985505701);
#780=CIRCLE('',#10731,0.00110357985838763);
#781=CIRCLE('',#10733,0.00215226275649768);
#782=CIRCLE('',#10735,0.00460918017530529);
#783=CIRCLE('',#10737,0.00520132695001914);
#784=CIRCLE('',#10739,0.00511657667076222);
#785=CIRCLE('',#10746,0.00732614579321337);
#786=CIRCLE('',#10748,0.00418716119896889);
#787=CIRCLE('',#10750,0.00245169495711481);
#788=CIRCLE('',#10752,0.00127262871503278);
#789=CIRCLE('',#10754,0.000404613006198759);
#790=CIRCLE('',#10756,0.000317279610641529);
#791=CIRCLE('',#10758,0.00030387379810481);
#792=CIRCLE('',#10760,0.00028851904310188);
#793=CIRCLE('',#10762,0.000422416133821876);
#794=CIRCLE('',#10764,0.00177804500789394);
#795=CIRCLE('',#10766,0.000872044892127914);
#796=CIRCLE('',#10768,0.000355515950930118);
#797=CIRCLE('',#10770,0.00207682335179622);
#798=CIRCLE('',#10773,0.000495976746410278);
#799=CIRCLE('',#10775,0.000830680547298887);
#800=CIRCLE('',#10777,0.00130812973443804);
#801=CIRCLE('',#10779,0.000827823020917198);
#802=CIRCLE('',#10781,0.000686946235794942);
#803=CIRCLE('',#10783,0.000594304697156574);
#804=CIRCLE('',#10785,0.000579116336056256);
#805=CIRCLE('',#10787,0.000533452964854064);
#806=CIRCLE('',#10789,0.000594231738021999);
#807=CIRCLE('',#10791,0.000607965884018654);
#808=CIRCLE('',#10793,0.000611531341457871);
#809=CIRCLE('',#10795,0.000641792682911345);
#810=CIRCLE('',#10797,0.000548394422445474);
#811=CIRCLE('',#10799,0.000725085216125337);
#812=CIRCLE('',#10801,0.000690953074202224);
#813=CIRCLE('',#10803,0.000550682324619774);
#814=CIRCLE('',#10805,0.000661542196583064);
#815=CIRCLE('',#10807,0.00112682068451567);
#816=CIRCLE('',#10809,0.000567679175538947);
#817=CIRCLE('',#10811,0.00058837950956325);
#818=CIRCLE('',#10813,0.00190895828612559);
#819=CIRCLE('',#10815,0.000520215461674342);
#820=CIRCLE('',#10818,0.000380483005404076);
#821=CIRCLE('',#10820,0.00156668565419168);
#822=CIRCLE('',#10822,0.000344421867929684);
#823=CIRCLE('',#10824,0.000384504721043027);
#824=CIRCLE('',#10826,0.000586237137988671);
#825=CIRCLE('',#10828,0.000824950625152629);
#826=CIRCLE('',#10830,1.42355930817797E-5);
#827=CIRCLE('',#10832,1.6078483660065E-5);
#828=CIRCLE('',#10844,0.00160139379666962);
#829=CIRCLE('',#10846,0.00183001650975074);
#830=CIRCLE('',#10848,0.0021570493053236);
#831=CIRCLE('',#10850,0.00238108277853735);
#832=CIRCLE('',#10853,0.0010559310119586);
#833=CIRCLE('',#10855,0.00106136046289075);
#834=CIRCLE('',#10857,0.00108244174082545);
#835=CIRCLE('',#10859,0.00124949334854606);
#836=CIRCLE('',#10861,0.001431510445782);
#837=CIRCLE('',#10863,0.00142457024144285);
#838=CIRCLE('',#10865,0.00190458812325344);
#839=CIRCLE('',#10867,0.00100207328804375);
#840=CIRCLE('',#10870,0.00162287839496597);
#841=CIRCLE('',#10872,0.00176617451136939);
#842=CIRCLE('',#10874,0.00180653309014322);
#843=CIRCLE('',#10876,0.00222890732940771);
#844=CIRCLE('',#10878,0.00227866745213217);
#845=CIRCLE('',#10880,0.00228638107985606);
#846=CIRCLE('',#10882,0.002251836833751);
#847=CIRCLE('',#10884,0.000865177125055397);
#848=CIRCLE('',#10886,0.00126795646137169);
#849=CIRCLE('',#10888,0.00127432350500304);
#850=CIRCLE('',#10890,0.0013744525770218);
#851=CIRCLE('',#10892,0.00142135017726533);
#852=CIRCLE('',#10894,0.0013457089030814);
#853=CIRCLE('',#10896,0.00207993461884046);
#854=CIRCLE('',#10898,0.00170659724573495);
#855=CIRCLE('',#10900,0.00331132180366078);
#856=CIRCLE('',#10905,0.00276381233298911);
#857=CIRCLE('',#10907,0.00169725671316433);
#858=CIRCLE('',#10909,0.00126944566481084);
#859=CIRCLE('',#10911,0.00113075505664884);
#860=CIRCLE('',#10913,0.00127877169198197);
#861=CIRCLE('',#10924,0.00140493038282395);
#862=CIRCLE('',#10926,0.00149009723977488);
#863=CIRCLE('',#10928,0.0016437272610872);
#864=CIRCLE('',#10930,0.00377394392019794);
#865=CIRCLE('',#10932,0.00296028248572747);
#866=CIRCLE('',#10934,0.00195359647712347);
#867=CIRCLE('',#10936,0.0012099290691597);
#868=CIRCLE('',#10939,0.00159220700440543);
#869=CIRCLE('',#10941,0.00562420958405043);
#870=CIRCLE('',#10943,0.00336757203938262);
#871=CIRCLE('',#10945,0.00186432833496127);
#872=CIRCLE('',#10947,0.000594843262131325);
#873=CIRCLE('',#10949,0.00181612796710857);
#874=CIRCLE('',#10951,0.0104683328430893);
#875=CIRCLE('',#10953,0.0033537704878843);
#876=CIRCLE('',#10955,0.00175929490944329);
#877=CIRCLE('',#10957,0.00143310534716173);
#878=CIRCLE('',#10959,0.00157003174272572);
#879=CIRCLE('',#10961,0.00191143912638402);
#880=CIRCLE('',#10963,0.00385025832794779);
#881=CIRCLE('',#10965,0.00634890867118168);
#882=CIRCLE('',#10968,0.00636421360957566);
#883=CIRCLE('',#10970,0.000859284208911726);
#884=CIRCLE('',#10972,0.000951022902520643);
#885=CIRCLE('',#10974,0.000774611758672354);
#886=CIRCLE('',#10976,0.00113398051036343);
#887=CIRCLE('',#10978,0.00269740879923668);
#888=CIRCLE('',#10980,0.000768275087291685);
#889=CIRCLE('',#10982,0.000964277243327987);
#890=CIRCLE('',#10984,0.000790694321848105);
#891=CIRCLE('',#10986,0.000596162253117893);
#892=CIRCLE('',#10988,0.00167151444570566);
#893=CIRCLE('',#10990,0.00687460381670531);
#894=CIRCLE('',#10992,0.00290815667054584);
#895=CIRCLE('',#10994,0.00201089356759316);
#896=CIRCLE('',#10996,0.00222968847446475);
#897=CIRCLE('',#10998,0.00223073572860983);
#898=CIRCLE('',#11000,0.00200948920557458);
#899=CIRCLE('',#11002,0.00204829919704478);
#900=CIRCLE('',#11004,0.00219273177909601);
#901=CIRCLE('',#11006,0.00219169553740895);
#902=CIRCLE('',#11008,0.00204980587536572);
#903=CIRCLE('',#11026,0.00175886827430992);
#904=CIRCLE('',#11028,0.00179621248455751);
#905=CIRCLE('',#11033,0.001087972895265);
#906=CIRCLE('',#11035,0.00122225507864899);
#907=CIRCLE('',#11037,0.00195739627248951);
#908=CIRCLE('',#11039,0.00177013198809421);
#909=CIRCLE('',#11041,0.00175419069982123);
#910=CIRCLE('',#11043,0.00207930034363136);
#911=CIRCLE('',#11045,0.00250619881034509);
#912=CIRCLE('',#11047,0.00241104561549463);
#913=CIRCLE('',#11049,0.00202831529795821);
#914=CIRCLE('',#11051,0.00179625456915431);
#915=CIRCLE('',#11053,0.0018621296496271);
#916=CIRCLE('',#11055,0.00189543176196455);
#917=CIRCLE('',#11057,0.00172569637170916);
#918=CIRCLE('',#11059,0.00203698050947621);
#919=CIRCLE('',#11061,0.00253137095273061);
#920=CIRCLE('',#11063,0.00240963026701607);
#921=CIRCLE('',#11065,0.00198866404878868);
#922=CIRCLE('',#11068,0.000482174483368455);
#923=CIRCLE('',#11070,0.000678935904126575);
#924=CIRCLE('',#11072,0.00267309776126253);
#925=CIRCLE('',#11075,0.00232210495048304);
#926=CIRCLE('',#11077,0.00362486676821274);
#927=CIRCLE('',#11079,0.00723068512152149);
#928=CIRCLE('',#11081,0.00364629572296657);
#929=CIRCLE('',#11083,0.00159226177324874);
#930=CIRCLE('',#11085,0.00122339475750688);
#931=CIRCLE('',#11087,0.00181327522236766);
#932=CIRCLE('',#11089,0.00375654077744168);
#933=CIRCLE('',#11103,0.00491558289749944);
#934=CIRCLE('',#11105,0.00127201631197007);
#935=CIRCLE('',#11107,0.000672716234729339);
#936=CIRCLE('',#11109,0.00131530698915669);
#937=CIRCLE('',#11111,0.00192708456262385);
#938=CIRCLE('',#11113,0.00152115411286712);
#939=CIRCLE('',#11115,0.000497251113609798);
#940=CIRCLE('',#11122,0.00150762736381615);
#941=CIRCLE('',#11124,0.00203572969585763);
#942=CIRCLE('',#11126,0.00225354849985257);
#943=CIRCLE('',#11128,0.00141952045175987);
#944=CIRCLE('',#11130,0.00270577867922507);
#945=CIRCLE('',#11132,0.000919935129975745);
#946=CIRCLE('',#11134,0.00164198170165173);
#947=CIRCLE('',#11136,0.00257160493185407);
#948=CIRCLE('',#11138,0.00184575048755996);
#949=CIRCLE('',#11140,0.00294434408780002);
#950=CIRCLE('',#11142,0.00335172705152145);
#951=CIRCLE('',#11144,0.00225427992285389);
#952=CIRCLE('',#11146,0.0015488353129787);
#953=CIRCLE('',#11148,0.00203664237764817);
#954=CIRCLE('',#11150,0.00174581676992769);
#955=CIRCLE('',#11152,0.00118653757489152);
#956=CIRCLE('',#11154,0.00567580214233597);
#957=CIRCLE('',#11156,0.00578833043608925);
#958=CIRCLE('',#11162,0.00168972755295244);
#959=CIRCLE('',#11164,0.00193463615736721);
#960=CIRCLE('',#11166,0.00142042143578132);
#961=CIRCLE('',#11168,0.000571795817274105);
#962=CIRCLE('',#11170,0.000538385985505694);
#963=CIRCLE('',#11172,0.00110357985838778);
#964=CIRCLE('',#11174,0.00215226275708921);
#965=CIRCLE('',#11176,0.00460918017645806);
#966=CIRCLE('',#11178,0.0052013269500087);
#967=CIRCLE('',#11180,0.00511657667075246);
#968=CIRCLE('',#11187,0.0073261457990672);
#969=CIRCLE('',#11189,0.00418716120046281);
#970=CIRCLE('',#11191,0.00245169496025126);
#971=CIRCLE('',#11193,0.00127262871503314);
#972=CIRCLE('',#11195,0.000404613006198719);
#973=CIRCLE('',#11197,0.000317279610641491);
#974=CIRCLE('',#11199,0.000303873798104819);
#975=CIRCLE('',#11201,0.000288519043101877);
#976=CIRCLE('',#11203,0.000422416133821827);
#977=CIRCLE('',#11205,0.00177804500789205);
#978=CIRCLE('',#11207,0.000872044892127575);
#979=CIRCLE('',#11209,0.000355515950930135);
#980=CIRCLE('',#11211,0.00207682335417957);
#981=CIRCLE('',#11214,0.000495976746410136);
#982=CIRCLE('',#11216,0.000830680547299105);
#983=CIRCLE('',#11218,0.00130812973451328);
#984=CIRCLE('',#11220,0.00082782302091735);
#985=CIRCLE('',#11222,0.000686946235794939);
#986=CIRCLE('',#11224,0.000594304697152336);
#987=CIRCLE('',#11226,0.00057179581727407);
#988=CIRCLE('',#11228,0.000538385985501634);
#989=CIRCLE('',#11230,0.00110357985838806);
#990=CIRCLE('',#11232,0.00215226275652438);
#991=CIRCLE('',#11234,0.00460918017645856);
#992=CIRCLE('',#11236,0.00520132695000487);
#993=CIRCLE('',#11238,0.00511657667075354);
#994=CIRCLE('',#11245,0.00732614579905527);
#995=CIRCLE('',#11247,0.00418716120046287);
#996=CIRCLE('',#11249,0.00245169495714839);
#997=CIRCLE('',#11251,0.00127262871503249);
#998=CIRCLE('',#11253,0.000404613006175161);
#999=CIRCLE('',#11255,0.000317279610641474);
#1000=CIRCLE('',#11257,0.000303873798104787);
#1001=CIRCLE('',#11259,0.000288519043101881);
#1002=CIRCLE('',#11261,0.000422416133821807);
#1003=CIRCLE('',#11263,0.00177804500789229);
#1004=CIRCLE('',#11265,0.000872044892128127);
#1005=CIRCLE('',#11267,0.000355515950930127);
#1006=CIRCLE('',#11269,0.0020768233541795);
#1007=CIRCLE('',#11272,0.000495976746407631);
#1008=CIRCLE('',#11274,0.000830680547299037);
#1009=CIRCLE('',#11276,0.00130812973519509);
#1010=CIRCLE('',#11278,0.000827823020917331);
#1011=CIRCLE('',#11280,0.000686946235794946);
#1012=CIRCLE('',#11282,0.000594304697156565);
#1013=CIRCLE('',#11287,0.000696179974104292);
#1014=CIRCLE('',#11289,0.000697227532176189);
#1015=CIRCLE('',#11291,0.000621802507210064);
#1016=CIRCLE('',#11293,0.000841901199667867);
#1017=CIRCLE('',#11295,0.00157405127454988);
#1018=CIRCLE('',#11297,0.00158746429158317);
#1019=CIRCLE('',#11299,0.000841647856802287);
#1020=CIRCLE('',#11301,0.000610148684135236);
#1021=CIRCLE('',#11303,0.000709207949826415);
#1022=CIRCLE('',#11305,0.000708137386689967);
#1023=CIRCLE('',#11307,0.00060160275593062);
#1024=CIRCLE('',#11309,0.000849818545028571);
#1025=CIRCLE('',#11311,0.00159368071432398);
#1026=CIRCLE('',#11313,0.00158021335928858);
#1027=CIRCLE('',#11315,0.000850079319996178);
#1028=CIRCLE('',#11320,0.000696179974104303);
#1029=CIRCLE('',#11322,0.000697227532176309);
#1030=CIRCLE('',#11324,0.000621802507210526);
#1031=CIRCLE('',#11326,0.000841901199667889);
#1032=CIRCLE('',#11328,0.0015740512745501);
#1033=CIRCLE('',#11330,0.00158746429157404);
#1034=CIRCLE('',#11332,0.000841647856802329);
#1035=CIRCLE('',#11334,0.00061014868413513);
#1036=CIRCLE('',#11336,0.000709207949826539);
#1037=CIRCLE('',#11338,0.000708137386689976);
#1038=CIRCLE('',#11340,0.000601602755931411);
#1039=CIRCLE('',#11342,0.00084981854502869);
#1040=CIRCLE('',#11344,0.00159368071432395);
#1041=CIRCLE('',#11346,0.00158021335928861);
#1042=CIRCLE('',#11348,0.00085007931997485);
#1043=CIRCLE('',#11350,0.000571795817271303);
#1044=CIRCLE('',#11352,0.000538385985505602);
#1045=CIRCLE('',#11354,0.00110357985838747);
#1046=CIRCLE('',#11356,0.00215226275708919);
#1047=CIRCLE('',#11358,0.00460918017645939);
#1048=CIRCLE('',#11360,0.00520132694319584);
#1049=CIRCLE('',#11362,0.0051165766707367);
#1050=CIRCLE('',#11369,0.00732614579317771);
#1051=CIRCLE('',#11371,0.00418716119897075);
#1052=CIRCLE('',#11373,0.00245169496024825);
#1053=CIRCLE('',#11375,0.00127262871503305);
#1054=CIRCLE('',#11377,0.000404613006167978);
#1055=CIRCLE('',#11379,0.000317279610641512);
#1056=CIRCLE('',#11381,0.000303873798104885);
#1057=CIRCLE('',#11383,0.000288519043101995);
#1058=CIRCLE('',#11385,0.000422416133821818);
#1059=CIRCLE('',#11387,0.00177804500789391);
#1060=CIRCLE('',#11389,0.000872044892127899);
#1061=CIRCLE('',#11391,0.000355515950930112);
#1062=CIRCLE('',#11393,0.0020768233541817);
#1063=CIRCLE('',#11396,0.000495976746410416);
#1064=CIRCLE('',#11398,0.000830680547299142);
#1065=CIRCLE('',#11400,0.00130812973519462);
#1066=CIRCLE('',#11402,0.000827823020917561);
#1067=CIRCLE('',#11404,0.000686946235755344);
#1068=CIRCLE('',#11406,0.000594304697156877);
#1069=CIRCLE('',#11417,0.000543179465109145);
#1070=CIRCLE('',#11420,0.00182425566032312);
#1071=CIRCLE('',#11422,0.00103592044086051);
#1072=CIRCLE('',#11425,0.00158416089024876);
#1073=CIRCLE('',#11430,0.00181326970293528);
#1074=CIRCLE('',#11433,0.00943303694765007);
#1075=CIRCLE('',#11435,0.00175601273752122);
#1076=CIRCLE('',#11437,0.000543179465108719);
#1077=CIRCLE('',#11439,0.000543179465108995);
#1078=CIRCLE('',#11442,0.000612997787422547);
#1079=CIRCLE('',#11445,0.000612997787423162);
#1080=CIRCLE('',#11447,0.000543179465108637);
#1081=CIRCLE('',#11449,0.00145);
#1082=CIRCLE('',#11450,0.00145);
#1083=CIRCLE('',#11451,0.00145);
#1084=CIRCLE('',#11452,0.00145);
#1085=CIRCLE('',#11453,0.001);
#1086=CIRCLE('',#11454,0.001);
#1087=CIRCLE('',#11459,0.00145);
#1088=CIRCLE('',#11461,0.00145);
#1089=CIRCLE('',#11463,0.00145);
#1090=CIRCLE('',#11465,0.00145);
#1091=CIRCLE('',#11468,0.001);
#1092=CIRCLE('',#11469,0.001);
#1093=CIRCLE('',#11471,0.001);
#1094=CIRCLE('',#11472,0.001);
#1095=CIRCLE('',#11474,0.001);
#1096=CIRCLE('',#11475,0.001);
#1097=CIRCLE('',#11477,0.001);
#1098=CIRCLE('',#11478,0.001);
#1099=CIRCLE('',#11484,0.001);
#1100=CIRCLE('',#11486,0.001);
#1101=CIRCLE('',#11488,0.001);
#1102=CIRCLE('',#11490,0.001);
#1103=CIRCLE('',#11491,0.001);
#1104=CIRCLE('',#11493,0.001);
#1105=CIRCLE('',#11495,0.001);
#1106=CIRCLE('',#11497,0.001);
#1107=CIRCLE('',#11499,0.001);
#1108=CIRCLE('',#11501,0.001);
#1109=CIRCLE('',#11503,0.001);
#1110=CIRCLE('',#11505,0.001);
#1111=CIRCLE('',#11507,0.001);
#1112=CIRCLE('',#11509,0.001);
#1113=CIRCLE('',#11511,0.001);
#1114=CIRCLE('',#11513,0.001);
#1115=ORIENTED_EDGE('',*,*,#4227,.T.);
#1116=ORIENTED_EDGE('',*,*,#4228,.T.);
#1117=ORIENTED_EDGE('',*,*,#4229,.F.);
#1118=ORIENTED_EDGE('',*,*,#4230,.F.);
#1119=ORIENTED_EDGE('',*,*,#4231,.F.);
#1120=ORIENTED_EDGE('',*,*,#4232,.F.);
#1121=ORIENTED_EDGE('',*,*,#4233,.T.);
#1122=ORIENTED_EDGE('',*,*,#4234,.T.);
#1123=ORIENTED_EDGE('',*,*,#4235,.T.);
#1124=ORIENTED_EDGE('',*,*,#4236,.T.);
#1125=ORIENTED_EDGE('',*,*,#4237,.T.);
#1126=ORIENTED_EDGE('',*,*,#4238,.T.);
#1127=ORIENTED_EDGE('',*,*,#4239,.T.);
#1128=ORIENTED_EDGE('',*,*,#4240,.T.);
#1129=ORIENTED_EDGE('',*,*,#4241,.F.);
#1130=ORIENTED_EDGE('',*,*,#4242,.F.);
#1131=ORIENTED_EDGE('',*,*,#4243,.F.);
#1132=ORIENTED_EDGE('',*,*,#4227,.F.);
#1133=ORIENTED_EDGE('',*,*,#4244,.T.);
#1134=ORIENTED_EDGE('',*,*,#4245,.T.);
#1135=ORIENTED_EDGE('',*,*,#4246,.F.);
#1136=ORIENTED_EDGE('',*,*,#4245,.F.);
#1137=ORIENTED_EDGE('',*,*,#4247,.T.);
#1138=ORIENTED_EDGE('',*,*,#4248,.T.);
#1139=ORIENTED_EDGE('',*,*,#4229,.T.);
#1140=ORIENTED_EDGE('',*,*,#4249,.T.);
#1141=ORIENTED_EDGE('',*,*,#4248,.F.);
#1142=ORIENTED_EDGE('',*,*,#4250,.F.);
#1143=ORIENTED_EDGE('',*,*,#4228,.F.);
#1144=ORIENTED_EDGE('',*,*,#4243,.T.);
#1145=ORIENTED_EDGE('',*,*,#4246,.T.);
#1146=ORIENTED_EDGE('',*,*,#4249,.F.);
#1147=ORIENTED_EDGE('',*,*,#4251,.T.);
#1148=ORIENTED_EDGE('',*,*,#4252,.T.);
#1149=ORIENTED_EDGE('',*,*,#4253,.F.);
#1150=ORIENTED_EDGE('',*,*,#4254,.F.);
#1151=ORIENTED_EDGE('',*,*,#4255,.T.);
#1152=ORIENTED_EDGE('',*,*,#4256,.T.);
#1153=ORIENTED_EDGE('',*,*,#4257,.F.);
#1154=ORIENTED_EDGE('',*,*,#4258,.F.);
#1155=ORIENTED_EDGE('',*,*,#4259,.T.);
#1156=ORIENTED_EDGE('',*,*,#4260,.T.);
#1157=ORIENTED_EDGE('',*,*,#4261,.F.);
#1158=ORIENTED_EDGE('',*,*,#4262,.F.);
#1159=ORIENTED_EDGE('',*,*,#4263,.T.);
#1160=ORIENTED_EDGE('',*,*,#4264,.T.);
#1161=ORIENTED_EDGE('',*,*,#4265,.T.);
#1162=ORIENTED_EDGE('',*,*,#4266,.F.);
#1163=ORIENTED_EDGE('',*,*,#4267,.F.);
#1164=ORIENTED_EDGE('',*,*,#4268,.T.);
#1165=ORIENTED_EDGE('',*,*,#4269,.T.);
#1166=ORIENTED_EDGE('',*,*,#4270,.F.);
#1167=ORIENTED_EDGE('',*,*,#4271,.F.);
#1168=ORIENTED_EDGE('',*,*,#4272,.T.);
#1169=ORIENTED_EDGE('',*,*,#4273,.T.);
#1170=ORIENTED_EDGE('',*,*,#4274,.F.);
#1171=ORIENTED_EDGE('',*,*,#4275,.F.);
#1172=ORIENTED_EDGE('',*,*,#4276,.F.);
#1173=ORIENTED_EDGE('',*,*,#4277,.T.);
#1174=ORIENTED_EDGE('',*,*,#4278,.T.);
#1175=ORIENTED_EDGE('',*,*,#4279,.T.);
#1176=ORIENTED_EDGE('',*,*,#4280,.F.);
#1177=ORIENTED_EDGE('',*,*,#4281,.T.);
#1178=ORIENTED_EDGE('',*,*,#4282,.T.);
#1179=ORIENTED_EDGE('',*,*,#4283,.F.);
#1180=ORIENTED_EDGE('',*,*,#4284,.F.);
#1181=ORIENTED_EDGE('',*,*,#4285,.T.);
#1182=ORIENTED_EDGE('',*,*,#4286,.T.);
#1183=ORIENTED_EDGE('',*,*,#4287,.F.);
#1184=ORIENTED_EDGE('',*,*,#4288,.F.);
#1185=ORIENTED_EDGE('',*,*,#4289,.F.);
#1186=ORIENTED_EDGE('',*,*,#4290,.F.);
#1187=ORIENTED_EDGE('',*,*,#4291,.F.);
#1188=ORIENTED_EDGE('',*,*,#4292,.F.);
#1189=ORIENTED_EDGE('',*,*,#4293,.F.);
#1190=ORIENTED_EDGE('',*,*,#4294,.F.);
#1191=ORIENTED_EDGE('',*,*,#4295,.F.);
#1192=ORIENTED_EDGE('',*,*,#4296,.F.);
#1193=ORIENTED_EDGE('',*,*,#4297,.F.);
#1194=ORIENTED_EDGE('',*,*,#4298,.F.);
#1195=ORIENTED_EDGE('',*,*,#4299,.F.);
#1196=ORIENTED_EDGE('',*,*,#4300,.F.);
#1197=ORIENTED_EDGE('',*,*,#4301,.F.);
#1198=ORIENTED_EDGE('',*,*,#4302,.F.);
#1199=ORIENTED_EDGE('',*,*,#4303,.F.);
#1200=ORIENTED_EDGE('',*,*,#4304,.F.);
#1201=ORIENTED_EDGE('',*,*,#4305,.F.);
#1202=ORIENTED_EDGE('',*,*,#4306,.F.);
#1203=ORIENTED_EDGE('',*,*,#4307,.F.);
#1204=ORIENTED_EDGE('',*,*,#4308,.F.);
#1205=ORIENTED_EDGE('',*,*,#4309,.F.);
#1206=ORIENTED_EDGE('',*,*,#4310,.F.);
#1207=ORIENTED_EDGE('',*,*,#4311,.F.);
#1208=ORIENTED_EDGE('',*,*,#4312,.F.);
#1209=ORIENTED_EDGE('',*,*,#4313,.F.);
#1210=ORIENTED_EDGE('',*,*,#4314,.F.);
#1211=ORIENTED_EDGE('',*,*,#4315,.F.);
#1212=ORIENTED_EDGE('',*,*,#4316,.F.);
#1213=ORIENTED_EDGE('',*,*,#4317,.F.);
#1214=ORIENTED_EDGE('',*,*,#4318,.F.);
#1215=ORIENTED_EDGE('',*,*,#4319,.F.);
#1216=ORIENTED_EDGE('',*,*,#4320,.F.);
#1217=ORIENTED_EDGE('',*,*,#4321,.F.);
#1218=ORIENTED_EDGE('',*,*,#4322,.F.);
#1219=ORIENTED_EDGE('',*,*,#4323,.F.);
#1220=ORIENTED_EDGE('',*,*,#4324,.F.);
#1221=ORIENTED_EDGE('',*,*,#4325,.F.);
#1222=ORIENTED_EDGE('',*,*,#4326,.F.);
#1223=ORIENTED_EDGE('',*,*,#4327,.F.);
#1224=ORIENTED_EDGE('',*,*,#4328,.F.);
#1225=ORIENTED_EDGE('',*,*,#4329,.F.);
#1226=ORIENTED_EDGE('',*,*,#4330,.F.);
#1227=ORIENTED_EDGE('',*,*,#4331,.F.);
#1228=ORIENTED_EDGE('',*,*,#4332,.F.);
#1229=ORIENTED_EDGE('',*,*,#4333,.F.);
#1230=ORIENTED_EDGE('',*,*,#4334,.F.);
#1231=ORIENTED_EDGE('',*,*,#4335,.F.);
#1232=ORIENTED_EDGE('',*,*,#4336,.F.);
#1233=ORIENTED_EDGE('',*,*,#4337,.F.);
#1234=ORIENTED_EDGE('',*,*,#4338,.F.);
#1235=ORIENTED_EDGE('',*,*,#4339,.F.);
#1236=ORIENTED_EDGE('',*,*,#4340,.F.);
#1237=ORIENTED_EDGE('',*,*,#4341,.F.);
#1238=ORIENTED_EDGE('',*,*,#4342,.F.);
#1239=ORIENTED_EDGE('',*,*,#4343,.F.);
#1240=ORIENTED_EDGE('',*,*,#4344,.F.);
#1241=ORIENTED_EDGE('',*,*,#4345,.F.);
#1242=ORIENTED_EDGE('',*,*,#4346,.F.);
#1243=ORIENTED_EDGE('',*,*,#4347,.F.);
#1244=ORIENTED_EDGE('',*,*,#4348,.F.);
#1245=ORIENTED_EDGE('',*,*,#4349,.F.);
#1246=ORIENTED_EDGE('',*,*,#4350,.F.);
#1247=ORIENTED_EDGE('',*,*,#4351,.F.);
#1248=ORIENTED_EDGE('',*,*,#4352,.F.);
#1249=ORIENTED_EDGE('',*,*,#4353,.F.);
#1250=ORIENTED_EDGE('',*,*,#4354,.F.);
#1251=ORIENTED_EDGE('',*,*,#4355,.F.);
#1252=ORIENTED_EDGE('',*,*,#4356,.F.);
#1253=ORIENTED_EDGE('',*,*,#4357,.F.);
#1254=ORIENTED_EDGE('',*,*,#4358,.F.);
#1255=ORIENTED_EDGE('',*,*,#4359,.F.);
#1256=ORIENTED_EDGE('',*,*,#4360,.F.);
#1257=ORIENTED_EDGE('',*,*,#4361,.F.);
#1258=ORIENTED_EDGE('',*,*,#4362,.F.);
#1259=ORIENTED_EDGE('',*,*,#4363,.F.);
#1260=ORIENTED_EDGE('',*,*,#4364,.F.);
#1261=ORIENTED_EDGE('',*,*,#4365,.F.);
#1262=ORIENTED_EDGE('',*,*,#4366,.F.);
#1263=ORIENTED_EDGE('',*,*,#4367,.F.);
#1264=ORIENTED_EDGE('',*,*,#4368,.F.);
#1265=ORIENTED_EDGE('',*,*,#4369,.F.);
#1266=ORIENTED_EDGE('',*,*,#4370,.F.);
#1267=ORIENTED_EDGE('',*,*,#4371,.F.);
#1268=ORIENTED_EDGE('',*,*,#4372,.F.);
#1269=ORIENTED_EDGE('',*,*,#4373,.F.);
#1270=ORIENTED_EDGE('',*,*,#4374,.F.);
#1271=ORIENTED_EDGE('',*,*,#4375,.F.);
#1272=ORIENTED_EDGE('',*,*,#4376,.F.);
#1273=ORIENTED_EDGE('',*,*,#4377,.F.);
#1274=ORIENTED_EDGE('',*,*,#4378,.F.);
#1275=ORIENTED_EDGE('',*,*,#4379,.F.);
#1276=ORIENTED_EDGE('',*,*,#4380,.F.);
#1277=ORIENTED_EDGE('',*,*,#4381,.F.);
#1278=ORIENTED_EDGE('',*,*,#4382,.F.);
#1279=ORIENTED_EDGE('',*,*,#4383,.F.);
#1280=ORIENTED_EDGE('',*,*,#4384,.F.);
#1281=ORIENTED_EDGE('',*,*,#4385,.F.);
#1282=ORIENTED_EDGE('',*,*,#4386,.F.);
#1283=ORIENTED_EDGE('',*,*,#4387,.F.);
#1284=ORIENTED_EDGE('',*,*,#4388,.F.);
#1285=ORIENTED_EDGE('',*,*,#4389,.F.);
#1286=ORIENTED_EDGE('',*,*,#4390,.F.);
#1287=ORIENTED_EDGE('',*,*,#4391,.F.);
#1288=ORIENTED_EDGE('',*,*,#4392,.F.);
#1289=ORIENTED_EDGE('',*,*,#4393,.F.);
#1290=ORIENTED_EDGE('',*,*,#4394,.F.);
#1291=ORIENTED_EDGE('',*,*,#4395,.F.);
#1292=ORIENTED_EDGE('',*,*,#4396,.F.);
#1293=ORIENTED_EDGE('',*,*,#4397,.F.);
#1294=ORIENTED_EDGE('',*,*,#4398,.F.);
#1295=ORIENTED_EDGE('',*,*,#4399,.F.);
#1296=ORIENTED_EDGE('',*,*,#4400,.F.);
#1297=ORIENTED_EDGE('',*,*,#4401,.F.);
#1298=ORIENTED_EDGE('',*,*,#4402,.F.);
#1299=ORIENTED_EDGE('',*,*,#4403,.F.);
#1300=ORIENTED_EDGE('',*,*,#4404,.F.);
#1301=ORIENTED_EDGE('',*,*,#4405,.F.);
#1302=ORIENTED_EDGE('',*,*,#4406,.F.);
#1303=ORIENTED_EDGE('',*,*,#4407,.F.);
#1304=ORIENTED_EDGE('',*,*,#4408,.F.);
#1305=ORIENTED_EDGE('',*,*,#4409,.F.);
#1306=ORIENTED_EDGE('',*,*,#4410,.F.);
#1307=ORIENTED_EDGE('',*,*,#4411,.F.);
#1308=ORIENTED_EDGE('',*,*,#4412,.F.);
#1309=ORIENTED_EDGE('',*,*,#4413,.F.);
#1310=ORIENTED_EDGE('',*,*,#4414,.F.);
#1311=ORIENTED_EDGE('',*,*,#4415,.F.);
#1312=ORIENTED_EDGE('',*,*,#4416,.F.);
#1313=ORIENTED_EDGE('',*,*,#4417,.F.);
#1314=ORIENTED_EDGE('',*,*,#4418,.F.);
#1315=ORIENTED_EDGE('',*,*,#4419,.F.);
#1316=ORIENTED_EDGE('',*,*,#4420,.F.);
#1317=ORIENTED_EDGE('',*,*,#4421,.F.);
#1318=ORIENTED_EDGE('',*,*,#4422,.F.);
#1319=ORIENTED_EDGE('',*,*,#4423,.F.);
#1320=ORIENTED_EDGE('',*,*,#4424,.F.);
#1321=ORIENTED_EDGE('',*,*,#4425,.F.);
#1322=ORIENTED_EDGE('',*,*,#4426,.F.);
#1323=ORIENTED_EDGE('',*,*,#4427,.F.);
#1324=ORIENTED_EDGE('',*,*,#4428,.F.);
#1325=ORIENTED_EDGE('',*,*,#4429,.F.);
#1326=ORIENTED_EDGE('',*,*,#4430,.F.);
#1327=ORIENTED_EDGE('',*,*,#4431,.F.);
#1328=ORIENTED_EDGE('',*,*,#4432,.F.);
#1329=ORIENTED_EDGE('',*,*,#4433,.F.);
#1330=ORIENTED_EDGE('',*,*,#4434,.F.);
#1331=ORIENTED_EDGE('',*,*,#4435,.F.);
#1332=ORIENTED_EDGE('',*,*,#4436,.F.);
#1333=ORIENTED_EDGE('',*,*,#4437,.F.);
#1334=ORIENTED_EDGE('',*,*,#4438,.F.);
#1335=ORIENTED_EDGE('',*,*,#4439,.F.);
#1336=ORIENTED_EDGE('',*,*,#4440,.F.);
#1337=ORIENTED_EDGE('',*,*,#4441,.F.);
#1338=ORIENTED_EDGE('',*,*,#4442,.F.);
#1339=ORIENTED_EDGE('',*,*,#4443,.F.);
#1340=ORIENTED_EDGE('',*,*,#4444,.F.);
#1341=ORIENTED_EDGE('',*,*,#4445,.F.);
#1342=ORIENTED_EDGE('',*,*,#4446,.F.);
#1343=ORIENTED_EDGE('',*,*,#4447,.F.);
#1344=ORIENTED_EDGE('',*,*,#4448,.F.);
#1345=ORIENTED_EDGE('',*,*,#4449,.F.);
#1346=ORIENTED_EDGE('',*,*,#4450,.F.);
#1347=ORIENTED_EDGE('',*,*,#4451,.F.);
#1348=ORIENTED_EDGE('',*,*,#4452,.F.);
#1349=ORIENTED_EDGE('',*,*,#4453,.F.);
#1350=ORIENTED_EDGE('',*,*,#4454,.F.);
#1351=ORIENTED_EDGE('',*,*,#4455,.F.);
#1352=ORIENTED_EDGE('',*,*,#4456,.F.);
#1353=ORIENTED_EDGE('',*,*,#4457,.F.);
#1354=ORIENTED_EDGE('',*,*,#4458,.F.);
#1355=ORIENTED_EDGE('',*,*,#4459,.F.);
#1356=ORIENTED_EDGE('',*,*,#4460,.F.);
#1357=ORIENTED_EDGE('',*,*,#4461,.F.);
#1358=ORIENTED_EDGE('',*,*,#4462,.F.);
#1359=ORIENTED_EDGE('',*,*,#4463,.F.);
#1360=ORIENTED_EDGE('',*,*,#4464,.F.);
#1361=ORIENTED_EDGE('',*,*,#4465,.F.);
#1362=ORIENTED_EDGE('',*,*,#4466,.F.);
#1363=ORIENTED_EDGE('',*,*,#4467,.F.);
#1364=ORIENTED_EDGE('',*,*,#4468,.F.);
#1365=ORIENTED_EDGE('',*,*,#4469,.F.);
#1366=ORIENTED_EDGE('',*,*,#4470,.F.);
#1367=ORIENTED_EDGE('',*,*,#4471,.F.);
#1368=ORIENTED_EDGE('',*,*,#4472,.F.);
#1369=ORIENTED_EDGE('',*,*,#4473,.F.);
#1370=ORIENTED_EDGE('',*,*,#4474,.F.);
#1371=ORIENTED_EDGE('',*,*,#4475,.F.);
#1372=ORIENTED_EDGE('',*,*,#4476,.F.);
#1373=ORIENTED_EDGE('',*,*,#4477,.F.);
#1374=ORIENTED_EDGE('',*,*,#4478,.F.);
#1375=ORIENTED_EDGE('',*,*,#4479,.F.);
#1376=ORIENTED_EDGE('',*,*,#4480,.F.);
#1377=ORIENTED_EDGE('',*,*,#4481,.F.);
#1378=ORIENTED_EDGE('',*,*,#4482,.F.);
#1379=ORIENTED_EDGE('',*,*,#4483,.F.);
#1380=ORIENTED_EDGE('',*,*,#4484,.F.);
#1381=ORIENTED_EDGE('',*,*,#4485,.F.);
#1382=ORIENTED_EDGE('',*,*,#4486,.F.);
#1383=ORIENTED_EDGE('',*,*,#4487,.F.);
#1384=ORIENTED_EDGE('',*,*,#4488,.F.);
#1385=ORIENTED_EDGE('',*,*,#4489,.F.);
#1386=ORIENTED_EDGE('',*,*,#4490,.F.);
#1387=ORIENTED_EDGE('',*,*,#4491,.F.);
#1388=ORIENTED_EDGE('',*,*,#4492,.F.);
#1389=ORIENTED_EDGE('',*,*,#4493,.F.);
#1390=ORIENTED_EDGE('',*,*,#4494,.F.);
#1391=ORIENTED_EDGE('',*,*,#4495,.F.);
#1392=ORIENTED_EDGE('',*,*,#4496,.F.);
#1393=ORIENTED_EDGE('',*,*,#4497,.F.);
#1394=ORIENTED_EDGE('',*,*,#4498,.F.);
#1395=ORIENTED_EDGE('',*,*,#4499,.F.);
#1396=ORIENTED_EDGE('',*,*,#4500,.F.);
#1397=ORIENTED_EDGE('',*,*,#4501,.F.);
#1398=ORIENTED_EDGE('',*,*,#4502,.F.);
#1399=ORIENTED_EDGE('',*,*,#4503,.F.);
#1400=ORIENTED_EDGE('',*,*,#4504,.F.);
#1401=ORIENTED_EDGE('',*,*,#4505,.F.);
#1402=ORIENTED_EDGE('',*,*,#4506,.F.);
#1403=ORIENTED_EDGE('',*,*,#4507,.F.);
#1404=ORIENTED_EDGE('',*,*,#4508,.F.);
#1405=ORIENTED_EDGE('',*,*,#4509,.F.);
#1406=ORIENTED_EDGE('',*,*,#4510,.F.);
#1407=ORIENTED_EDGE('',*,*,#4511,.F.);
#1408=ORIENTED_EDGE('',*,*,#4512,.F.);
#1409=ORIENTED_EDGE('',*,*,#4513,.F.);
#1410=ORIENTED_EDGE('',*,*,#4514,.F.);
#1411=ORIENTED_EDGE('',*,*,#4515,.F.);
#1412=ORIENTED_EDGE('',*,*,#4516,.F.);
#1413=ORIENTED_EDGE('',*,*,#4517,.F.);
#1414=ORIENTED_EDGE('',*,*,#4518,.F.);
#1415=ORIENTED_EDGE('',*,*,#4519,.F.);
#1416=ORIENTED_EDGE('',*,*,#4520,.F.);
#1417=ORIENTED_EDGE('',*,*,#4521,.F.);
#1418=ORIENTED_EDGE('',*,*,#4522,.F.);
#1419=ORIENTED_EDGE('',*,*,#4523,.F.);
#1420=ORIENTED_EDGE('',*,*,#4524,.F.);
#1421=ORIENTED_EDGE('',*,*,#4525,.F.);
#1422=ORIENTED_EDGE('',*,*,#4526,.F.);
#1423=ORIENTED_EDGE('',*,*,#4527,.F.);
#1424=ORIENTED_EDGE('',*,*,#4528,.F.);
#1425=ORIENTED_EDGE('',*,*,#4529,.F.);
#1426=ORIENTED_EDGE('',*,*,#4530,.F.);
#1427=ORIENTED_EDGE('',*,*,#4531,.F.);
#1428=ORIENTED_EDGE('',*,*,#4532,.F.);
#1429=ORIENTED_EDGE('',*,*,#4533,.F.);
#1430=ORIENTED_EDGE('',*,*,#4534,.F.);
#1431=ORIENTED_EDGE('',*,*,#4535,.F.);
#1432=ORIENTED_EDGE('',*,*,#4536,.F.);
#1433=ORIENTED_EDGE('',*,*,#4537,.F.);
#1434=ORIENTED_EDGE('',*,*,#4538,.F.);
#1435=ORIENTED_EDGE('',*,*,#4539,.F.);
#1436=ORIENTED_EDGE('',*,*,#4540,.F.);
#1437=ORIENTED_EDGE('',*,*,#4541,.F.);
#1438=ORIENTED_EDGE('',*,*,#4542,.F.);
#1439=ORIENTED_EDGE('',*,*,#4543,.F.);
#1440=ORIENTED_EDGE('',*,*,#4544,.F.);
#1441=ORIENTED_EDGE('',*,*,#4545,.F.);
#1442=ORIENTED_EDGE('',*,*,#4546,.F.);
#1443=ORIENTED_EDGE('',*,*,#4547,.F.);
#1444=ORIENTED_EDGE('',*,*,#4548,.F.);
#1445=ORIENTED_EDGE('',*,*,#4549,.F.);
#1446=ORIENTED_EDGE('',*,*,#4550,.F.);
#1447=ORIENTED_EDGE('',*,*,#4551,.F.);
#1448=ORIENTED_EDGE('',*,*,#4552,.F.);
#1449=ORIENTED_EDGE('',*,*,#4553,.F.);
#1450=ORIENTED_EDGE('',*,*,#4554,.F.);
#1451=ORIENTED_EDGE('',*,*,#4555,.F.);
#1452=ORIENTED_EDGE('',*,*,#4556,.F.);
#1453=ORIENTED_EDGE('',*,*,#4557,.F.);
#1454=ORIENTED_EDGE('',*,*,#4558,.F.);
#1455=ORIENTED_EDGE('',*,*,#4559,.F.);
#1456=ORIENTED_EDGE('',*,*,#4560,.F.);
#1457=ORIENTED_EDGE('',*,*,#4561,.F.);
#1458=ORIENTED_EDGE('',*,*,#4562,.F.);
#1459=ORIENTED_EDGE('',*,*,#4563,.F.);
#1460=ORIENTED_EDGE('',*,*,#4564,.F.);
#1461=ORIENTED_EDGE('',*,*,#4565,.F.);
#1462=ORIENTED_EDGE('',*,*,#4566,.F.);
#1463=ORIENTED_EDGE('',*,*,#4567,.F.);
#1464=ORIENTED_EDGE('',*,*,#4568,.F.);
#1465=ORIENTED_EDGE('',*,*,#4569,.F.);
#1466=ORIENTED_EDGE('',*,*,#4570,.F.);
#1467=ORIENTED_EDGE('',*,*,#4571,.F.);
#1468=ORIENTED_EDGE('',*,*,#4572,.F.);
#1469=ORIENTED_EDGE('',*,*,#4573,.F.);
#1470=ORIENTED_EDGE('',*,*,#4574,.F.);
#1471=ORIENTED_EDGE('',*,*,#4575,.F.);
#1472=ORIENTED_EDGE('',*,*,#4576,.F.);
#1473=ORIENTED_EDGE('',*,*,#4577,.F.);
#1474=ORIENTED_EDGE('',*,*,#4578,.F.);
#1475=ORIENTED_EDGE('',*,*,#4579,.F.);
#1476=ORIENTED_EDGE('',*,*,#4580,.F.);
#1477=ORIENTED_EDGE('',*,*,#4581,.F.);
#1478=ORIENTED_EDGE('',*,*,#4582,.F.);
#1479=ORIENTED_EDGE('',*,*,#4583,.F.);
#1480=ORIENTED_EDGE('',*,*,#4584,.F.);
#1481=ORIENTED_EDGE('',*,*,#4585,.F.);
#1482=ORIENTED_EDGE('',*,*,#4586,.F.);
#1483=ORIENTED_EDGE('',*,*,#4587,.F.);
#1484=ORIENTED_EDGE('',*,*,#4588,.F.);
#1485=ORIENTED_EDGE('',*,*,#4589,.F.);
#1486=ORIENTED_EDGE('',*,*,#4590,.F.);
#1487=ORIENTED_EDGE('',*,*,#4591,.F.);
#1488=ORIENTED_EDGE('',*,*,#4592,.F.);
#1489=ORIENTED_EDGE('',*,*,#4593,.F.);
#1490=ORIENTED_EDGE('',*,*,#4594,.F.);
#1491=ORIENTED_EDGE('',*,*,#4595,.F.);
#1492=ORIENTED_EDGE('',*,*,#4596,.F.);
#1493=ORIENTED_EDGE('',*,*,#4597,.F.);
#1494=ORIENTED_EDGE('',*,*,#4598,.F.);
#1495=ORIENTED_EDGE('',*,*,#4599,.F.);
#1496=ORIENTED_EDGE('',*,*,#4600,.F.);
#1497=ORIENTED_EDGE('',*,*,#4601,.F.);
#1498=ORIENTED_EDGE('',*,*,#4602,.F.);
#1499=ORIENTED_EDGE('',*,*,#4603,.F.);
#1500=ORIENTED_EDGE('',*,*,#4604,.F.);
#1501=ORIENTED_EDGE('',*,*,#4605,.F.);
#1502=ORIENTED_EDGE('',*,*,#4606,.F.);
#1503=ORIENTED_EDGE('',*,*,#4607,.F.);
#1504=ORIENTED_EDGE('',*,*,#4608,.F.);
#1505=ORIENTED_EDGE('',*,*,#4609,.F.);
#1506=ORIENTED_EDGE('',*,*,#4610,.F.);
#1507=ORIENTED_EDGE('',*,*,#4611,.F.);
#1508=ORIENTED_EDGE('',*,*,#4612,.F.);
#1509=ORIENTED_EDGE('',*,*,#4613,.F.);
#1510=ORIENTED_EDGE('',*,*,#4614,.F.);
#1511=ORIENTED_EDGE('',*,*,#4615,.F.);
#1512=ORIENTED_EDGE('',*,*,#4616,.F.);
#1513=ORIENTED_EDGE('',*,*,#4617,.F.);
#1514=ORIENTED_EDGE('',*,*,#4618,.F.);
#1515=ORIENTED_EDGE('',*,*,#4619,.F.);
#1516=ORIENTED_EDGE('',*,*,#4620,.F.);
#1517=ORIENTED_EDGE('',*,*,#4621,.F.);
#1518=ORIENTED_EDGE('',*,*,#4622,.F.);
#1519=ORIENTED_EDGE('',*,*,#4623,.F.);
#1520=ORIENTED_EDGE('',*,*,#4624,.F.);
#1521=ORIENTED_EDGE('',*,*,#4625,.F.);
#1522=ORIENTED_EDGE('',*,*,#4626,.F.);
#1523=ORIENTED_EDGE('',*,*,#4627,.F.);
#1524=ORIENTED_EDGE('',*,*,#4628,.F.);
#1525=ORIENTED_EDGE('',*,*,#4629,.F.);
#1526=ORIENTED_EDGE('',*,*,#4630,.F.);
#1527=ORIENTED_EDGE('',*,*,#4631,.F.);
#1528=ORIENTED_EDGE('',*,*,#4632,.F.);
#1529=ORIENTED_EDGE('',*,*,#4633,.F.);
#1530=ORIENTED_EDGE('',*,*,#4634,.F.);
#1531=ORIENTED_EDGE('',*,*,#4635,.F.);
#1532=ORIENTED_EDGE('',*,*,#4636,.F.);
#1533=ORIENTED_EDGE('',*,*,#4637,.F.);
#1534=ORIENTED_EDGE('',*,*,#4638,.F.);
#1535=ORIENTED_EDGE('',*,*,#4639,.F.);
#1536=ORIENTED_EDGE('',*,*,#4640,.F.);
#1537=ORIENTED_EDGE('',*,*,#4641,.F.);
#1538=ORIENTED_EDGE('',*,*,#4642,.F.);
#1539=ORIENTED_EDGE('',*,*,#4643,.F.);
#1540=ORIENTED_EDGE('',*,*,#4644,.F.);
#1541=ORIENTED_EDGE('',*,*,#4645,.F.);
#1542=ORIENTED_EDGE('',*,*,#4646,.F.);
#1543=ORIENTED_EDGE('',*,*,#4647,.F.);
#1544=ORIENTED_EDGE('',*,*,#4648,.F.);
#1545=ORIENTED_EDGE('',*,*,#4649,.F.);
#1546=ORIENTED_EDGE('',*,*,#4650,.F.);
#1547=ORIENTED_EDGE('',*,*,#4651,.F.);
#1548=ORIENTED_EDGE('',*,*,#4652,.F.);
#1549=ORIENTED_EDGE('',*,*,#4653,.F.);
#1550=ORIENTED_EDGE('',*,*,#4654,.F.);
#1551=ORIENTED_EDGE('',*,*,#4655,.F.);
#1552=ORIENTED_EDGE('',*,*,#4656,.F.);
#1553=ORIENTED_EDGE('',*,*,#4657,.F.);
#1554=ORIENTED_EDGE('',*,*,#4658,.F.);
#1555=ORIENTED_EDGE('',*,*,#4659,.F.);
#1556=ORIENTED_EDGE('',*,*,#4660,.F.);
#1557=ORIENTED_EDGE('',*,*,#4661,.F.);
#1558=ORIENTED_EDGE('',*,*,#4662,.F.);
#1559=ORIENTED_EDGE('',*,*,#4663,.F.);
#1560=ORIENTED_EDGE('',*,*,#4664,.F.);
#1561=ORIENTED_EDGE('',*,*,#4665,.F.);
#1562=ORIENTED_EDGE('',*,*,#4666,.F.);
#1563=ORIENTED_EDGE('',*,*,#4667,.F.);
#1564=ORIENTED_EDGE('',*,*,#4668,.F.);
#1565=ORIENTED_EDGE('',*,*,#4669,.F.);
#1566=ORIENTED_EDGE('',*,*,#4670,.F.);
#1567=ORIENTED_EDGE('',*,*,#4671,.F.);
#1568=ORIENTED_EDGE('',*,*,#4672,.F.);
#1569=ORIENTED_EDGE('',*,*,#4673,.F.);
#1570=ORIENTED_EDGE('',*,*,#4674,.F.);
#1571=ORIENTED_EDGE('',*,*,#4675,.F.);
#1572=ORIENTED_EDGE('',*,*,#4676,.F.);
#1573=ORIENTED_EDGE('',*,*,#4677,.F.);
#1574=ORIENTED_EDGE('',*,*,#4678,.F.);
#1575=ORIENTED_EDGE('',*,*,#4679,.F.);
#1576=ORIENTED_EDGE('',*,*,#4680,.F.);
#1577=ORIENTED_EDGE('',*,*,#4681,.F.);
#1578=ORIENTED_EDGE('',*,*,#4682,.F.);
#1579=ORIENTED_EDGE('',*,*,#4683,.F.);
#1580=ORIENTED_EDGE('',*,*,#4684,.F.);
#1581=ORIENTED_EDGE('',*,*,#4685,.F.);
#1582=ORIENTED_EDGE('',*,*,#4686,.F.);
#1583=ORIENTED_EDGE('',*,*,#4687,.F.);
#1584=ORIENTED_EDGE('',*,*,#4688,.F.);
#1585=ORIENTED_EDGE('',*,*,#4689,.F.);
#1586=ORIENTED_EDGE('',*,*,#4690,.F.);
#1587=ORIENTED_EDGE('',*,*,#4691,.F.);
#1588=ORIENTED_EDGE('',*,*,#4692,.F.);
#1589=ORIENTED_EDGE('',*,*,#4693,.F.);
#1590=ORIENTED_EDGE('',*,*,#4694,.F.);
#1591=ORIENTED_EDGE('',*,*,#4695,.F.);
#1592=ORIENTED_EDGE('',*,*,#4696,.F.);
#1593=ORIENTED_EDGE('',*,*,#4697,.F.);
#1594=ORIENTED_EDGE('',*,*,#4698,.F.);
#1595=ORIENTED_EDGE('',*,*,#4699,.F.);
#1596=ORIENTED_EDGE('',*,*,#4700,.F.);
#1597=ORIENTED_EDGE('',*,*,#4701,.F.);
#1598=ORIENTED_EDGE('',*,*,#4702,.F.);
#1599=ORIENTED_EDGE('',*,*,#4703,.F.);
#1600=ORIENTED_EDGE('',*,*,#4704,.F.);
#1601=ORIENTED_EDGE('',*,*,#4705,.F.);
#1602=ORIENTED_EDGE('',*,*,#4706,.F.);
#1603=ORIENTED_EDGE('',*,*,#4707,.F.);
#1604=ORIENTED_EDGE('',*,*,#4708,.F.);
#1605=ORIENTED_EDGE('',*,*,#4709,.F.);
#1606=ORIENTED_EDGE('',*,*,#4710,.F.);
#1607=ORIENTED_EDGE('',*,*,#4711,.F.);
#1608=ORIENTED_EDGE('',*,*,#4712,.F.);
#1609=ORIENTED_EDGE('',*,*,#4713,.F.);
#1610=ORIENTED_EDGE('',*,*,#4714,.F.);
#1611=ORIENTED_EDGE('',*,*,#4715,.F.);
#1612=ORIENTED_EDGE('',*,*,#4716,.F.);
#1613=ORIENTED_EDGE('',*,*,#4717,.F.);
#1614=ORIENTED_EDGE('',*,*,#4718,.F.);
#1615=ORIENTED_EDGE('',*,*,#4719,.F.);
#1616=ORIENTED_EDGE('',*,*,#4720,.F.);
#1617=ORIENTED_EDGE('',*,*,#4721,.F.);
#1618=ORIENTED_EDGE('',*,*,#4722,.F.);
#1619=ORIENTED_EDGE('',*,*,#4723,.F.);
#1620=ORIENTED_EDGE('',*,*,#4724,.F.);
#1621=ORIENTED_EDGE('',*,*,#4725,.F.);
#1622=ORIENTED_EDGE('',*,*,#4726,.F.);
#1623=ORIENTED_EDGE('',*,*,#4727,.F.);
#1624=ORIENTED_EDGE('',*,*,#4728,.F.);
#1625=ORIENTED_EDGE('',*,*,#4729,.F.);
#1626=ORIENTED_EDGE('',*,*,#4730,.F.);
#1627=ORIENTED_EDGE('',*,*,#4731,.F.);
#1628=ORIENTED_EDGE('',*,*,#4732,.F.);
#1629=ORIENTED_EDGE('',*,*,#4733,.F.);
#1630=ORIENTED_EDGE('',*,*,#4734,.F.);
#1631=ORIENTED_EDGE('',*,*,#4735,.F.);
#1632=ORIENTED_EDGE('',*,*,#4736,.F.);
#1633=ORIENTED_EDGE('',*,*,#4737,.F.);
#1634=ORIENTED_EDGE('',*,*,#4738,.F.);
#1635=ORIENTED_EDGE('',*,*,#4739,.F.);
#1636=ORIENTED_EDGE('',*,*,#4740,.F.);
#1637=ORIENTED_EDGE('',*,*,#4741,.F.);
#1638=ORIENTED_EDGE('',*,*,#4742,.F.);
#1639=ORIENTED_EDGE('',*,*,#4244,.F.);
#1640=ORIENTED_EDGE('',*,*,#4230,.T.);
#1641=ORIENTED_EDGE('',*,*,#4250,.T.);
#1642=ORIENTED_EDGE('',*,*,#4247,.F.);
#1643=ORIENTED_EDGE('',*,*,#4251,.F.);
#1644=ORIENTED_EDGE('',*,*,#4743,.F.);
#1645=ORIENTED_EDGE('',*,*,#4744,.T.);
#1646=ORIENTED_EDGE('',*,*,#4745,.T.);
#1647=ORIENTED_EDGE('',*,*,#4254,.T.);
#1648=ORIENTED_EDGE('',*,*,#4746,.F.);
#1649=ORIENTED_EDGE('',*,*,#4747,.F.);
#1650=ORIENTED_EDGE('',*,*,#4743,.T.);
#1651=ORIENTED_EDGE('',*,*,#4253,.T.);
#1652=ORIENTED_EDGE('',*,*,#4748,.F.);
#1653=ORIENTED_EDGE('',*,*,#4749,.F.);
#1654=ORIENTED_EDGE('',*,*,#4746,.T.);
#1655=ORIENTED_EDGE('',*,*,#4255,.F.);
#1656=ORIENTED_EDGE('',*,*,#4750,.F.);
#1657=ORIENTED_EDGE('',*,*,#4751,.T.);
#1658=ORIENTED_EDGE('',*,*,#4752,.T.);
#1659=ORIENTED_EDGE('',*,*,#4258,.T.);
#1660=ORIENTED_EDGE('',*,*,#4753,.F.);
#1661=ORIENTED_EDGE('',*,*,#4754,.F.);
#1662=ORIENTED_EDGE('',*,*,#4750,.T.);
#1663=ORIENTED_EDGE('',*,*,#4257,.T.);
#1664=ORIENTED_EDGE('',*,*,#4755,.F.);
#1665=ORIENTED_EDGE('',*,*,#4756,.F.);
#1666=ORIENTED_EDGE('',*,*,#4753,.T.);
#1667=ORIENTED_EDGE('',*,*,#4259,.F.);
#1668=ORIENTED_EDGE('',*,*,#4757,.F.);
#1669=ORIENTED_EDGE('',*,*,#4758,.T.);
#1670=ORIENTED_EDGE('',*,*,#4759,.T.);
#1671=ORIENTED_EDGE('',*,*,#4262,.T.);
#1672=ORIENTED_EDGE('',*,*,#4760,.F.);
#1673=ORIENTED_EDGE('',*,*,#4761,.F.);
#1674=ORIENTED_EDGE('',*,*,#4757,.T.);
#1675=ORIENTED_EDGE('',*,*,#4261,.T.);
#1676=ORIENTED_EDGE('',*,*,#4762,.F.);
#1677=ORIENTED_EDGE('',*,*,#4763,.F.);
#1678=ORIENTED_EDGE('',*,*,#4760,.T.);
#1679=ORIENTED_EDGE('',*,*,#4764,.T.);
#1680=ORIENTED_EDGE('',*,*,#4765,.T.);
#1681=ORIENTED_EDGE('',*,*,#4263,.F.);
#1682=ORIENTED_EDGE('',*,*,#4766,.F.);
#1683=ORIENTED_EDGE('',*,*,#4267,.T.);
#1684=ORIENTED_EDGE('',*,*,#4767,.F.);
#1685=ORIENTED_EDGE('',*,*,#4768,.F.);
#1686=ORIENTED_EDGE('',*,*,#4766,.T.);
#1687=ORIENTED_EDGE('',*,*,#4266,.T.);
#1688=ORIENTED_EDGE('',*,*,#4769,.F.);
#1689=ORIENTED_EDGE('',*,*,#4770,.F.);
#1690=ORIENTED_EDGE('',*,*,#4767,.T.);
#1691=ORIENTED_EDGE('',*,*,#4268,.F.);
#1692=ORIENTED_EDGE('',*,*,#4771,.F.);
#1693=ORIENTED_EDGE('',*,*,#4772,.T.);
#1694=ORIENTED_EDGE('',*,*,#4773,.T.);
#1695=ORIENTED_EDGE('',*,*,#4271,.T.);
#1696=ORIENTED_EDGE('',*,*,#4774,.F.);
#1697=ORIENTED_EDGE('',*,*,#4775,.F.);
#1698=ORIENTED_EDGE('',*,*,#4771,.T.);
#1699=ORIENTED_EDGE('',*,*,#4270,.T.);
#1700=ORIENTED_EDGE('',*,*,#4776,.F.);
#1701=ORIENTED_EDGE('',*,*,#4777,.F.);
#1702=ORIENTED_EDGE('',*,*,#4774,.T.);
#1703=ORIENTED_EDGE('',*,*,#4272,.F.);
#1704=ORIENTED_EDGE('',*,*,#4778,.F.);
#1705=ORIENTED_EDGE('',*,*,#4779,.T.);
#1706=ORIENTED_EDGE('',*,*,#4780,.T.);
#1707=ORIENTED_EDGE('',*,*,#4275,.T.);
#1708=ORIENTED_EDGE('',*,*,#4781,.F.);
#1709=ORIENTED_EDGE('',*,*,#4782,.F.);
#1710=ORIENTED_EDGE('',*,*,#4778,.T.);
#1711=ORIENTED_EDGE('',*,*,#4274,.T.);
#1712=ORIENTED_EDGE('',*,*,#4783,.F.);
#1713=ORIENTED_EDGE('',*,*,#4784,.F.);
#1714=ORIENTED_EDGE('',*,*,#4781,.T.);
#1715=ORIENTED_EDGE('',*,*,#4278,.F.);
#1716=ORIENTED_EDGE('',*,*,#4785,.T.);
#1717=ORIENTED_EDGE('',*,*,#4786,.T.);
#1718=ORIENTED_EDGE('',*,*,#4787,.T.);
#1719=ORIENTED_EDGE('',*,*,#4788,.F.);
#1720=ORIENTED_EDGE('',*,*,#4789,.T.);
#1721=ORIENTED_EDGE('',*,*,#4276,.T.);
#1722=ORIENTED_EDGE('',*,*,#4790,.F.);
#1723=ORIENTED_EDGE('',*,*,#4280,.T.);
#1724=ORIENTED_EDGE('',*,*,#4791,.F.);
#1725=ORIENTED_EDGE('',*,*,#4792,.F.);
#1726=ORIENTED_EDGE('',*,*,#4790,.T.);
#1727=ORIENTED_EDGE('',*,*,#4281,.F.);
#1728=ORIENTED_EDGE('',*,*,#4793,.F.);
#1729=ORIENTED_EDGE('',*,*,#4794,.T.);
#1730=ORIENTED_EDGE('',*,*,#4795,.T.);
#1731=ORIENTED_EDGE('',*,*,#4284,.T.);
#1732=ORIENTED_EDGE('',*,*,#4796,.F.);
#1733=ORIENTED_EDGE('',*,*,#4797,.F.);
#1734=ORIENTED_EDGE('',*,*,#4793,.T.);
#1735=ORIENTED_EDGE('',*,*,#4283,.T.);
#1736=ORIENTED_EDGE('',*,*,#4798,.F.);
#1737=ORIENTED_EDGE('',*,*,#4799,.F.);
#1738=ORIENTED_EDGE('',*,*,#4796,.T.);
#1739=ORIENTED_EDGE('',*,*,#4285,.F.);
#1740=ORIENTED_EDGE('',*,*,#4800,.F.);
#1741=ORIENTED_EDGE('',*,*,#4801,.T.);
#1742=ORIENTED_EDGE('',*,*,#4802,.T.);
#1743=ORIENTED_EDGE('',*,*,#4288,.T.);
#1744=ORIENTED_EDGE('',*,*,#4803,.F.);
#1745=ORIENTED_EDGE('',*,*,#4804,.F.);
#1746=ORIENTED_EDGE('',*,*,#4800,.T.);
#1747=ORIENTED_EDGE('',*,*,#4287,.T.);
#1748=ORIENTED_EDGE('',*,*,#4805,.F.);
#1749=ORIENTED_EDGE('',*,*,#4806,.F.);
#1750=ORIENTED_EDGE('',*,*,#4803,.T.);
#1751=ORIENTED_EDGE('',*,*,#4289,.T.);
#1752=ORIENTED_EDGE('',*,*,#4807,.F.);
#1753=ORIENTED_EDGE('',*,*,#4808,.F.);
#1754=ORIENTED_EDGE('',*,*,#4809,.T.);
#1755=ORIENTED_EDGE('',*,*,#4321,.T.);
#1756=ORIENTED_EDGE('',*,*,#4810,.F.);
#1757=ORIENTED_EDGE('',*,*,#4811,.F.);
#1758=ORIENTED_EDGE('',*,*,#4807,.T.);
#1759=ORIENTED_EDGE('',*,*,#4320,.T.);
#1760=ORIENTED_EDGE('',*,*,#4812,.F.);
#1761=ORIENTED_EDGE('',*,*,#4813,.F.);
#1762=ORIENTED_EDGE('',*,*,#4810,.T.);
#1763=ORIENTED_EDGE('',*,*,#4319,.T.);
#1764=ORIENTED_EDGE('',*,*,#4814,.F.);
#1765=ORIENTED_EDGE('',*,*,#4815,.F.);
#1766=ORIENTED_EDGE('',*,*,#4812,.T.);
#1767=ORIENTED_EDGE('',*,*,#4318,.T.);
#1768=ORIENTED_EDGE('',*,*,#4816,.F.);
#1769=ORIENTED_EDGE('',*,*,#4817,.F.);
#1770=ORIENTED_EDGE('',*,*,#4814,.T.);
#1771=ORIENTED_EDGE('',*,*,#4317,.T.);
#1772=ORIENTED_EDGE('',*,*,#4818,.F.);
#1773=ORIENTED_EDGE('',*,*,#4819,.F.);
#1774=ORIENTED_EDGE('',*,*,#4816,.T.);
#1775=ORIENTED_EDGE('',*,*,#4316,.T.);
#1776=ORIENTED_EDGE('',*,*,#4820,.F.);
#1777=ORIENTED_EDGE('',*,*,#4821,.F.);
#1778=ORIENTED_EDGE('',*,*,#4818,.T.);
#1779=ORIENTED_EDGE('',*,*,#4315,.T.);
#1780=ORIENTED_EDGE('',*,*,#4822,.F.);
#1781=ORIENTED_EDGE('',*,*,#4823,.F.);
#1782=ORIENTED_EDGE('',*,*,#4820,.T.);
#1783=ORIENTED_EDGE('',*,*,#4314,.T.);
#1784=ORIENTED_EDGE('',*,*,#4824,.F.);
#1785=ORIENTED_EDGE('',*,*,#4825,.F.);
#1786=ORIENTED_EDGE('',*,*,#4822,.T.);
#1787=ORIENTED_EDGE('',*,*,#4313,.T.);
#1788=ORIENTED_EDGE('',*,*,#4826,.F.);
#1789=ORIENTED_EDGE('',*,*,#4827,.F.);
#1790=ORIENTED_EDGE('',*,*,#4824,.T.);
#1791=ORIENTED_EDGE('',*,*,#4312,.T.);
#1792=ORIENTED_EDGE('',*,*,#4828,.F.);
#1793=ORIENTED_EDGE('',*,*,#4829,.F.);
#1794=ORIENTED_EDGE('',*,*,#4826,.T.);
#1795=ORIENTED_EDGE('',*,*,#4311,.T.);
#1796=ORIENTED_EDGE('',*,*,#4830,.F.);
#1797=ORIENTED_EDGE('',*,*,#4831,.F.);
#1798=ORIENTED_EDGE('',*,*,#4828,.T.);
#1799=ORIENTED_EDGE('',*,*,#4310,.T.);
#1800=ORIENTED_EDGE('',*,*,#4832,.F.);
#1801=ORIENTED_EDGE('',*,*,#4833,.F.);
#1802=ORIENTED_EDGE('',*,*,#4830,.T.);
#1803=ORIENTED_EDGE('',*,*,#4309,.T.);
#1804=ORIENTED_EDGE('',*,*,#4834,.F.);
#1805=ORIENTED_EDGE('',*,*,#4835,.F.);
#1806=ORIENTED_EDGE('',*,*,#4832,.T.);
#1807=ORIENTED_EDGE('',*,*,#4308,.T.);
#1808=ORIENTED_EDGE('',*,*,#4836,.F.);
#1809=ORIENTED_EDGE('',*,*,#4837,.F.);
#1810=ORIENTED_EDGE('',*,*,#4834,.T.);
#1811=ORIENTED_EDGE('',*,*,#4307,.T.);
#1812=ORIENTED_EDGE('',*,*,#4838,.F.);
#1813=ORIENTED_EDGE('',*,*,#4839,.F.);
#1814=ORIENTED_EDGE('',*,*,#4836,.T.);
#1815=ORIENTED_EDGE('',*,*,#4306,.T.);
#1816=ORIENTED_EDGE('',*,*,#4840,.F.);
#1817=ORIENTED_EDGE('',*,*,#4841,.F.);
#1818=ORIENTED_EDGE('',*,*,#4838,.T.);
#1819=ORIENTED_EDGE('',*,*,#4305,.T.);
#1820=ORIENTED_EDGE('',*,*,#4842,.F.);
#1821=ORIENTED_EDGE('',*,*,#4843,.F.);
#1822=ORIENTED_EDGE('',*,*,#4840,.T.);
#1823=ORIENTED_EDGE('',*,*,#4304,.T.);
#1824=ORIENTED_EDGE('',*,*,#4844,.F.);
#1825=ORIENTED_EDGE('',*,*,#4845,.F.);
#1826=ORIENTED_EDGE('',*,*,#4842,.T.);
#1827=ORIENTED_EDGE('',*,*,#4303,.T.);
#1828=ORIENTED_EDGE('',*,*,#4846,.F.);
#1829=ORIENTED_EDGE('',*,*,#4847,.F.);
#1830=ORIENTED_EDGE('',*,*,#4844,.T.);
#1831=ORIENTED_EDGE('',*,*,#4302,.T.);
#1832=ORIENTED_EDGE('',*,*,#4848,.F.);
#1833=ORIENTED_EDGE('',*,*,#4849,.F.);
#1834=ORIENTED_EDGE('',*,*,#4846,.T.);
#1835=ORIENTED_EDGE('',*,*,#4301,.T.);
#1836=ORIENTED_EDGE('',*,*,#4850,.F.);
#1837=ORIENTED_EDGE('',*,*,#4851,.F.);
#1838=ORIENTED_EDGE('',*,*,#4848,.T.);
#1839=ORIENTED_EDGE('',*,*,#4300,.T.);
#1840=ORIENTED_EDGE('',*,*,#4852,.F.);
#1841=ORIENTED_EDGE('',*,*,#4853,.F.);
#1842=ORIENTED_EDGE('',*,*,#4850,.T.);
#1843=ORIENTED_EDGE('',*,*,#4299,.T.);
#1844=ORIENTED_EDGE('',*,*,#4854,.F.);
#1845=ORIENTED_EDGE('',*,*,#4855,.F.);
#1846=ORIENTED_EDGE('',*,*,#4852,.T.);
#1847=ORIENTED_EDGE('',*,*,#4298,.T.);
#1848=ORIENTED_EDGE('',*,*,#4856,.F.);
#1849=ORIENTED_EDGE('',*,*,#4857,.F.);
#1850=ORIENTED_EDGE('',*,*,#4854,.T.);
#1851=ORIENTED_EDGE('',*,*,#4297,.T.);
#1852=ORIENTED_EDGE('',*,*,#4858,.F.);
#1853=ORIENTED_EDGE('',*,*,#4859,.F.);
#1854=ORIENTED_EDGE('',*,*,#4856,.T.);
#1855=ORIENTED_EDGE('',*,*,#4296,.T.);
#1856=ORIENTED_EDGE('',*,*,#4860,.F.);
#1857=ORIENTED_EDGE('',*,*,#4861,.F.);
#1858=ORIENTED_EDGE('',*,*,#4858,.T.);
#1859=ORIENTED_EDGE('',*,*,#4295,.T.);
#1860=ORIENTED_EDGE('',*,*,#4862,.F.);
#1861=ORIENTED_EDGE('',*,*,#4863,.F.);
#1862=ORIENTED_EDGE('',*,*,#4860,.T.);
#1863=ORIENTED_EDGE('',*,*,#4294,.T.);
#1864=ORIENTED_EDGE('',*,*,#4864,.F.);
#1865=ORIENTED_EDGE('',*,*,#4865,.F.);
#1866=ORIENTED_EDGE('',*,*,#4862,.T.);
#1867=ORIENTED_EDGE('',*,*,#4293,.T.);
#1868=ORIENTED_EDGE('',*,*,#4866,.F.);
#1869=ORIENTED_EDGE('',*,*,#4867,.F.);
#1870=ORIENTED_EDGE('',*,*,#4864,.T.);
#1871=ORIENTED_EDGE('',*,*,#4292,.T.);
#1872=ORIENTED_EDGE('',*,*,#4868,.F.);
#1873=ORIENTED_EDGE('',*,*,#4869,.F.);
#1874=ORIENTED_EDGE('',*,*,#4866,.T.);
#1875=ORIENTED_EDGE('',*,*,#4291,.T.);
#1876=ORIENTED_EDGE('',*,*,#4870,.F.);
#1877=ORIENTED_EDGE('',*,*,#4871,.F.);
#1878=ORIENTED_EDGE('',*,*,#4868,.T.);
#1879=ORIENTED_EDGE('',*,*,#4322,.T.);
#1880=ORIENTED_EDGE('',*,*,#4872,.F.);
#1881=ORIENTED_EDGE('',*,*,#4873,.F.);
#1882=ORIENTED_EDGE('',*,*,#4874,.T.);
#1883=ORIENTED_EDGE('',*,*,#4350,.T.);
#1884=ORIENTED_EDGE('',*,*,#4875,.F.);
#1885=ORIENTED_EDGE('',*,*,#4876,.F.);
#1886=ORIENTED_EDGE('',*,*,#4872,.T.);
#1887=ORIENTED_EDGE('',*,*,#4349,.T.);
#1888=ORIENTED_EDGE('',*,*,#4877,.F.);
#1889=ORIENTED_EDGE('',*,*,#4878,.F.);
#1890=ORIENTED_EDGE('',*,*,#4875,.T.);
#1891=ORIENTED_EDGE('',*,*,#4348,.T.);
#1892=ORIENTED_EDGE('',*,*,#4879,.F.);
#1893=ORIENTED_EDGE('',*,*,#4880,.F.);
#1894=ORIENTED_EDGE('',*,*,#4877,.T.);
#1895=ORIENTED_EDGE('',*,*,#4347,.T.);
#1896=ORIENTED_EDGE('',*,*,#4881,.F.);
#1897=ORIENTED_EDGE('',*,*,#4882,.F.);
#1898=ORIENTED_EDGE('',*,*,#4879,.T.);
#1899=ORIENTED_EDGE('',*,*,#4346,.T.);
#1900=ORIENTED_EDGE('',*,*,#4883,.F.);
#1901=ORIENTED_EDGE('',*,*,#4884,.F.);
#1902=ORIENTED_EDGE('',*,*,#4881,.T.);
#1903=ORIENTED_EDGE('',*,*,#4345,.T.);
#1904=ORIENTED_EDGE('',*,*,#4885,.F.);
#1905=ORIENTED_EDGE('',*,*,#4886,.F.);
#1906=ORIENTED_EDGE('',*,*,#4883,.T.);
#1907=ORIENTED_EDGE('',*,*,#4344,.T.);
#1908=ORIENTED_EDGE('',*,*,#4887,.F.);
#1909=ORIENTED_EDGE('',*,*,#4888,.F.);
#1910=ORIENTED_EDGE('',*,*,#4885,.T.);
#1911=ORIENTED_EDGE('',*,*,#4343,.T.);
#1912=ORIENTED_EDGE('',*,*,#4889,.F.);
#1913=ORIENTED_EDGE('',*,*,#4890,.F.);
#1914=ORIENTED_EDGE('',*,*,#4887,.T.);
#1915=ORIENTED_EDGE('',*,*,#4342,.T.);
#1916=ORIENTED_EDGE('',*,*,#4891,.F.);
#1917=ORIENTED_EDGE('',*,*,#4892,.F.);
#1918=ORIENTED_EDGE('',*,*,#4889,.T.);
#1919=ORIENTED_EDGE('',*,*,#4341,.T.);
#1920=ORIENTED_EDGE('',*,*,#4893,.F.);
#1921=ORIENTED_EDGE('',*,*,#4894,.F.);
#1922=ORIENTED_EDGE('',*,*,#4891,.T.);
#1923=ORIENTED_EDGE('',*,*,#4340,.T.);
#1924=ORIENTED_EDGE('',*,*,#4895,.F.);
#1925=ORIENTED_EDGE('',*,*,#4896,.F.);
#1926=ORIENTED_EDGE('',*,*,#4893,.T.);
#1927=ORIENTED_EDGE('',*,*,#4339,.T.);
#1928=ORIENTED_EDGE('',*,*,#4897,.F.);
#1929=ORIENTED_EDGE('',*,*,#4898,.F.);
#1930=ORIENTED_EDGE('',*,*,#4895,.T.);
#1931=ORIENTED_EDGE('',*,*,#4338,.T.);
#1932=ORIENTED_EDGE('',*,*,#4899,.F.);
#1933=ORIENTED_EDGE('',*,*,#4900,.F.);
#1934=ORIENTED_EDGE('',*,*,#4897,.T.);
#1935=ORIENTED_EDGE('',*,*,#4337,.T.);
#1936=ORIENTED_EDGE('',*,*,#4901,.F.);
#1937=ORIENTED_EDGE('',*,*,#4902,.F.);
#1938=ORIENTED_EDGE('',*,*,#4899,.T.);
#1939=ORIENTED_EDGE('',*,*,#4336,.T.);
#1940=ORIENTED_EDGE('',*,*,#4903,.F.);
#1941=ORIENTED_EDGE('',*,*,#4904,.F.);
#1942=ORIENTED_EDGE('',*,*,#4901,.T.);
#1943=ORIENTED_EDGE('',*,*,#4335,.T.);
#1944=ORIENTED_EDGE('',*,*,#4905,.F.);
#1945=ORIENTED_EDGE('',*,*,#4906,.F.);
#1946=ORIENTED_EDGE('',*,*,#4903,.T.);
#1947=ORIENTED_EDGE('',*,*,#4334,.T.);
#1948=ORIENTED_EDGE('',*,*,#4907,.F.);
#1949=ORIENTED_EDGE('',*,*,#4908,.F.);
#1950=ORIENTED_EDGE('',*,*,#4905,.T.);
#1951=ORIENTED_EDGE('',*,*,#4333,.T.);
#1952=ORIENTED_EDGE('',*,*,#4909,.F.);
#1953=ORIENTED_EDGE('',*,*,#4910,.F.);
#1954=ORIENTED_EDGE('',*,*,#4907,.T.);
#1955=ORIENTED_EDGE('',*,*,#4332,.T.);
#1956=ORIENTED_EDGE('',*,*,#4911,.F.);
#1957=ORIENTED_EDGE('',*,*,#4912,.F.);
#1958=ORIENTED_EDGE('',*,*,#4909,.T.);
#1959=ORIENTED_EDGE('',*,*,#4331,.T.);
#1960=ORIENTED_EDGE('',*,*,#4913,.F.);
#1961=ORIENTED_EDGE('',*,*,#4914,.F.);
#1962=ORIENTED_EDGE('',*,*,#4911,.T.);
#1963=ORIENTED_EDGE('',*,*,#4330,.T.);
#1964=ORIENTED_EDGE('',*,*,#4915,.F.);
#1965=ORIENTED_EDGE('',*,*,#4916,.F.);
#1966=ORIENTED_EDGE('',*,*,#4913,.T.);
#1967=ORIENTED_EDGE('',*,*,#4329,.T.);
#1968=ORIENTED_EDGE('',*,*,#4917,.F.);
#1969=ORIENTED_EDGE('',*,*,#4918,.F.);
#1970=ORIENTED_EDGE('',*,*,#4915,.T.);
#1971=ORIENTED_EDGE('',*,*,#4328,.T.);
#1972=ORIENTED_EDGE('',*,*,#4919,.F.);
#1973=ORIENTED_EDGE('',*,*,#4920,.F.);
#1974=ORIENTED_EDGE('',*,*,#4917,.T.);
#1975=ORIENTED_EDGE('',*,*,#4327,.T.);
#1976=ORIENTED_EDGE('',*,*,#4921,.F.);
#1977=ORIENTED_EDGE('',*,*,#4922,.F.);
#1978=ORIENTED_EDGE('',*,*,#4919,.T.);
#1979=ORIENTED_EDGE('',*,*,#4326,.T.);
#1980=ORIENTED_EDGE('',*,*,#4923,.F.);
#1981=ORIENTED_EDGE('',*,*,#4924,.F.);
#1982=ORIENTED_EDGE('',*,*,#4921,.T.);
#1983=ORIENTED_EDGE('',*,*,#4325,.T.);
#1984=ORIENTED_EDGE('',*,*,#4925,.F.);
#1985=ORIENTED_EDGE('',*,*,#4926,.F.);
#1986=ORIENTED_EDGE('',*,*,#4923,.T.);
#1987=ORIENTED_EDGE('',*,*,#4324,.T.);
#1988=ORIENTED_EDGE('',*,*,#4927,.F.);
#1989=ORIENTED_EDGE('',*,*,#4928,.F.);
#1990=ORIENTED_EDGE('',*,*,#4925,.T.);
#1991=ORIENTED_EDGE('',*,*,#4351,.T.);
#1992=ORIENTED_EDGE('',*,*,#4929,.F.);
#1993=ORIENTED_EDGE('',*,*,#4930,.F.);
#1994=ORIENTED_EDGE('',*,*,#4931,.T.);
#1995=ORIENTED_EDGE('',*,*,#4361,.T.);
#1996=ORIENTED_EDGE('',*,*,#4932,.F.);
#1997=ORIENTED_EDGE('',*,*,#4933,.F.);
#1998=ORIENTED_EDGE('',*,*,#4929,.T.);
#1999=ORIENTED_EDGE('',*,*,#4360,.T.);
#2000=ORIENTED_EDGE('',*,*,#4934,.F.);
#2001=ORIENTED_EDGE('',*,*,#4935,.F.);
#2002=ORIENTED_EDGE('',*,*,#4932,.T.);
#2003=ORIENTED_EDGE('',*,*,#4359,.T.);
#2004=ORIENTED_EDGE('',*,*,#4936,.F.);
#2005=ORIENTED_EDGE('',*,*,#4937,.F.);
#2006=ORIENTED_EDGE('',*,*,#4934,.T.);
#2007=ORIENTED_EDGE('',*,*,#4358,.T.);
#2008=ORIENTED_EDGE('',*,*,#4938,.F.);
#2009=ORIENTED_EDGE('',*,*,#4939,.F.);
#2010=ORIENTED_EDGE('',*,*,#4936,.T.);
#2011=ORIENTED_EDGE('',*,*,#4357,.T.);
#2012=ORIENTED_EDGE('',*,*,#4940,.F.);
#2013=ORIENTED_EDGE('',*,*,#4941,.F.);
#2014=ORIENTED_EDGE('',*,*,#4938,.T.);
#2015=ORIENTED_EDGE('',*,*,#4356,.T.);
#2016=ORIENTED_EDGE('',*,*,#4942,.F.);
#2017=ORIENTED_EDGE('',*,*,#4943,.F.);
#2018=ORIENTED_EDGE('',*,*,#4940,.T.);
#2019=ORIENTED_EDGE('',*,*,#4355,.T.);
#2020=ORIENTED_EDGE('',*,*,#4944,.F.);
#2021=ORIENTED_EDGE('',*,*,#4945,.F.);
#2022=ORIENTED_EDGE('',*,*,#4942,.T.);
#2023=ORIENTED_EDGE('',*,*,#4354,.T.);
#2024=ORIENTED_EDGE('',*,*,#4946,.F.);
#2025=ORIENTED_EDGE('',*,*,#4947,.F.);
#2026=ORIENTED_EDGE('',*,*,#4944,.T.);
#2027=ORIENTED_EDGE('',*,*,#4353,.T.);
#2028=ORIENTED_EDGE('',*,*,#4948,.F.);
#2029=ORIENTED_EDGE('',*,*,#4949,.F.);
#2030=ORIENTED_EDGE('',*,*,#4946,.T.);
#2031=ORIENTED_EDGE('',*,*,#4362,.T.);
#2032=ORIENTED_EDGE('',*,*,#4950,.F.);
#2033=ORIENTED_EDGE('',*,*,#4951,.F.);
#2034=ORIENTED_EDGE('',*,*,#4952,.T.);
#2035=ORIENTED_EDGE('',*,*,#4385,.T.);
#2036=ORIENTED_EDGE('',*,*,#4953,.F.);
#2037=ORIENTED_EDGE('',*,*,#4954,.F.);
#2038=ORIENTED_EDGE('',*,*,#4950,.T.);
#2039=ORIENTED_EDGE('',*,*,#4384,.T.);
#2040=ORIENTED_EDGE('',*,*,#4955,.F.);
#2041=ORIENTED_EDGE('',*,*,#4956,.F.);
#2042=ORIENTED_EDGE('',*,*,#4953,.T.);
#2043=ORIENTED_EDGE('',*,*,#4383,.T.);
#2044=ORIENTED_EDGE('',*,*,#4957,.F.);
#2045=ORIENTED_EDGE('',*,*,#4958,.F.);
#2046=ORIENTED_EDGE('',*,*,#4955,.T.);
#2047=ORIENTED_EDGE('',*,*,#4382,.T.);
#2048=ORIENTED_EDGE('',*,*,#4959,.F.);
#2049=ORIENTED_EDGE('',*,*,#4960,.F.);
#2050=ORIENTED_EDGE('',*,*,#4957,.T.);
#2051=ORIENTED_EDGE('',*,*,#4381,.T.);
#2052=ORIENTED_EDGE('',*,*,#4961,.F.);
#2053=ORIENTED_EDGE('',*,*,#4962,.F.);
#2054=ORIENTED_EDGE('',*,*,#4959,.T.);
#2055=ORIENTED_EDGE('',*,*,#4380,.T.);
#2056=ORIENTED_EDGE('',*,*,#4963,.F.);
#2057=ORIENTED_EDGE('',*,*,#4964,.F.);
#2058=ORIENTED_EDGE('',*,*,#4961,.T.);
#2059=ORIENTED_EDGE('',*,*,#4379,.T.);
#2060=ORIENTED_EDGE('',*,*,#4965,.F.);
#2061=ORIENTED_EDGE('',*,*,#4966,.F.);
#2062=ORIENTED_EDGE('',*,*,#4963,.T.);
#2063=ORIENTED_EDGE('',*,*,#4378,.T.);
#2064=ORIENTED_EDGE('',*,*,#4967,.F.);
#2065=ORIENTED_EDGE('',*,*,#4968,.F.);
#2066=ORIENTED_EDGE('',*,*,#4965,.T.);
#2067=ORIENTED_EDGE('',*,*,#4377,.T.);
#2068=ORIENTED_EDGE('',*,*,#4969,.F.);
#2069=ORIENTED_EDGE('',*,*,#4970,.F.);
#2070=ORIENTED_EDGE('',*,*,#4967,.T.);
#2071=ORIENTED_EDGE('',*,*,#4376,.T.);
#2072=ORIENTED_EDGE('',*,*,#4971,.F.);
#2073=ORIENTED_EDGE('',*,*,#4972,.F.);
#2074=ORIENTED_EDGE('',*,*,#4969,.T.);
#2075=ORIENTED_EDGE('',*,*,#4375,.T.);
#2076=ORIENTED_EDGE('',*,*,#4973,.F.);
#2077=ORIENTED_EDGE('',*,*,#4974,.F.);
#2078=ORIENTED_EDGE('',*,*,#4971,.T.);
#2079=ORIENTED_EDGE('',*,*,#4374,.T.);
#2080=ORIENTED_EDGE('',*,*,#4975,.F.);
#2081=ORIENTED_EDGE('',*,*,#4976,.F.);
#2082=ORIENTED_EDGE('',*,*,#4973,.T.);
#2083=ORIENTED_EDGE('',*,*,#4373,.T.);
#2084=ORIENTED_EDGE('',*,*,#4977,.F.);
#2085=ORIENTED_EDGE('',*,*,#4978,.F.);
#2086=ORIENTED_EDGE('',*,*,#4975,.T.);
#2087=ORIENTED_EDGE('',*,*,#4372,.T.);
#2088=ORIENTED_EDGE('',*,*,#4979,.F.);
#2089=ORIENTED_EDGE('',*,*,#4980,.F.);
#2090=ORIENTED_EDGE('',*,*,#4977,.T.);
#2091=ORIENTED_EDGE('',*,*,#4371,.T.);
#2092=ORIENTED_EDGE('',*,*,#4981,.F.);
#2093=ORIENTED_EDGE('',*,*,#4982,.F.);
#2094=ORIENTED_EDGE('',*,*,#4979,.T.);
#2095=ORIENTED_EDGE('',*,*,#4370,.T.);
#2096=ORIENTED_EDGE('',*,*,#4983,.F.);
#2097=ORIENTED_EDGE('',*,*,#4984,.F.);
#2098=ORIENTED_EDGE('',*,*,#4981,.T.);
#2099=ORIENTED_EDGE('',*,*,#4369,.T.);
#2100=ORIENTED_EDGE('',*,*,#4985,.F.);
#2101=ORIENTED_EDGE('',*,*,#4986,.F.);
#2102=ORIENTED_EDGE('',*,*,#4983,.T.);
#2103=ORIENTED_EDGE('',*,*,#4368,.T.);
#2104=ORIENTED_EDGE('',*,*,#4987,.F.);
#2105=ORIENTED_EDGE('',*,*,#4988,.F.);
#2106=ORIENTED_EDGE('',*,*,#4985,.T.);
#2107=ORIENTED_EDGE('',*,*,#4367,.T.);
#2108=ORIENTED_EDGE('',*,*,#4989,.F.);
#2109=ORIENTED_EDGE('',*,*,#4990,.F.);
#2110=ORIENTED_EDGE('',*,*,#4987,.T.);
#2111=ORIENTED_EDGE('',*,*,#4366,.T.);
#2112=ORIENTED_EDGE('',*,*,#4991,.F.);
#2113=ORIENTED_EDGE('',*,*,#4992,.F.);
#2114=ORIENTED_EDGE('',*,*,#4989,.T.);
#2115=ORIENTED_EDGE('',*,*,#4365,.T.);
#2116=ORIENTED_EDGE('',*,*,#4993,.F.);
#2117=ORIENTED_EDGE('',*,*,#4994,.F.);
#2118=ORIENTED_EDGE('',*,*,#4991,.T.);
#2119=ORIENTED_EDGE('',*,*,#4364,.T.);
#2120=ORIENTED_EDGE('',*,*,#4995,.F.);
#2121=ORIENTED_EDGE('',*,*,#4996,.F.);
#2122=ORIENTED_EDGE('',*,*,#4993,.T.);
#2123=ORIENTED_EDGE('',*,*,#4386,.T.);
#2124=ORIENTED_EDGE('',*,*,#4997,.F.);
#2125=ORIENTED_EDGE('',*,*,#4998,.F.);
#2126=ORIENTED_EDGE('',*,*,#4999,.T.);
#2127=ORIENTED_EDGE('',*,*,#4406,.T.);
#2128=ORIENTED_EDGE('',*,*,#5000,.F.);
#2129=ORIENTED_EDGE('',*,*,#5001,.F.);
#2130=ORIENTED_EDGE('',*,*,#4997,.T.);
#2131=ORIENTED_EDGE('',*,*,#4405,.T.);
#2132=ORIENTED_EDGE('',*,*,#5002,.F.);
#2133=ORIENTED_EDGE('',*,*,#5003,.F.);
#2134=ORIENTED_EDGE('',*,*,#5000,.T.);
#2135=ORIENTED_EDGE('',*,*,#4404,.T.);
#2136=ORIENTED_EDGE('',*,*,#5004,.F.);
#2137=ORIENTED_EDGE('',*,*,#5005,.F.);
#2138=ORIENTED_EDGE('',*,*,#5002,.T.);
#2139=ORIENTED_EDGE('',*,*,#4403,.T.);
#2140=ORIENTED_EDGE('',*,*,#5006,.F.);
#2141=ORIENTED_EDGE('',*,*,#5007,.F.);
#2142=ORIENTED_EDGE('',*,*,#5004,.T.);
#2143=ORIENTED_EDGE('',*,*,#4402,.T.);
#2144=ORIENTED_EDGE('',*,*,#5008,.F.);
#2145=ORIENTED_EDGE('',*,*,#5009,.F.);
#2146=ORIENTED_EDGE('',*,*,#5006,.T.);
#2147=ORIENTED_EDGE('',*,*,#4401,.T.);
#2148=ORIENTED_EDGE('',*,*,#5010,.F.);
#2149=ORIENTED_EDGE('',*,*,#5011,.F.);
#2150=ORIENTED_EDGE('',*,*,#5008,.T.);
#2151=ORIENTED_EDGE('',*,*,#4400,.T.);
#2152=ORIENTED_EDGE('',*,*,#5012,.F.);
#2153=ORIENTED_EDGE('',*,*,#5013,.F.);
#2154=ORIENTED_EDGE('',*,*,#5010,.T.);
#2155=ORIENTED_EDGE('',*,*,#4399,.T.);
#2156=ORIENTED_EDGE('',*,*,#5014,.F.);
#2157=ORIENTED_EDGE('',*,*,#5015,.F.);
#2158=ORIENTED_EDGE('',*,*,#5012,.T.);
#2159=ORIENTED_EDGE('',*,*,#4398,.T.);
#2160=ORIENTED_EDGE('',*,*,#5016,.F.);
#2161=ORIENTED_EDGE('',*,*,#5017,.F.);
#2162=ORIENTED_EDGE('',*,*,#5014,.T.);
#2163=ORIENTED_EDGE('',*,*,#4397,.T.);
#2164=ORIENTED_EDGE('',*,*,#5018,.F.);
#2165=ORIENTED_EDGE('',*,*,#5019,.F.);
#2166=ORIENTED_EDGE('',*,*,#5016,.T.);
#2167=ORIENTED_EDGE('',*,*,#4396,.T.);
#2168=ORIENTED_EDGE('',*,*,#5020,.F.);
#2169=ORIENTED_EDGE('',*,*,#5021,.F.);
#2170=ORIENTED_EDGE('',*,*,#5018,.T.);
#2171=ORIENTED_EDGE('',*,*,#4395,.T.);
#2172=ORIENTED_EDGE('',*,*,#5022,.F.);
#2173=ORIENTED_EDGE('',*,*,#5023,.F.);
#2174=ORIENTED_EDGE('',*,*,#5020,.T.);
#2175=ORIENTED_EDGE('',*,*,#4394,.T.);
#2176=ORIENTED_EDGE('',*,*,#5024,.F.);
#2177=ORIENTED_EDGE('',*,*,#5025,.F.);
#2178=ORIENTED_EDGE('',*,*,#5022,.T.);
#2179=ORIENTED_EDGE('',*,*,#4393,.T.);
#2180=ORIENTED_EDGE('',*,*,#5026,.F.);
#2181=ORIENTED_EDGE('',*,*,#5027,.F.);
#2182=ORIENTED_EDGE('',*,*,#5024,.T.);
#2183=ORIENTED_EDGE('',*,*,#4392,.T.);
#2184=ORIENTED_EDGE('',*,*,#5028,.F.);
#2185=ORIENTED_EDGE('',*,*,#5029,.F.);
#2186=ORIENTED_EDGE('',*,*,#5026,.T.);
#2187=ORIENTED_EDGE('',*,*,#4391,.T.);
#2188=ORIENTED_EDGE('',*,*,#5030,.F.);
#2189=ORIENTED_EDGE('',*,*,#5031,.F.);
#2190=ORIENTED_EDGE('',*,*,#5028,.T.);
#2191=ORIENTED_EDGE('',*,*,#4390,.T.);
#2192=ORIENTED_EDGE('',*,*,#5032,.F.);
#2193=ORIENTED_EDGE('',*,*,#5033,.F.);
#2194=ORIENTED_EDGE('',*,*,#5030,.T.);
#2195=ORIENTED_EDGE('',*,*,#4389,.T.);
#2196=ORIENTED_EDGE('',*,*,#5034,.F.);
#2197=ORIENTED_EDGE('',*,*,#5035,.F.);
#2198=ORIENTED_EDGE('',*,*,#5032,.T.);
#2199=ORIENTED_EDGE('',*,*,#4388,.T.);
#2200=ORIENTED_EDGE('',*,*,#5036,.F.);
#2201=ORIENTED_EDGE('',*,*,#5037,.F.);
#2202=ORIENTED_EDGE('',*,*,#5034,.T.);
#2203=ORIENTED_EDGE('',*,*,#4407,.T.);
#2204=ORIENTED_EDGE('',*,*,#5038,.F.);
#2205=ORIENTED_EDGE('',*,*,#5039,.F.);
#2206=ORIENTED_EDGE('',*,*,#5040,.T.);
#2207=ORIENTED_EDGE('',*,*,#4416,.T.);
#2208=ORIENTED_EDGE('',*,*,#5041,.F.);
#2209=ORIENTED_EDGE('',*,*,#5042,.F.);
#2210=ORIENTED_EDGE('',*,*,#5038,.T.);
#2211=ORIENTED_EDGE('',*,*,#4415,.T.);
#2212=ORIENTED_EDGE('',*,*,#5043,.F.);
#2213=ORIENTED_EDGE('',*,*,#5044,.F.);
#2214=ORIENTED_EDGE('',*,*,#5041,.T.);
#2215=ORIENTED_EDGE('',*,*,#4414,.T.);
#2216=ORIENTED_EDGE('',*,*,#5045,.F.);
#2217=ORIENTED_EDGE('',*,*,#5046,.F.);
#2218=ORIENTED_EDGE('',*,*,#5043,.T.);
#2219=ORIENTED_EDGE('',*,*,#4413,.T.);
#2220=ORIENTED_EDGE('',*,*,#5047,.F.);
#2221=ORIENTED_EDGE('',*,*,#5048,.F.);
#2222=ORIENTED_EDGE('',*,*,#5045,.T.);
#2223=ORIENTED_EDGE('',*,*,#4412,.T.);
#2224=ORIENTED_EDGE('',*,*,#5049,.F.);
#2225=ORIENTED_EDGE('',*,*,#5050,.F.);
#2226=ORIENTED_EDGE('',*,*,#5047,.T.);
#2227=ORIENTED_EDGE('',*,*,#4411,.T.);
#2228=ORIENTED_EDGE('',*,*,#5051,.F.);
#2229=ORIENTED_EDGE('',*,*,#5052,.F.);
#2230=ORIENTED_EDGE('',*,*,#5049,.T.);
#2231=ORIENTED_EDGE('',*,*,#4410,.T.);
#2232=ORIENTED_EDGE('',*,*,#5053,.F.);
#2233=ORIENTED_EDGE('',*,*,#5054,.F.);
#2234=ORIENTED_EDGE('',*,*,#5051,.T.);
#2235=ORIENTED_EDGE('',*,*,#4409,.T.);
#2236=ORIENTED_EDGE('',*,*,#5055,.F.);
#2237=ORIENTED_EDGE('',*,*,#5056,.F.);
#2238=ORIENTED_EDGE('',*,*,#5053,.T.);
#2239=ORIENTED_EDGE('',*,*,#4417,.T.);
#2240=ORIENTED_EDGE('',*,*,#5057,.F.);
#2241=ORIENTED_EDGE('',*,*,#5058,.F.);
#2242=ORIENTED_EDGE('',*,*,#5059,.T.);
#2243=ORIENTED_EDGE('',*,*,#4461,.T.);
#2244=ORIENTED_EDGE('',*,*,#5060,.F.);
#2245=ORIENTED_EDGE('',*,*,#5061,.F.);
#2246=ORIENTED_EDGE('',*,*,#5057,.T.);
#2247=ORIENTED_EDGE('',*,*,#4460,.T.);
#2248=ORIENTED_EDGE('',*,*,#5062,.F.);
#2249=ORIENTED_EDGE('',*,*,#5063,.F.);
#2250=ORIENTED_EDGE('',*,*,#5060,.T.);
#2251=ORIENTED_EDGE('',*,*,#4459,.T.);
#2252=ORIENTED_EDGE('',*,*,#5064,.F.);
#2253=ORIENTED_EDGE('',*,*,#5065,.F.);
#2254=ORIENTED_EDGE('',*,*,#5062,.T.);
#2255=ORIENTED_EDGE('',*,*,#4458,.T.);
#2256=ORIENTED_EDGE('',*,*,#5066,.F.);
#2257=ORIENTED_EDGE('',*,*,#5067,.F.);
#2258=ORIENTED_EDGE('',*,*,#5064,.T.);
#2259=ORIENTED_EDGE('',*,*,#4457,.T.);
#2260=ORIENTED_EDGE('',*,*,#5068,.F.);
#2261=ORIENTED_EDGE('',*,*,#5069,.F.);
#2262=ORIENTED_EDGE('',*,*,#5066,.T.);
#2263=ORIENTED_EDGE('',*,*,#4456,.T.);
#2264=ORIENTED_EDGE('',*,*,#5070,.F.);
#2265=ORIENTED_EDGE('',*,*,#5071,.F.);
#2266=ORIENTED_EDGE('',*,*,#5068,.T.);
#2267=ORIENTED_EDGE('',*,*,#4455,.T.);
#2268=ORIENTED_EDGE('',*,*,#5072,.F.);
#2269=ORIENTED_EDGE('',*,*,#5073,.F.);
#2270=ORIENTED_EDGE('',*,*,#5070,.T.);
#2271=ORIENTED_EDGE('',*,*,#4454,.T.);
#2272=ORIENTED_EDGE('',*,*,#5074,.F.);
#2273=ORIENTED_EDGE('',*,*,#5075,.F.);
#2274=ORIENTED_EDGE('',*,*,#5072,.T.);
#2275=ORIENTED_EDGE('',*,*,#4453,.T.);
#2276=ORIENTED_EDGE('',*,*,#5076,.F.);
#2277=ORIENTED_EDGE('',*,*,#5077,.F.);
#2278=ORIENTED_EDGE('',*,*,#5074,.T.);
#2279=ORIENTED_EDGE('',*,*,#4452,.T.);
#2280=ORIENTED_EDGE('',*,*,#5078,.F.);
#2281=ORIENTED_EDGE('',*,*,#5079,.F.);
#2282=ORIENTED_EDGE('',*,*,#5076,.T.);
#2283=ORIENTED_EDGE('',*,*,#4451,.T.);
#2284=ORIENTED_EDGE('',*,*,#5080,.F.);
#2285=ORIENTED_EDGE('',*,*,#5081,.F.);
#2286=ORIENTED_EDGE('',*,*,#5078,.T.);
#2287=ORIENTED_EDGE('',*,*,#4450,.T.);
#2288=ORIENTED_EDGE('',*,*,#5082,.F.);
#2289=ORIENTED_EDGE('',*,*,#5083,.F.);
#2290=ORIENTED_EDGE('',*,*,#5080,.T.);
#2291=ORIENTED_EDGE('',*,*,#4449,.T.);
#2292=ORIENTED_EDGE('',*,*,#5084,.F.);
#2293=ORIENTED_EDGE('',*,*,#5085,.F.);
#2294=ORIENTED_EDGE('',*,*,#5082,.T.);
#2295=ORIENTED_EDGE('',*,*,#4448,.T.);
#2296=ORIENTED_EDGE('',*,*,#5086,.F.);
#2297=ORIENTED_EDGE('',*,*,#5087,.F.);
#2298=ORIENTED_EDGE('',*,*,#5084,.T.);
#2299=ORIENTED_EDGE('',*,*,#4447,.T.);
#2300=ORIENTED_EDGE('',*,*,#5088,.F.);
#2301=ORIENTED_EDGE('',*,*,#5089,.F.);
#2302=ORIENTED_EDGE('',*,*,#5086,.T.);
#2303=ORIENTED_EDGE('',*,*,#4446,.T.);
#2304=ORIENTED_EDGE('',*,*,#5090,.F.);
#2305=ORIENTED_EDGE('',*,*,#5091,.F.);
#2306=ORIENTED_EDGE('',*,*,#5088,.T.);
#2307=ORIENTED_EDGE('',*,*,#4445,.T.);
#2308=ORIENTED_EDGE('',*,*,#5092,.F.);
#2309=ORIENTED_EDGE('',*,*,#5093,.F.);
#2310=ORIENTED_EDGE('',*,*,#5090,.T.);
#2311=ORIENTED_EDGE('',*,*,#4444,.T.);
#2312=ORIENTED_EDGE('',*,*,#5094,.F.);
#2313=ORIENTED_EDGE('',*,*,#5095,.F.);
#2314=ORIENTED_EDGE('',*,*,#5092,.T.);
#2315=ORIENTED_EDGE('',*,*,#4443,.T.);
#2316=ORIENTED_EDGE('',*,*,#5096,.F.);
#2317=ORIENTED_EDGE('',*,*,#5097,.F.);
#2318=ORIENTED_EDGE('',*,*,#5094,.T.);
#2319=ORIENTED_EDGE('',*,*,#4442,.T.);
#2320=ORIENTED_EDGE('',*,*,#5098,.F.);
#2321=ORIENTED_EDGE('',*,*,#5099,.F.);
#2322=ORIENTED_EDGE('',*,*,#5096,.T.);
#2323=ORIENTED_EDGE('',*,*,#4441,.T.);
#2324=ORIENTED_EDGE('',*,*,#5100,.F.);
#2325=ORIENTED_EDGE('',*,*,#5101,.F.);
#2326=ORIENTED_EDGE('',*,*,#5098,.T.);
#2327=ORIENTED_EDGE('',*,*,#4440,.T.);
#2328=ORIENTED_EDGE('',*,*,#5102,.F.);
#2329=ORIENTED_EDGE('',*,*,#5103,.F.);
#2330=ORIENTED_EDGE('',*,*,#5100,.T.);
#2331=ORIENTED_EDGE('',*,*,#4439,.T.);
#2332=ORIENTED_EDGE('',*,*,#5104,.F.);
#2333=ORIENTED_EDGE('',*,*,#5105,.F.);
#2334=ORIENTED_EDGE('',*,*,#5102,.T.);
#2335=ORIENTED_EDGE('',*,*,#4438,.T.);
#2336=ORIENTED_EDGE('',*,*,#5106,.F.);
#2337=ORIENTED_EDGE('',*,*,#5107,.F.);
#2338=ORIENTED_EDGE('',*,*,#5104,.T.);
#2339=ORIENTED_EDGE('',*,*,#4437,.T.);
#2340=ORIENTED_EDGE('',*,*,#5108,.F.);
#2341=ORIENTED_EDGE('',*,*,#5109,.F.);
#2342=ORIENTED_EDGE('',*,*,#5106,.T.);
#2343=ORIENTED_EDGE('',*,*,#4436,.T.);
#2344=ORIENTED_EDGE('',*,*,#5110,.F.);
#2345=ORIENTED_EDGE('',*,*,#5111,.F.);
#2346=ORIENTED_EDGE('',*,*,#5108,.T.);
#2347=ORIENTED_EDGE('',*,*,#4435,.T.);
#2348=ORIENTED_EDGE('',*,*,#5112,.F.);
#2349=ORIENTED_EDGE('',*,*,#5113,.F.);
#2350=ORIENTED_EDGE('',*,*,#5110,.T.);
#2351=ORIENTED_EDGE('',*,*,#4434,.T.);
#2352=ORIENTED_EDGE('',*,*,#5114,.F.);
#2353=ORIENTED_EDGE('',*,*,#5115,.F.);
#2354=ORIENTED_EDGE('',*,*,#5112,.T.);
#2355=ORIENTED_EDGE('',*,*,#4433,.T.);
#2356=ORIENTED_EDGE('',*,*,#5116,.F.);
#2357=ORIENTED_EDGE('',*,*,#5117,.F.);
#2358=ORIENTED_EDGE('',*,*,#5114,.T.);
#2359=ORIENTED_EDGE('',*,*,#4432,.T.);
#2360=ORIENTED_EDGE('',*,*,#5118,.F.);
#2361=ORIENTED_EDGE('',*,*,#5119,.F.);
#2362=ORIENTED_EDGE('',*,*,#5116,.T.);
#2363=ORIENTED_EDGE('',*,*,#4431,.T.);
#2364=ORIENTED_EDGE('',*,*,#5120,.F.);
#2365=ORIENTED_EDGE('',*,*,#5121,.F.);
#2366=ORIENTED_EDGE('',*,*,#5118,.T.);
#2367=ORIENTED_EDGE('',*,*,#4430,.T.);
#2368=ORIENTED_EDGE('',*,*,#5122,.F.);
#2369=ORIENTED_EDGE('',*,*,#5123,.F.);
#2370=ORIENTED_EDGE('',*,*,#5120,.T.);
#2371=ORIENTED_EDGE('',*,*,#4429,.T.);
#2372=ORIENTED_EDGE('',*,*,#5124,.F.);
#2373=ORIENTED_EDGE('',*,*,#5125,.F.);
#2374=ORIENTED_EDGE('',*,*,#5122,.T.);
#2375=ORIENTED_EDGE('',*,*,#4428,.T.);
#2376=ORIENTED_EDGE('',*,*,#5126,.F.);
#2377=ORIENTED_EDGE('',*,*,#5127,.F.);
#2378=ORIENTED_EDGE('',*,*,#5124,.T.);
#2379=ORIENTED_EDGE('',*,*,#4427,.T.);
#2380=ORIENTED_EDGE('',*,*,#5128,.F.);
#2381=ORIENTED_EDGE('',*,*,#5129,.F.);
#2382=ORIENTED_EDGE('',*,*,#5126,.T.);
#2383=ORIENTED_EDGE('',*,*,#4426,.T.);
#2384=ORIENTED_EDGE('',*,*,#5130,.F.);
#2385=ORIENTED_EDGE('',*,*,#5131,.F.);
#2386=ORIENTED_EDGE('',*,*,#5128,.T.);
#2387=ORIENTED_EDGE('',*,*,#4425,.T.);
#2388=ORIENTED_EDGE('',*,*,#5132,.F.);
#2389=ORIENTED_EDGE('',*,*,#5133,.F.);
#2390=ORIENTED_EDGE('',*,*,#5130,.T.);
#2391=ORIENTED_EDGE('',*,*,#4424,.T.);
#2392=ORIENTED_EDGE('',*,*,#5134,.F.);
#2393=ORIENTED_EDGE('',*,*,#5135,.F.);
#2394=ORIENTED_EDGE('',*,*,#5132,.T.);
#2395=ORIENTED_EDGE('',*,*,#4423,.T.);
#2396=ORIENTED_EDGE('',*,*,#5136,.F.);
#2397=ORIENTED_EDGE('',*,*,#5137,.F.);
#2398=ORIENTED_EDGE('',*,*,#5134,.T.);
#2399=ORIENTED_EDGE('',*,*,#4422,.T.);
#2400=ORIENTED_EDGE('',*,*,#5138,.F.);
#2401=ORIENTED_EDGE('',*,*,#5139,.F.);
#2402=ORIENTED_EDGE('',*,*,#5136,.T.);
#2403=ORIENTED_EDGE('',*,*,#4421,.T.);
#2404=ORIENTED_EDGE('',*,*,#5140,.F.);
#2405=ORIENTED_EDGE('',*,*,#5141,.F.);
#2406=ORIENTED_EDGE('',*,*,#5138,.T.);
#2407=ORIENTED_EDGE('',*,*,#4420,.T.);
#2408=ORIENTED_EDGE('',*,*,#5142,.F.);
#2409=ORIENTED_EDGE('',*,*,#5143,.F.);
#2410=ORIENTED_EDGE('',*,*,#5140,.T.);
#2411=ORIENTED_EDGE('',*,*,#4419,.T.);
#2412=ORIENTED_EDGE('',*,*,#5144,.F.);
#2413=ORIENTED_EDGE('',*,*,#5145,.F.);
#2414=ORIENTED_EDGE('',*,*,#5142,.T.);
#2415=ORIENTED_EDGE('',*,*,#4462,.T.);
#2416=ORIENTED_EDGE('',*,*,#5146,.F.);
#2417=ORIENTED_EDGE('',*,*,#5147,.F.);
#2418=ORIENTED_EDGE('',*,*,#5148,.T.);
#2419=ORIENTED_EDGE('',*,*,#4477,.T.);
#2420=ORIENTED_EDGE('',*,*,#5149,.F.);
#2421=ORIENTED_EDGE('',*,*,#5150,.F.);
#2422=ORIENTED_EDGE('',*,*,#5146,.T.);
#2423=ORIENTED_EDGE('',*,*,#4476,.T.);
#2424=ORIENTED_EDGE('',*,*,#5151,.F.);
#2425=ORIENTED_EDGE('',*,*,#5152,.F.);
#2426=ORIENTED_EDGE('',*,*,#5149,.T.);
#2427=ORIENTED_EDGE('',*,*,#4475,.T.);
#2428=ORIENTED_EDGE('',*,*,#5153,.F.);
#2429=ORIENTED_EDGE('',*,*,#5154,.F.);
#2430=ORIENTED_EDGE('',*,*,#5151,.T.);
#2431=ORIENTED_EDGE('',*,*,#4474,.T.);
#2432=ORIENTED_EDGE('',*,*,#5155,.F.);
#2433=ORIENTED_EDGE('',*,*,#5156,.F.);
#2434=ORIENTED_EDGE('',*,*,#5153,.T.);
#2435=ORIENTED_EDGE('',*,*,#4473,.T.);
#2436=ORIENTED_EDGE('',*,*,#5157,.F.);
#2437=ORIENTED_EDGE('',*,*,#5158,.F.);
#2438=ORIENTED_EDGE('',*,*,#5155,.T.);
#2439=ORIENTED_EDGE('',*,*,#4472,.T.);
#2440=ORIENTED_EDGE('',*,*,#5159,.F.);
#2441=ORIENTED_EDGE('',*,*,#5160,.F.);
#2442=ORIENTED_EDGE('',*,*,#5157,.T.);
#2443=ORIENTED_EDGE('',*,*,#4471,.T.);
#2444=ORIENTED_EDGE('',*,*,#5161,.F.);
#2445=ORIENTED_EDGE('',*,*,#5162,.F.);
#2446=ORIENTED_EDGE('',*,*,#5159,.T.);
#2447=ORIENTED_EDGE('',*,*,#4470,.T.);
#2448=ORIENTED_EDGE('',*,*,#5163,.F.);
#2449=ORIENTED_EDGE('',*,*,#5164,.F.);
#2450=ORIENTED_EDGE('',*,*,#5161,.T.);
#2451=ORIENTED_EDGE('',*,*,#4469,.T.);
#2452=ORIENTED_EDGE('',*,*,#5165,.F.);
#2453=ORIENTED_EDGE('',*,*,#5166,.F.);
#2454=ORIENTED_EDGE('',*,*,#5163,.T.);
#2455=ORIENTED_EDGE('',*,*,#4468,.T.);
#2456=ORIENTED_EDGE('',*,*,#5167,.F.);
#2457=ORIENTED_EDGE('',*,*,#5168,.F.);
#2458=ORIENTED_EDGE('',*,*,#5165,.T.);
#2459=ORIENTED_EDGE('',*,*,#4467,.T.);
#2460=ORIENTED_EDGE('',*,*,#5169,.F.);
#2461=ORIENTED_EDGE('',*,*,#5170,.F.);
#2462=ORIENTED_EDGE('',*,*,#5167,.T.);
#2463=ORIENTED_EDGE('',*,*,#4466,.T.);
#2464=ORIENTED_EDGE('',*,*,#5171,.F.);
#2465=ORIENTED_EDGE('',*,*,#5172,.F.);
#2466=ORIENTED_EDGE('',*,*,#5169,.T.);
#2467=ORIENTED_EDGE('',*,*,#4465,.T.);
#2468=ORIENTED_EDGE('',*,*,#5173,.F.);
#2469=ORIENTED_EDGE('',*,*,#5174,.F.);
#2470=ORIENTED_EDGE('',*,*,#5171,.T.);
#2471=ORIENTED_EDGE('',*,*,#4464,.T.);
#2472=ORIENTED_EDGE('',*,*,#5175,.F.);
#2473=ORIENTED_EDGE('',*,*,#5176,.F.);
#2474=ORIENTED_EDGE('',*,*,#5173,.T.);
#2475=ORIENTED_EDGE('',*,*,#4478,.T.);
#2476=ORIENTED_EDGE('',*,*,#5177,.F.);
#2477=ORIENTED_EDGE('',*,*,#5178,.F.);
#2478=ORIENTED_EDGE('',*,*,#5179,.T.);
#2479=ORIENTED_EDGE('',*,*,#4485,.T.);
#2480=ORIENTED_EDGE('',*,*,#5180,.F.);
#2481=ORIENTED_EDGE('',*,*,#5181,.F.);
#2482=ORIENTED_EDGE('',*,*,#5177,.T.);
#2483=ORIENTED_EDGE('',*,*,#4484,.T.);
#2484=ORIENTED_EDGE('',*,*,#5182,.F.);
#2485=ORIENTED_EDGE('',*,*,#5183,.F.);
#2486=ORIENTED_EDGE('',*,*,#5180,.T.);
#2487=ORIENTED_EDGE('',*,*,#4483,.T.);
#2488=ORIENTED_EDGE('',*,*,#5184,.F.);
#2489=ORIENTED_EDGE('',*,*,#5185,.F.);
#2490=ORIENTED_EDGE('',*,*,#5182,.T.);
#2491=ORIENTED_EDGE('',*,*,#4482,.T.);
#2492=ORIENTED_EDGE('',*,*,#5186,.F.);
#2493=ORIENTED_EDGE('',*,*,#5187,.F.);
#2494=ORIENTED_EDGE('',*,*,#5184,.T.);
#2495=ORIENTED_EDGE('',*,*,#4481,.T.);
#2496=ORIENTED_EDGE('',*,*,#5188,.F.);
#2497=ORIENTED_EDGE('',*,*,#5189,.F.);
#2498=ORIENTED_EDGE('',*,*,#5186,.T.);
#2499=ORIENTED_EDGE('',*,*,#4480,.T.);
#2500=ORIENTED_EDGE('',*,*,#5190,.F.);
#2501=ORIENTED_EDGE('',*,*,#5191,.F.);
#2502=ORIENTED_EDGE('',*,*,#5188,.T.);
#2503=ORIENTED_EDGE('',*,*,#4486,.T.);
#2504=ORIENTED_EDGE('',*,*,#5192,.F.);
#2505=ORIENTED_EDGE('',*,*,#5193,.F.);
#2506=ORIENTED_EDGE('',*,*,#5194,.T.);
#2507=ORIENTED_EDGE('',*,*,#4493,.T.);
#2508=ORIENTED_EDGE('',*,*,#5195,.F.);
#2509=ORIENTED_EDGE('',*,*,#5196,.F.);
#2510=ORIENTED_EDGE('',*,*,#5192,.T.);
#2511=ORIENTED_EDGE('',*,*,#4492,.T.);
#2512=ORIENTED_EDGE('',*,*,#5197,.F.);
#2513=ORIENTED_EDGE('',*,*,#5198,.F.);
#2514=ORIENTED_EDGE('',*,*,#5195,.T.);
#2515=ORIENTED_EDGE('',*,*,#4491,.T.);
#2516=ORIENTED_EDGE('',*,*,#5199,.F.);
#2517=ORIENTED_EDGE('',*,*,#5200,.F.);
#2518=ORIENTED_EDGE('',*,*,#5197,.T.);
#2519=ORIENTED_EDGE('',*,*,#4490,.T.);
#2520=ORIENTED_EDGE('',*,*,#5201,.F.);
#2521=ORIENTED_EDGE('',*,*,#5202,.F.);
#2522=ORIENTED_EDGE('',*,*,#5199,.T.);
#2523=ORIENTED_EDGE('',*,*,#4489,.T.);
#2524=ORIENTED_EDGE('',*,*,#5203,.F.);
#2525=ORIENTED_EDGE('',*,*,#5204,.F.);
#2526=ORIENTED_EDGE('',*,*,#5201,.T.);
#2527=ORIENTED_EDGE('',*,*,#4488,.T.);
#2528=ORIENTED_EDGE('',*,*,#5205,.F.);
#2529=ORIENTED_EDGE('',*,*,#5206,.F.);
#2530=ORIENTED_EDGE('',*,*,#5203,.T.);
#2531=ORIENTED_EDGE('',*,*,#4494,.T.);
#2532=ORIENTED_EDGE('',*,*,#5207,.F.);
#2533=ORIENTED_EDGE('',*,*,#5208,.F.);
#2534=ORIENTED_EDGE('',*,*,#5209,.T.);
#2535=ORIENTED_EDGE('',*,*,#4515,.T.);
#2536=ORIENTED_EDGE('',*,*,#5210,.F.);
#2537=ORIENTED_EDGE('',*,*,#5211,.F.);
#2538=ORIENTED_EDGE('',*,*,#5207,.T.);
#2539=ORIENTED_EDGE('',*,*,#4514,.T.);
#2540=ORIENTED_EDGE('',*,*,#5212,.F.);
#2541=ORIENTED_EDGE('',*,*,#5213,.F.);
#2542=ORIENTED_EDGE('',*,*,#5210,.T.);
#2543=ORIENTED_EDGE('',*,*,#4513,.T.);
#2544=ORIENTED_EDGE('',*,*,#5214,.F.);
#2545=ORIENTED_EDGE('',*,*,#5215,.F.);
#2546=ORIENTED_EDGE('',*,*,#5212,.T.);
#2547=ORIENTED_EDGE('',*,*,#4512,.T.);
#2548=ORIENTED_EDGE('',*,*,#5216,.F.);
#2549=ORIENTED_EDGE('',*,*,#5217,.F.);
#2550=ORIENTED_EDGE('',*,*,#5214,.T.);
#2551=ORIENTED_EDGE('',*,*,#4511,.T.);
#2552=ORIENTED_EDGE('',*,*,#5218,.F.);
#2553=ORIENTED_EDGE('',*,*,#5219,.F.);
#2554=ORIENTED_EDGE('',*,*,#5216,.T.);
#2555=ORIENTED_EDGE('',*,*,#4510,.T.);
#2556=ORIENTED_EDGE('',*,*,#5220,.F.);
#2557=ORIENTED_EDGE('',*,*,#5221,.F.);
#2558=ORIENTED_EDGE('',*,*,#5218,.T.);
#2559=ORIENTED_EDGE('',*,*,#4509,.T.);
#2560=ORIENTED_EDGE('',*,*,#5222,.F.);
#2561=ORIENTED_EDGE('',*,*,#5223,.F.);
#2562=ORIENTED_EDGE('',*,*,#5220,.T.);
#2563=ORIENTED_EDGE('',*,*,#4508,.T.);
#2564=ORIENTED_EDGE('',*,*,#5224,.F.);
#2565=ORIENTED_EDGE('',*,*,#5225,.F.);
#2566=ORIENTED_EDGE('',*,*,#5222,.T.);
#2567=ORIENTED_EDGE('',*,*,#4507,.T.);
#2568=ORIENTED_EDGE('',*,*,#5226,.F.);
#2569=ORIENTED_EDGE('',*,*,#5227,.F.);
#2570=ORIENTED_EDGE('',*,*,#5224,.T.);
#2571=ORIENTED_EDGE('',*,*,#4506,.T.);
#2572=ORIENTED_EDGE('',*,*,#5228,.F.);
#2573=ORIENTED_EDGE('',*,*,#5229,.F.);
#2574=ORIENTED_EDGE('',*,*,#5226,.T.);
#2575=ORIENTED_EDGE('',*,*,#4505,.T.);
#2576=ORIENTED_EDGE('',*,*,#5230,.F.);
#2577=ORIENTED_EDGE('',*,*,#5231,.F.);
#2578=ORIENTED_EDGE('',*,*,#5228,.T.);
#2579=ORIENTED_EDGE('',*,*,#4504,.T.);
#2580=ORIENTED_EDGE('',*,*,#5232,.F.);
#2581=ORIENTED_EDGE('',*,*,#5233,.F.);
#2582=ORIENTED_EDGE('',*,*,#5230,.T.);
#2583=ORIENTED_EDGE('',*,*,#4503,.T.);
#2584=ORIENTED_EDGE('',*,*,#5234,.F.);
#2585=ORIENTED_EDGE('',*,*,#5235,.F.);
#2586=ORIENTED_EDGE('',*,*,#5232,.T.);
#2587=ORIENTED_EDGE('',*,*,#4502,.T.);
#2588=ORIENTED_EDGE('',*,*,#5236,.F.);
#2589=ORIENTED_EDGE('',*,*,#5237,.F.);
#2590=ORIENTED_EDGE('',*,*,#5234,.T.);
#2591=ORIENTED_EDGE('',*,*,#4501,.T.);
#2592=ORIENTED_EDGE('',*,*,#5238,.F.);
#2593=ORIENTED_EDGE('',*,*,#5239,.F.);
#2594=ORIENTED_EDGE('',*,*,#5236,.T.);
#2595=ORIENTED_EDGE('',*,*,#4500,.T.);
#2596=ORIENTED_EDGE('',*,*,#5240,.F.);
#2597=ORIENTED_EDGE('',*,*,#5241,.F.);
#2598=ORIENTED_EDGE('',*,*,#5238,.T.);
#2599=ORIENTED_EDGE('',*,*,#4499,.T.);
#2600=ORIENTED_EDGE('',*,*,#5242,.F.);
#2601=ORIENTED_EDGE('',*,*,#5243,.F.);
#2602=ORIENTED_EDGE('',*,*,#5240,.T.);
#2603=ORIENTED_EDGE('',*,*,#4498,.T.);
#2604=ORIENTED_EDGE('',*,*,#5244,.F.);
#2605=ORIENTED_EDGE('',*,*,#5245,.F.);
#2606=ORIENTED_EDGE('',*,*,#5242,.T.);
#2607=ORIENTED_EDGE('',*,*,#4497,.T.);
#2608=ORIENTED_EDGE('',*,*,#5246,.F.);
#2609=ORIENTED_EDGE('',*,*,#5247,.F.);
#2610=ORIENTED_EDGE('',*,*,#5244,.T.);
#2611=ORIENTED_EDGE('',*,*,#4496,.T.);
#2612=ORIENTED_EDGE('',*,*,#5248,.F.);
#2613=ORIENTED_EDGE('',*,*,#5249,.F.);
#2614=ORIENTED_EDGE('',*,*,#5246,.T.);
#2615=ORIENTED_EDGE('',*,*,#4516,.T.);
#2616=ORIENTED_EDGE('',*,*,#5250,.F.);
#2617=ORIENTED_EDGE('',*,*,#5251,.F.);
#2618=ORIENTED_EDGE('',*,*,#5252,.T.);
#2619=ORIENTED_EDGE('',*,*,#4531,.T.);
#2620=ORIENTED_EDGE('',*,*,#5253,.F.);
#2621=ORIENTED_EDGE('',*,*,#5254,.F.);
#2622=ORIENTED_EDGE('',*,*,#5250,.T.);
#2623=ORIENTED_EDGE('',*,*,#4530,.T.);
#2624=ORIENTED_EDGE('',*,*,#5255,.F.);
#2625=ORIENTED_EDGE('',*,*,#5256,.F.);
#2626=ORIENTED_EDGE('',*,*,#5253,.T.);
#2627=ORIENTED_EDGE('',*,*,#4529,.T.);
#2628=ORIENTED_EDGE('',*,*,#5257,.F.);
#2629=ORIENTED_EDGE('',*,*,#5258,.F.);
#2630=ORIENTED_EDGE('',*,*,#5255,.T.);
#2631=ORIENTED_EDGE('',*,*,#4528,.T.);
#2632=ORIENTED_EDGE('',*,*,#5259,.F.);
#2633=ORIENTED_EDGE('',*,*,#5260,.F.);
#2634=ORIENTED_EDGE('',*,*,#5257,.T.);
#2635=ORIENTED_EDGE('',*,*,#4527,.T.);
#2636=ORIENTED_EDGE('',*,*,#5261,.F.);
#2637=ORIENTED_EDGE('',*,*,#5262,.F.);
#2638=ORIENTED_EDGE('',*,*,#5259,.T.);
#2639=ORIENTED_EDGE('',*,*,#4526,.T.);
#2640=ORIENTED_EDGE('',*,*,#5263,.F.);
#2641=ORIENTED_EDGE('',*,*,#5264,.F.);
#2642=ORIENTED_EDGE('',*,*,#5261,.T.);
#2643=ORIENTED_EDGE('',*,*,#4525,.T.);
#2644=ORIENTED_EDGE('',*,*,#5265,.F.);
#2645=ORIENTED_EDGE('',*,*,#5266,.F.);
#2646=ORIENTED_EDGE('',*,*,#5263,.T.);
#2647=ORIENTED_EDGE('',*,*,#4524,.T.);
#2648=ORIENTED_EDGE('',*,*,#5267,.F.);
#2649=ORIENTED_EDGE('',*,*,#5268,.F.);
#2650=ORIENTED_EDGE('',*,*,#5265,.T.);
#2651=ORIENTED_EDGE('',*,*,#4523,.T.);
#2652=ORIENTED_EDGE('',*,*,#5269,.F.);
#2653=ORIENTED_EDGE('',*,*,#5270,.F.);
#2654=ORIENTED_EDGE('',*,*,#5267,.T.);
#2655=ORIENTED_EDGE('',*,*,#4522,.T.);
#2656=ORIENTED_EDGE('',*,*,#5271,.F.);
#2657=ORIENTED_EDGE('',*,*,#5272,.F.);
#2658=ORIENTED_EDGE('',*,*,#5269,.T.);
#2659=ORIENTED_EDGE('',*,*,#4521,.T.);
#2660=ORIENTED_EDGE('',*,*,#5273,.F.);
#2661=ORIENTED_EDGE('',*,*,#5274,.F.);
#2662=ORIENTED_EDGE('',*,*,#5271,.T.);
#2663=ORIENTED_EDGE('',*,*,#4520,.T.);
#2664=ORIENTED_EDGE('',*,*,#5275,.F.);
#2665=ORIENTED_EDGE('',*,*,#5276,.F.);
#2666=ORIENTED_EDGE('',*,*,#5273,.T.);
#2667=ORIENTED_EDGE('',*,*,#4519,.T.);
#2668=ORIENTED_EDGE('',*,*,#5277,.F.);
#2669=ORIENTED_EDGE('',*,*,#5278,.F.);
#2670=ORIENTED_EDGE('',*,*,#5275,.T.);
#2671=ORIENTED_EDGE('',*,*,#4518,.T.);
#2672=ORIENTED_EDGE('',*,*,#5279,.F.);
#2673=ORIENTED_EDGE('',*,*,#5280,.F.);
#2674=ORIENTED_EDGE('',*,*,#5277,.T.);
#2675=ORIENTED_EDGE('',*,*,#4532,.T.);
#2676=ORIENTED_EDGE('',*,*,#5281,.F.);
#2677=ORIENTED_EDGE('',*,*,#5282,.F.);
#2678=ORIENTED_EDGE('',*,*,#5283,.T.);
#2679=ORIENTED_EDGE('',*,*,#4556,.T.);
#2680=ORIENTED_EDGE('',*,*,#5284,.F.);
#2681=ORIENTED_EDGE('',*,*,#5285,.F.);
#2682=ORIENTED_EDGE('',*,*,#5281,.T.);
#2683=ORIENTED_EDGE('',*,*,#4555,.T.);
#2684=ORIENTED_EDGE('',*,*,#5286,.F.);
#2685=ORIENTED_EDGE('',*,*,#5287,.F.);
#2686=ORIENTED_EDGE('',*,*,#5284,.T.);
#2687=ORIENTED_EDGE('',*,*,#4554,.T.);
#2688=ORIENTED_EDGE('',*,*,#5288,.F.);
#2689=ORIENTED_EDGE('',*,*,#5289,.F.);
#2690=ORIENTED_EDGE('',*,*,#5286,.T.);
#2691=ORIENTED_EDGE('',*,*,#4553,.T.);
#2692=ORIENTED_EDGE('',*,*,#5290,.F.);
#2693=ORIENTED_EDGE('',*,*,#5291,.F.);
#2694=ORIENTED_EDGE('',*,*,#5288,.T.);
#2695=ORIENTED_EDGE('',*,*,#4552,.T.);
#2696=ORIENTED_EDGE('',*,*,#5292,.F.);
#2697=ORIENTED_EDGE('',*,*,#5293,.F.);
#2698=ORIENTED_EDGE('',*,*,#5290,.T.);
#2699=ORIENTED_EDGE('',*,*,#4551,.T.);
#2700=ORIENTED_EDGE('',*,*,#5294,.F.);
#2701=ORIENTED_EDGE('',*,*,#5295,.F.);
#2702=ORIENTED_EDGE('',*,*,#5292,.T.);
#2703=ORIENTED_EDGE('',*,*,#4550,.T.);
#2704=ORIENTED_EDGE('',*,*,#5296,.F.);
#2705=ORIENTED_EDGE('',*,*,#5297,.F.);
#2706=ORIENTED_EDGE('',*,*,#5294,.T.);
#2707=ORIENTED_EDGE('',*,*,#4549,.T.);
#2708=ORIENTED_EDGE('',*,*,#5298,.F.);
#2709=ORIENTED_EDGE('',*,*,#5299,.F.);
#2710=ORIENTED_EDGE('',*,*,#5296,.T.);
#2711=ORIENTED_EDGE('',*,*,#4548,.T.);
#2712=ORIENTED_EDGE('',*,*,#5300,.F.);
#2713=ORIENTED_EDGE('',*,*,#5301,.F.);
#2714=ORIENTED_EDGE('',*,*,#5298,.T.);
#2715=ORIENTED_EDGE('',*,*,#4547,.T.);
#2716=ORIENTED_EDGE('',*,*,#5302,.F.);
#2717=ORIENTED_EDGE('',*,*,#5303,.F.);
#2718=ORIENTED_EDGE('',*,*,#5300,.T.);
#2719=ORIENTED_EDGE('',*,*,#4546,.T.);
#2720=ORIENTED_EDGE('',*,*,#5304,.F.);
#2721=ORIENTED_EDGE('',*,*,#5305,.F.);
#2722=ORIENTED_EDGE('',*,*,#5302,.T.);
#2723=ORIENTED_EDGE('',*,*,#4545,.T.);
#2724=ORIENTED_EDGE('',*,*,#5306,.F.);
#2725=ORIENTED_EDGE('',*,*,#5307,.F.);
#2726=ORIENTED_EDGE('',*,*,#5304,.T.);
#2727=ORIENTED_EDGE('',*,*,#4544,.T.);
#2728=ORIENTED_EDGE('',*,*,#5308,.F.);
#2729=ORIENTED_EDGE('',*,*,#5309,.F.);
#2730=ORIENTED_EDGE('',*,*,#5306,.T.);
#2731=ORIENTED_EDGE('',*,*,#4543,.T.);
#2732=ORIENTED_EDGE('',*,*,#5310,.F.);
#2733=ORIENTED_EDGE('',*,*,#5311,.F.);
#2734=ORIENTED_EDGE('',*,*,#5308,.T.);
#2735=ORIENTED_EDGE('',*,*,#4542,.T.);
#2736=ORIENTED_EDGE('',*,*,#5312,.F.);
#2737=ORIENTED_EDGE('',*,*,#5313,.F.);
#2738=ORIENTED_EDGE('',*,*,#5310,.T.);
#2739=ORIENTED_EDGE('',*,*,#4541,.T.);
#2740=ORIENTED_EDGE('',*,*,#5314,.F.);
#2741=ORIENTED_EDGE('',*,*,#5315,.F.);
#2742=ORIENTED_EDGE('',*,*,#5312,.T.);
#2743=ORIENTED_EDGE('',*,*,#4540,.T.);
#2744=ORIENTED_EDGE('',*,*,#5316,.F.);
#2745=ORIENTED_EDGE('',*,*,#5317,.F.);
#2746=ORIENTED_EDGE('',*,*,#5314,.T.);
#2747=ORIENTED_EDGE('',*,*,#4539,.T.);
#2748=ORIENTED_EDGE('',*,*,#5318,.F.);
#2749=ORIENTED_EDGE('',*,*,#5319,.F.);
#2750=ORIENTED_EDGE('',*,*,#5316,.T.);
#2751=ORIENTED_EDGE('',*,*,#4538,.T.);
#2752=ORIENTED_EDGE('',*,*,#5320,.F.);
#2753=ORIENTED_EDGE('',*,*,#5321,.F.);
#2754=ORIENTED_EDGE('',*,*,#5318,.T.);
#2755=ORIENTED_EDGE('',*,*,#4537,.T.);
#2756=ORIENTED_EDGE('',*,*,#5322,.F.);
#2757=ORIENTED_EDGE('',*,*,#5323,.F.);
#2758=ORIENTED_EDGE('',*,*,#5320,.T.);
#2759=ORIENTED_EDGE('',*,*,#4536,.T.);
#2760=ORIENTED_EDGE('',*,*,#5324,.F.);
#2761=ORIENTED_EDGE('',*,*,#5325,.F.);
#2762=ORIENTED_EDGE('',*,*,#5322,.T.);
#2763=ORIENTED_EDGE('',*,*,#4535,.T.);
#2764=ORIENTED_EDGE('',*,*,#5326,.F.);
#2765=ORIENTED_EDGE('',*,*,#5327,.F.);
#2766=ORIENTED_EDGE('',*,*,#5324,.T.);
#2767=ORIENTED_EDGE('',*,*,#4534,.T.);
#2768=ORIENTED_EDGE('',*,*,#5328,.F.);
#2769=ORIENTED_EDGE('',*,*,#5329,.F.);
#2770=ORIENTED_EDGE('',*,*,#5326,.T.);
#2771=ORIENTED_EDGE('',*,*,#4557,.T.);
#2772=ORIENTED_EDGE('',*,*,#5330,.F.);
#2773=ORIENTED_EDGE('',*,*,#5331,.F.);
#2774=ORIENTED_EDGE('',*,*,#5332,.T.);
#2775=ORIENTED_EDGE('',*,*,#4582,.T.);
#2776=ORIENTED_EDGE('',*,*,#5333,.F.);
#2777=ORIENTED_EDGE('',*,*,#5334,.F.);
#2778=ORIENTED_EDGE('',*,*,#5330,.T.);
#2779=ORIENTED_EDGE('',*,*,#4581,.T.);
#2780=ORIENTED_EDGE('',*,*,#5335,.F.);
#2781=ORIENTED_EDGE('',*,*,#5336,.F.);
#2782=ORIENTED_EDGE('',*,*,#5333,.T.);
#2783=ORIENTED_EDGE('',*,*,#4580,.T.);
#2784=ORIENTED_EDGE('',*,*,#5337,.F.);
#2785=ORIENTED_EDGE('',*,*,#5338,.F.);
#2786=ORIENTED_EDGE('',*,*,#5335,.T.);
#2787=ORIENTED_EDGE('',*,*,#4579,.T.);
#2788=ORIENTED_EDGE('',*,*,#5339,.F.);
#2789=ORIENTED_EDGE('',*,*,#5340,.F.);
#2790=ORIENTED_EDGE('',*,*,#5337,.T.);
#2791=ORIENTED_EDGE('',*,*,#4578,.T.);
#2792=ORIENTED_EDGE('',*,*,#5341,.F.);
#2793=ORIENTED_EDGE('',*,*,#5342,.F.);
#2794=ORIENTED_EDGE('',*,*,#5339,.T.);
#2795=ORIENTED_EDGE('',*,*,#4577,.T.);
#2796=ORIENTED_EDGE('',*,*,#5343,.F.);
#2797=ORIENTED_EDGE('',*,*,#5344,.F.);
#2798=ORIENTED_EDGE('',*,*,#5341,.T.);
#2799=ORIENTED_EDGE('',*,*,#4576,.T.);
#2800=ORIENTED_EDGE('',*,*,#5345,.F.);
#2801=ORIENTED_EDGE('',*,*,#5346,.F.);
#2802=ORIENTED_EDGE('',*,*,#5343,.T.);
#2803=ORIENTED_EDGE('',*,*,#4575,.T.);
#2804=ORIENTED_EDGE('',*,*,#5347,.F.);
#2805=ORIENTED_EDGE('',*,*,#5348,.F.);
#2806=ORIENTED_EDGE('',*,*,#5345,.T.);
#2807=ORIENTED_EDGE('',*,*,#4574,.T.);
#2808=ORIENTED_EDGE('',*,*,#5349,.F.);
#2809=ORIENTED_EDGE('',*,*,#5350,.F.);
#2810=ORIENTED_EDGE('',*,*,#5347,.T.);
#2811=ORIENTED_EDGE('',*,*,#4573,.T.);
#2812=ORIENTED_EDGE('',*,*,#5351,.F.);
#2813=ORIENTED_EDGE('',*,*,#5352,.F.);
#2814=ORIENTED_EDGE('',*,*,#5349,.T.);
#2815=ORIENTED_EDGE('',*,*,#4572,.T.);
#2816=ORIENTED_EDGE('',*,*,#5353,.F.);
#2817=ORIENTED_EDGE('',*,*,#5354,.F.);
#2818=ORIENTED_EDGE('',*,*,#5351,.T.);
#2819=ORIENTED_EDGE('',*,*,#4571,.T.);
#2820=ORIENTED_EDGE('',*,*,#5355,.F.);
#2821=ORIENTED_EDGE('',*,*,#5356,.F.);
#2822=ORIENTED_EDGE('',*,*,#5353,.T.);
#2823=ORIENTED_EDGE('',*,*,#4570,.T.);
#2824=ORIENTED_EDGE('',*,*,#5357,.F.);
#2825=ORIENTED_EDGE('',*,*,#5358,.F.);
#2826=ORIENTED_EDGE('',*,*,#5355,.T.);
#2827=ORIENTED_EDGE('',*,*,#4569,.T.);
#2828=ORIENTED_EDGE('',*,*,#5359,.F.);
#2829=ORIENTED_EDGE('',*,*,#5360,.F.);
#2830=ORIENTED_EDGE('',*,*,#5357,.T.);
#2831=ORIENTED_EDGE('',*,*,#4568,.T.);
#2832=ORIENTED_EDGE('',*,*,#5361,.F.);
#2833=ORIENTED_EDGE('',*,*,#5362,.F.);
#2834=ORIENTED_EDGE('',*,*,#5359,.T.);
#2835=ORIENTED_EDGE('',*,*,#4567,.T.);
#2836=ORIENTED_EDGE('',*,*,#5363,.F.);
#2837=ORIENTED_EDGE('',*,*,#5364,.F.);
#2838=ORIENTED_EDGE('',*,*,#5361,.T.);
#2839=ORIENTED_EDGE('',*,*,#4566,.T.);
#2840=ORIENTED_EDGE('',*,*,#5365,.F.);
#2841=ORIENTED_EDGE('',*,*,#5366,.F.);
#2842=ORIENTED_EDGE('',*,*,#5363,.T.);
#2843=ORIENTED_EDGE('',*,*,#4565,.T.);
#2844=ORIENTED_EDGE('',*,*,#5367,.F.);
#2845=ORIENTED_EDGE('',*,*,#5368,.F.);
#2846=ORIENTED_EDGE('',*,*,#5365,.T.);
#2847=ORIENTED_EDGE('',*,*,#4564,.T.);
#2848=ORIENTED_EDGE('',*,*,#5369,.F.);
#2849=ORIENTED_EDGE('',*,*,#5370,.F.);
#2850=ORIENTED_EDGE('',*,*,#5367,.T.);
#2851=ORIENTED_EDGE('',*,*,#4563,.T.);
#2852=ORIENTED_EDGE('',*,*,#5371,.F.);
#2853=ORIENTED_EDGE('',*,*,#5372,.F.);
#2854=ORIENTED_EDGE('',*,*,#5369,.T.);
#2855=ORIENTED_EDGE('',*,*,#4562,.T.);
#2856=ORIENTED_EDGE('',*,*,#5373,.F.);
#2857=ORIENTED_EDGE('',*,*,#5374,.F.);
#2858=ORIENTED_EDGE('',*,*,#5371,.T.);
#2859=ORIENTED_EDGE('',*,*,#4561,.T.);
#2860=ORIENTED_EDGE('',*,*,#5375,.F.);
#2861=ORIENTED_EDGE('',*,*,#5376,.F.);
#2862=ORIENTED_EDGE('',*,*,#5373,.T.);
#2863=ORIENTED_EDGE('',*,*,#4560,.T.);
#2864=ORIENTED_EDGE('',*,*,#5377,.F.);
#2865=ORIENTED_EDGE('',*,*,#5378,.F.);
#2866=ORIENTED_EDGE('',*,*,#5375,.T.);
#2867=ORIENTED_EDGE('',*,*,#4559,.T.);
#2868=ORIENTED_EDGE('',*,*,#5379,.F.);
#2869=ORIENTED_EDGE('',*,*,#5380,.F.);
#2870=ORIENTED_EDGE('',*,*,#5377,.T.);
#2871=ORIENTED_EDGE('',*,*,#4583,.T.);
#2872=ORIENTED_EDGE('',*,*,#5381,.F.);
#2873=ORIENTED_EDGE('',*,*,#5382,.F.);
#2874=ORIENTED_EDGE('',*,*,#5383,.T.);
#2875=ORIENTED_EDGE('',*,*,#4603,.T.);
#2876=ORIENTED_EDGE('',*,*,#5384,.F.);
#2877=ORIENTED_EDGE('',*,*,#5385,.F.);
#2878=ORIENTED_EDGE('',*,*,#5381,.T.);
#2879=ORIENTED_EDGE('',*,*,#4602,.T.);
#2880=ORIENTED_EDGE('',*,*,#5386,.F.);
#2881=ORIENTED_EDGE('',*,*,#5387,.F.);
#2882=ORIENTED_EDGE('',*,*,#5384,.T.);
#2883=ORIENTED_EDGE('',*,*,#4601,.T.);
#2884=ORIENTED_EDGE('',*,*,#5388,.F.);
#2885=ORIENTED_EDGE('',*,*,#5389,.F.);
#2886=ORIENTED_EDGE('',*,*,#5386,.T.);
#2887=ORIENTED_EDGE('',*,*,#4600,.T.);
#2888=ORIENTED_EDGE('',*,*,#5390,.F.);
#2889=ORIENTED_EDGE('',*,*,#5391,.F.);
#2890=ORIENTED_EDGE('',*,*,#5388,.T.);
#2891=ORIENTED_EDGE('',*,*,#4599,.T.);
#2892=ORIENTED_EDGE('',*,*,#5392,.F.);
#2893=ORIENTED_EDGE('',*,*,#5393,.F.);
#2894=ORIENTED_EDGE('',*,*,#5390,.T.);
#2895=ORIENTED_EDGE('',*,*,#4598,.T.);
#2896=ORIENTED_EDGE('',*,*,#5394,.F.);
#2897=ORIENTED_EDGE('',*,*,#5395,.F.);
#2898=ORIENTED_EDGE('',*,*,#5392,.T.);
#2899=ORIENTED_EDGE('',*,*,#4597,.T.);
#2900=ORIENTED_EDGE('',*,*,#5396,.F.);
#2901=ORIENTED_EDGE('',*,*,#5397,.F.);
#2902=ORIENTED_EDGE('',*,*,#5394,.T.);
#2903=ORIENTED_EDGE('',*,*,#4596,.T.);
#2904=ORIENTED_EDGE('',*,*,#5398,.F.);
#2905=ORIENTED_EDGE('',*,*,#5399,.F.);
#2906=ORIENTED_EDGE('',*,*,#5396,.T.);
#2907=ORIENTED_EDGE('',*,*,#4595,.T.);
#2908=ORIENTED_EDGE('',*,*,#5400,.F.);
#2909=ORIENTED_EDGE('',*,*,#5401,.F.);
#2910=ORIENTED_EDGE('',*,*,#5398,.T.);
#2911=ORIENTED_EDGE('',*,*,#4594,.T.);
#2912=ORIENTED_EDGE('',*,*,#5402,.F.);
#2913=ORIENTED_EDGE('',*,*,#5403,.F.);
#2914=ORIENTED_EDGE('',*,*,#5400,.T.);
#2915=ORIENTED_EDGE('',*,*,#4593,.T.);
#2916=ORIENTED_EDGE('',*,*,#5404,.F.);
#2917=ORIENTED_EDGE('',*,*,#5405,.F.);
#2918=ORIENTED_EDGE('',*,*,#5402,.T.);
#2919=ORIENTED_EDGE('',*,*,#4592,.T.);
#2920=ORIENTED_EDGE('',*,*,#5406,.F.);
#2921=ORIENTED_EDGE('',*,*,#5407,.F.);
#2922=ORIENTED_EDGE('',*,*,#5404,.T.);
#2923=ORIENTED_EDGE('',*,*,#4591,.T.);
#2924=ORIENTED_EDGE('',*,*,#5408,.F.);
#2925=ORIENTED_EDGE('',*,*,#5409,.F.);
#2926=ORIENTED_EDGE('',*,*,#5406,.T.);
#2927=ORIENTED_EDGE('',*,*,#4590,.T.);
#2928=ORIENTED_EDGE('',*,*,#5410,.F.);
#2929=ORIENTED_EDGE('',*,*,#5411,.F.);
#2930=ORIENTED_EDGE('',*,*,#5408,.T.);
#2931=ORIENTED_EDGE('',*,*,#4589,.T.);
#2932=ORIENTED_EDGE('',*,*,#5412,.F.);
#2933=ORIENTED_EDGE('',*,*,#5413,.F.);
#2934=ORIENTED_EDGE('',*,*,#5410,.T.);
#2935=ORIENTED_EDGE('',*,*,#4588,.T.);
#2936=ORIENTED_EDGE('',*,*,#5414,.F.);
#2937=ORIENTED_EDGE('',*,*,#5415,.F.);
#2938=ORIENTED_EDGE('',*,*,#5412,.T.);
#2939=ORIENTED_EDGE('',*,*,#4587,.T.);
#2940=ORIENTED_EDGE('',*,*,#5416,.F.);
#2941=ORIENTED_EDGE('',*,*,#5417,.F.);
#2942=ORIENTED_EDGE('',*,*,#5414,.T.);
#2943=ORIENTED_EDGE('',*,*,#4586,.T.);
#2944=ORIENTED_EDGE('',*,*,#5418,.F.);
#2945=ORIENTED_EDGE('',*,*,#5419,.F.);
#2946=ORIENTED_EDGE('',*,*,#5416,.T.);
#2947=ORIENTED_EDGE('',*,*,#4585,.T.);
#2948=ORIENTED_EDGE('',*,*,#5420,.F.);
#2949=ORIENTED_EDGE('',*,*,#5421,.F.);
#2950=ORIENTED_EDGE('',*,*,#5418,.T.);
#2951=ORIENTED_EDGE('',*,*,#4604,.T.);
#2952=ORIENTED_EDGE('',*,*,#5422,.F.);
#2953=ORIENTED_EDGE('',*,*,#5423,.F.);
#2954=ORIENTED_EDGE('',*,*,#5424,.T.);
#2955=ORIENTED_EDGE('',*,*,#4636,.T.);
#2956=ORIENTED_EDGE('',*,*,#5425,.F.);
#2957=ORIENTED_EDGE('',*,*,#5426,.F.);
#2958=ORIENTED_EDGE('',*,*,#5422,.T.);
#2959=ORIENTED_EDGE('',*,*,#4635,.T.);
#2960=ORIENTED_EDGE('',*,*,#5427,.F.);
#2961=ORIENTED_EDGE('',*,*,#5428,.F.);
#2962=ORIENTED_EDGE('',*,*,#5425,.T.);
#2963=ORIENTED_EDGE('',*,*,#4634,.T.);
#2964=ORIENTED_EDGE('',*,*,#5429,.F.);
#2965=ORIENTED_EDGE('',*,*,#5430,.F.);
#2966=ORIENTED_EDGE('',*,*,#5427,.T.);
#2967=ORIENTED_EDGE('',*,*,#4633,.T.);
#2968=ORIENTED_EDGE('',*,*,#5431,.F.);
#2969=ORIENTED_EDGE('',*,*,#5432,.F.);
#2970=ORIENTED_EDGE('',*,*,#5429,.T.);
#2971=ORIENTED_EDGE('',*,*,#4632,.T.);
#2972=ORIENTED_EDGE('',*,*,#5433,.F.);
#2973=ORIENTED_EDGE('',*,*,#5434,.F.);
#2974=ORIENTED_EDGE('',*,*,#5431,.T.);
#2975=ORIENTED_EDGE('',*,*,#4631,.T.);
#2976=ORIENTED_EDGE('',*,*,#5435,.F.);
#2977=ORIENTED_EDGE('',*,*,#5436,.F.);
#2978=ORIENTED_EDGE('',*,*,#5433,.T.);
#2979=ORIENTED_EDGE('',*,*,#4630,.T.);
#2980=ORIENTED_EDGE('',*,*,#5437,.F.);
#2981=ORIENTED_EDGE('',*,*,#5438,.F.);
#2982=ORIENTED_EDGE('',*,*,#5435,.T.);
#2983=ORIENTED_EDGE('',*,*,#4629,.T.);
#2984=ORIENTED_EDGE('',*,*,#5439,.F.);
#2985=ORIENTED_EDGE('',*,*,#5440,.F.);
#2986=ORIENTED_EDGE('',*,*,#5437,.T.);
#2987=ORIENTED_EDGE('',*,*,#4628,.T.);
#2988=ORIENTED_EDGE('',*,*,#5441,.F.);
#2989=ORIENTED_EDGE('',*,*,#5442,.F.);
#2990=ORIENTED_EDGE('',*,*,#5439,.T.);
#2991=ORIENTED_EDGE('',*,*,#4627,.T.);
#2992=ORIENTED_EDGE('',*,*,#5443,.F.);
#2993=ORIENTED_EDGE('',*,*,#5444,.F.);
#2994=ORIENTED_EDGE('',*,*,#5441,.T.);
#2995=ORIENTED_EDGE('',*,*,#4626,.T.);
#2996=ORIENTED_EDGE('',*,*,#5445,.F.);
#2997=ORIENTED_EDGE('',*,*,#5446,.F.);
#2998=ORIENTED_EDGE('',*,*,#5443,.T.);
#2999=ORIENTED_EDGE('',*,*,#4625,.T.);
#3000=ORIENTED_EDGE('',*,*,#5447,.F.);
#3001=ORIENTED_EDGE('',*,*,#5448,.F.);
#3002=ORIENTED_EDGE('',*,*,#5445,.T.);
#3003=ORIENTED_EDGE('',*,*,#4624,.T.);
#3004=ORIENTED_EDGE('',*,*,#5449,.F.);
#3005=ORIENTED_EDGE('',*,*,#5450,.F.);
#3006=ORIENTED_EDGE('',*,*,#5447,.T.);
#3007=ORIENTED_EDGE('',*,*,#4623,.T.);
#3008=ORIENTED_EDGE('',*,*,#5451,.F.);
#3009=ORIENTED_EDGE('',*,*,#5452,.F.);
#3010=ORIENTED_EDGE('',*,*,#5449,.T.);
#3011=ORIENTED_EDGE('',*,*,#4622,.T.);
#3012=ORIENTED_EDGE('',*,*,#5453,.F.);
#3013=ORIENTED_EDGE('',*,*,#5454,.F.);
#3014=ORIENTED_EDGE('',*,*,#5451,.T.);
#3015=ORIENTED_EDGE('',*,*,#4621,.T.);
#3016=ORIENTED_EDGE('',*,*,#5455,.F.);
#3017=ORIENTED_EDGE('',*,*,#5456,.F.);
#3018=ORIENTED_EDGE('',*,*,#5453,.T.);
#3019=ORIENTED_EDGE('',*,*,#4620,.T.);
#3020=ORIENTED_EDGE('',*,*,#5457,.F.);
#3021=ORIENTED_EDGE('',*,*,#5458,.F.);
#3022=ORIENTED_EDGE('',*,*,#5455,.T.);
#3023=ORIENTED_EDGE('',*,*,#4619,.T.);
#3024=ORIENTED_EDGE('',*,*,#5459,.F.);
#3025=ORIENTED_EDGE('',*,*,#5460,.F.);
#3026=ORIENTED_EDGE('',*,*,#5457,.T.);
#3027=ORIENTED_EDGE('',*,*,#4618,.T.);
#3028=ORIENTED_EDGE('',*,*,#5461,.F.);
#3029=ORIENTED_EDGE('',*,*,#5462,.F.);
#3030=ORIENTED_EDGE('',*,*,#5459,.T.);
#3031=ORIENTED_EDGE('',*,*,#4617,.T.);
#3032=ORIENTED_EDGE('',*,*,#5463,.F.);
#3033=ORIENTED_EDGE('',*,*,#5464,.F.);
#3034=ORIENTED_EDGE('',*,*,#5461,.T.);
#3035=ORIENTED_EDGE('',*,*,#4616,.T.);
#3036=ORIENTED_EDGE('',*,*,#5465,.F.);
#3037=ORIENTED_EDGE('',*,*,#5466,.F.);
#3038=ORIENTED_EDGE('',*,*,#5463,.T.);
#3039=ORIENTED_EDGE('',*,*,#4615,.T.);
#3040=ORIENTED_EDGE('',*,*,#5467,.F.);
#3041=ORIENTED_EDGE('',*,*,#5468,.F.);
#3042=ORIENTED_EDGE('',*,*,#5465,.T.);
#3043=ORIENTED_EDGE('',*,*,#4614,.T.);
#3044=ORIENTED_EDGE('',*,*,#5469,.F.);
#3045=ORIENTED_EDGE('',*,*,#5470,.F.);
#3046=ORIENTED_EDGE('',*,*,#5467,.T.);
#3047=ORIENTED_EDGE('',*,*,#4613,.T.);
#3048=ORIENTED_EDGE('',*,*,#5471,.F.);
#3049=ORIENTED_EDGE('',*,*,#5472,.F.);
#3050=ORIENTED_EDGE('',*,*,#5469,.T.);
#3051=ORIENTED_EDGE('',*,*,#4612,.T.);
#3052=ORIENTED_EDGE('',*,*,#5473,.F.);
#3053=ORIENTED_EDGE('',*,*,#5474,.F.);
#3054=ORIENTED_EDGE('',*,*,#5471,.T.);
#3055=ORIENTED_EDGE('',*,*,#4611,.T.);
#3056=ORIENTED_EDGE('',*,*,#5475,.F.);
#3057=ORIENTED_EDGE('',*,*,#5476,.F.);
#3058=ORIENTED_EDGE('',*,*,#5473,.T.);
#3059=ORIENTED_EDGE('',*,*,#4610,.T.);
#3060=ORIENTED_EDGE('',*,*,#5477,.F.);
#3061=ORIENTED_EDGE('',*,*,#5478,.F.);
#3062=ORIENTED_EDGE('',*,*,#5475,.T.);
#3063=ORIENTED_EDGE('',*,*,#4609,.T.);
#3064=ORIENTED_EDGE('',*,*,#5479,.F.);
#3065=ORIENTED_EDGE('',*,*,#5480,.F.);
#3066=ORIENTED_EDGE('',*,*,#5477,.T.);
#3067=ORIENTED_EDGE('',*,*,#4608,.T.);
#3068=ORIENTED_EDGE('',*,*,#5481,.F.);
#3069=ORIENTED_EDGE('',*,*,#5482,.F.);
#3070=ORIENTED_EDGE('',*,*,#5479,.T.);
#3071=ORIENTED_EDGE('',*,*,#4607,.T.);
#3072=ORIENTED_EDGE('',*,*,#5483,.F.);
#3073=ORIENTED_EDGE('',*,*,#5484,.F.);
#3074=ORIENTED_EDGE('',*,*,#5481,.T.);
#3075=ORIENTED_EDGE('',*,*,#4606,.T.);
#3076=ORIENTED_EDGE('',*,*,#5485,.F.);
#3077=ORIENTED_EDGE('',*,*,#5486,.F.);
#3078=ORIENTED_EDGE('',*,*,#5483,.T.);
#3079=ORIENTED_EDGE('',*,*,#4637,.T.);
#3080=ORIENTED_EDGE('',*,*,#5487,.F.);
#3081=ORIENTED_EDGE('',*,*,#5488,.F.);
#3082=ORIENTED_EDGE('',*,*,#5489,.T.);
#3083=ORIENTED_EDGE('',*,*,#4669,.T.);
#3084=ORIENTED_EDGE('',*,*,#5490,.F.);
#3085=ORIENTED_EDGE('',*,*,#5491,.F.);
#3086=ORIENTED_EDGE('',*,*,#5487,.T.);
#3087=ORIENTED_EDGE('',*,*,#4668,.T.);
#3088=ORIENTED_EDGE('',*,*,#5492,.F.);
#3089=ORIENTED_EDGE('',*,*,#5493,.F.);
#3090=ORIENTED_EDGE('',*,*,#5490,.T.);
#3091=ORIENTED_EDGE('',*,*,#4667,.T.);
#3092=ORIENTED_EDGE('',*,*,#5494,.F.);
#3093=ORIENTED_EDGE('',*,*,#5495,.F.);
#3094=ORIENTED_EDGE('',*,*,#5492,.T.);
#3095=ORIENTED_EDGE('',*,*,#4666,.T.);
#3096=ORIENTED_EDGE('',*,*,#5496,.F.);
#3097=ORIENTED_EDGE('',*,*,#5497,.F.);
#3098=ORIENTED_EDGE('',*,*,#5494,.T.);
#3099=ORIENTED_EDGE('',*,*,#4665,.T.);
#3100=ORIENTED_EDGE('',*,*,#5498,.F.);
#3101=ORIENTED_EDGE('',*,*,#5499,.F.);
#3102=ORIENTED_EDGE('',*,*,#5496,.T.);
#3103=ORIENTED_EDGE('',*,*,#4664,.T.);
#3104=ORIENTED_EDGE('',*,*,#5500,.F.);
#3105=ORIENTED_EDGE('',*,*,#5501,.F.);
#3106=ORIENTED_EDGE('',*,*,#5498,.T.);
#3107=ORIENTED_EDGE('',*,*,#4663,.T.);
#3108=ORIENTED_EDGE('',*,*,#5502,.F.);
#3109=ORIENTED_EDGE('',*,*,#5503,.F.);
#3110=ORIENTED_EDGE('',*,*,#5500,.T.);
#3111=ORIENTED_EDGE('',*,*,#4662,.T.);
#3112=ORIENTED_EDGE('',*,*,#5504,.F.);
#3113=ORIENTED_EDGE('',*,*,#5505,.F.);
#3114=ORIENTED_EDGE('',*,*,#5502,.T.);
#3115=ORIENTED_EDGE('',*,*,#4661,.T.);
#3116=ORIENTED_EDGE('',*,*,#5506,.F.);
#3117=ORIENTED_EDGE('',*,*,#5507,.F.);
#3118=ORIENTED_EDGE('',*,*,#5504,.T.);
#3119=ORIENTED_EDGE('',*,*,#4660,.T.);
#3120=ORIENTED_EDGE('',*,*,#5508,.F.);
#3121=ORIENTED_EDGE('',*,*,#5509,.F.);
#3122=ORIENTED_EDGE('',*,*,#5506,.T.);
#3123=ORIENTED_EDGE('',*,*,#4659,.T.);
#3124=ORIENTED_EDGE('',*,*,#5510,.F.);
#3125=ORIENTED_EDGE('',*,*,#5511,.F.);
#3126=ORIENTED_EDGE('',*,*,#5508,.T.);
#3127=ORIENTED_EDGE('',*,*,#4658,.T.);
#3128=ORIENTED_EDGE('',*,*,#5512,.F.);
#3129=ORIENTED_EDGE('',*,*,#5513,.F.);
#3130=ORIENTED_EDGE('',*,*,#5510,.T.);
#3131=ORIENTED_EDGE('',*,*,#4657,.T.);
#3132=ORIENTED_EDGE('',*,*,#5514,.F.);
#3133=ORIENTED_EDGE('',*,*,#5515,.F.);
#3134=ORIENTED_EDGE('',*,*,#5512,.T.);
#3135=ORIENTED_EDGE('',*,*,#4656,.T.);
#3136=ORIENTED_EDGE('',*,*,#5516,.F.);
#3137=ORIENTED_EDGE('',*,*,#5517,.F.);
#3138=ORIENTED_EDGE('',*,*,#5514,.T.);
#3139=ORIENTED_EDGE('',*,*,#4655,.T.);
#3140=ORIENTED_EDGE('',*,*,#5518,.F.);
#3141=ORIENTED_EDGE('',*,*,#5519,.F.);
#3142=ORIENTED_EDGE('',*,*,#5516,.T.);
#3143=ORIENTED_EDGE('',*,*,#4654,.T.);
#3144=ORIENTED_EDGE('',*,*,#5520,.F.);
#3145=ORIENTED_EDGE('',*,*,#5521,.F.);
#3146=ORIENTED_EDGE('',*,*,#5518,.T.);
#3147=ORIENTED_EDGE('',*,*,#4653,.T.);
#3148=ORIENTED_EDGE('',*,*,#5522,.F.);
#3149=ORIENTED_EDGE('',*,*,#5523,.F.);
#3150=ORIENTED_EDGE('',*,*,#5520,.T.);
#3151=ORIENTED_EDGE('',*,*,#4652,.T.);
#3152=ORIENTED_EDGE('',*,*,#5524,.F.);
#3153=ORIENTED_EDGE('',*,*,#5525,.F.);
#3154=ORIENTED_EDGE('',*,*,#5522,.T.);
#3155=ORIENTED_EDGE('',*,*,#4651,.T.);
#3156=ORIENTED_EDGE('',*,*,#5526,.F.);
#3157=ORIENTED_EDGE('',*,*,#5527,.F.);
#3158=ORIENTED_EDGE('',*,*,#5524,.T.);
#3159=ORIENTED_EDGE('',*,*,#4650,.T.);
#3160=ORIENTED_EDGE('',*,*,#5528,.F.);
#3161=ORIENTED_EDGE('',*,*,#5529,.F.);
#3162=ORIENTED_EDGE('',*,*,#5526,.T.);
#3163=ORIENTED_EDGE('',*,*,#4649,.T.);
#3164=ORIENTED_EDGE('',*,*,#5530,.F.);
#3165=ORIENTED_EDGE('',*,*,#5531,.F.);
#3166=ORIENTED_EDGE('',*,*,#5528,.T.);
#3167=ORIENTED_EDGE('',*,*,#4648,.T.);
#3168=ORIENTED_EDGE('',*,*,#5532,.F.);
#3169=ORIENTED_EDGE('',*,*,#5533,.F.);
#3170=ORIENTED_EDGE('',*,*,#5530,.T.);
#3171=ORIENTED_EDGE('',*,*,#4647,.T.);
#3172=ORIENTED_EDGE('',*,*,#5534,.F.);
#3173=ORIENTED_EDGE('',*,*,#5535,.F.);
#3174=ORIENTED_EDGE('',*,*,#5532,.T.);
#3175=ORIENTED_EDGE('',*,*,#4646,.T.);
#3176=ORIENTED_EDGE('',*,*,#5536,.F.);
#3177=ORIENTED_EDGE('',*,*,#5537,.F.);
#3178=ORIENTED_EDGE('',*,*,#5534,.T.);
#3179=ORIENTED_EDGE('',*,*,#4645,.T.);
#3180=ORIENTED_EDGE('',*,*,#5538,.F.);
#3181=ORIENTED_EDGE('',*,*,#5539,.F.);
#3182=ORIENTED_EDGE('',*,*,#5536,.T.);
#3183=ORIENTED_EDGE('',*,*,#4644,.T.);
#3184=ORIENTED_EDGE('',*,*,#5540,.F.);
#3185=ORIENTED_EDGE('',*,*,#5541,.F.);
#3186=ORIENTED_EDGE('',*,*,#5538,.T.);
#3187=ORIENTED_EDGE('',*,*,#4643,.T.);
#3188=ORIENTED_EDGE('',*,*,#5542,.F.);
#3189=ORIENTED_EDGE('',*,*,#5543,.F.);
#3190=ORIENTED_EDGE('',*,*,#5540,.T.);
#3191=ORIENTED_EDGE('',*,*,#4642,.T.);
#3192=ORIENTED_EDGE('',*,*,#5544,.F.);
#3193=ORIENTED_EDGE('',*,*,#5545,.F.);
#3194=ORIENTED_EDGE('',*,*,#5542,.T.);
#3195=ORIENTED_EDGE('',*,*,#4641,.T.);
#3196=ORIENTED_EDGE('',*,*,#5546,.F.);
#3197=ORIENTED_EDGE('',*,*,#5547,.F.);
#3198=ORIENTED_EDGE('',*,*,#5544,.T.);
#3199=ORIENTED_EDGE('',*,*,#4640,.T.);
#3200=ORIENTED_EDGE('',*,*,#5548,.F.);
#3201=ORIENTED_EDGE('',*,*,#5549,.F.);
#3202=ORIENTED_EDGE('',*,*,#5546,.T.);
#3203=ORIENTED_EDGE('',*,*,#4639,.T.);
#3204=ORIENTED_EDGE('',*,*,#5550,.F.);
#3205=ORIENTED_EDGE('',*,*,#5551,.F.);
#3206=ORIENTED_EDGE('',*,*,#5548,.T.);
#3207=ORIENTED_EDGE('',*,*,#4670,.T.);
#3208=ORIENTED_EDGE('',*,*,#5552,.F.);
#3209=ORIENTED_EDGE('',*,*,#5553,.F.);
#3210=ORIENTED_EDGE('',*,*,#5554,.T.);
#3211=ORIENTED_EDGE('',*,*,#4673,.T.);
#3212=ORIENTED_EDGE('',*,*,#5555,.F.);
#3213=ORIENTED_EDGE('',*,*,#5556,.F.);
#3214=ORIENTED_EDGE('',*,*,#5552,.T.);
#3215=ORIENTED_EDGE('',*,*,#4672,.T.);
#3216=ORIENTED_EDGE('',*,*,#5557,.F.);
#3217=ORIENTED_EDGE('',*,*,#5558,.F.);
#3218=ORIENTED_EDGE('',*,*,#5555,.T.);
#3219=ORIENTED_EDGE('',*,*,#4674,.T.);
#3220=ORIENTED_EDGE('',*,*,#5559,.F.);
#3221=ORIENTED_EDGE('',*,*,#5560,.F.);
#3222=ORIENTED_EDGE('',*,*,#5561,.T.);
#3223=ORIENTED_EDGE('',*,*,#4689,.T.);
#3224=ORIENTED_EDGE('',*,*,#5562,.F.);
#3225=ORIENTED_EDGE('',*,*,#5563,.F.);
#3226=ORIENTED_EDGE('',*,*,#5559,.T.);
#3227=ORIENTED_EDGE('',*,*,#4688,.T.);
#3228=ORIENTED_EDGE('',*,*,#5564,.F.);
#3229=ORIENTED_EDGE('',*,*,#5565,.F.);
#3230=ORIENTED_EDGE('',*,*,#5562,.T.);
#3231=ORIENTED_EDGE('',*,*,#4687,.T.);
#3232=ORIENTED_EDGE('',*,*,#5566,.F.);
#3233=ORIENTED_EDGE('',*,*,#5567,.F.);
#3234=ORIENTED_EDGE('',*,*,#5564,.T.);
#3235=ORIENTED_EDGE('',*,*,#4686,.T.);
#3236=ORIENTED_EDGE('',*,*,#5568,.F.);
#3237=ORIENTED_EDGE('',*,*,#5569,.F.);
#3238=ORIENTED_EDGE('',*,*,#5566,.T.);
#3239=ORIENTED_EDGE('',*,*,#4685,.T.);
#3240=ORIENTED_EDGE('',*,*,#5570,.F.);
#3241=ORIENTED_EDGE('',*,*,#5571,.F.);
#3242=ORIENTED_EDGE('',*,*,#5568,.T.);
#3243=ORIENTED_EDGE('',*,*,#4684,.T.);
#3244=ORIENTED_EDGE('',*,*,#5572,.F.);
#3245=ORIENTED_EDGE('',*,*,#5573,.F.);
#3246=ORIENTED_EDGE('',*,*,#5570,.T.);
#3247=ORIENTED_EDGE('',*,*,#4683,.T.);
#3248=ORIENTED_EDGE('',*,*,#5574,.F.);
#3249=ORIENTED_EDGE('',*,*,#5575,.F.);
#3250=ORIENTED_EDGE('',*,*,#5572,.T.);
#3251=ORIENTED_EDGE('',*,*,#4682,.T.);
#3252=ORIENTED_EDGE('',*,*,#5576,.F.);
#3253=ORIENTED_EDGE('',*,*,#5577,.F.);
#3254=ORIENTED_EDGE('',*,*,#5574,.T.);
#3255=ORIENTED_EDGE('',*,*,#4681,.T.);
#3256=ORIENTED_EDGE('',*,*,#5578,.F.);
#3257=ORIENTED_EDGE('',*,*,#5579,.F.);
#3258=ORIENTED_EDGE('',*,*,#5576,.T.);
#3259=ORIENTED_EDGE('',*,*,#4680,.T.);
#3260=ORIENTED_EDGE('',*,*,#5580,.F.);
#3261=ORIENTED_EDGE('',*,*,#5581,.F.);
#3262=ORIENTED_EDGE('',*,*,#5578,.T.);
#3263=ORIENTED_EDGE('',*,*,#4679,.T.);
#3264=ORIENTED_EDGE('',*,*,#5582,.F.);
#3265=ORIENTED_EDGE('',*,*,#5583,.F.);
#3266=ORIENTED_EDGE('',*,*,#5580,.T.);
#3267=ORIENTED_EDGE('',*,*,#4678,.T.);
#3268=ORIENTED_EDGE('',*,*,#5584,.F.);
#3269=ORIENTED_EDGE('',*,*,#5585,.F.);
#3270=ORIENTED_EDGE('',*,*,#5582,.T.);
#3271=ORIENTED_EDGE('',*,*,#4677,.T.);
#3272=ORIENTED_EDGE('',*,*,#5586,.F.);
#3273=ORIENTED_EDGE('',*,*,#5587,.F.);
#3274=ORIENTED_EDGE('',*,*,#5584,.T.);
#3275=ORIENTED_EDGE('',*,*,#4676,.T.);
#3276=ORIENTED_EDGE('',*,*,#5588,.F.);
#3277=ORIENTED_EDGE('',*,*,#5589,.F.);
#3278=ORIENTED_EDGE('',*,*,#5586,.T.);
#3279=ORIENTED_EDGE('',*,*,#4690,.T.);
#3280=ORIENTED_EDGE('',*,*,#5590,.F.);
#3281=ORIENTED_EDGE('',*,*,#5591,.F.);
#3282=ORIENTED_EDGE('',*,*,#5592,.T.);
#3283=ORIENTED_EDGE('',*,*,#4693,.T.);
#3284=ORIENTED_EDGE('',*,*,#5593,.F.);
#3285=ORIENTED_EDGE('',*,*,#5594,.F.);
#3286=ORIENTED_EDGE('',*,*,#5590,.T.);
#3287=ORIENTED_EDGE('',*,*,#4692,.T.);
#3288=ORIENTED_EDGE('',*,*,#5595,.F.);
#3289=ORIENTED_EDGE('',*,*,#5596,.F.);
#3290=ORIENTED_EDGE('',*,*,#5593,.T.);
#3291=ORIENTED_EDGE('',*,*,#4694,.T.);
#3292=ORIENTED_EDGE('',*,*,#5597,.F.);
#3293=ORIENTED_EDGE('',*,*,#5598,.F.);
#3294=ORIENTED_EDGE('',*,*,#5599,.T.);
#3295=ORIENTED_EDGE('',*,*,#4709,.T.);
#3296=ORIENTED_EDGE('',*,*,#5600,.F.);
#3297=ORIENTED_EDGE('',*,*,#5601,.F.);
#3298=ORIENTED_EDGE('',*,*,#5597,.T.);
#3299=ORIENTED_EDGE('',*,*,#4708,.T.);
#3300=ORIENTED_EDGE('',*,*,#5602,.F.);
#3301=ORIENTED_EDGE('',*,*,#5603,.F.);
#3302=ORIENTED_EDGE('',*,*,#5600,.T.);
#3303=ORIENTED_EDGE('',*,*,#4707,.T.);
#3304=ORIENTED_EDGE('',*,*,#5604,.F.);
#3305=ORIENTED_EDGE('',*,*,#5605,.F.);
#3306=ORIENTED_EDGE('',*,*,#5602,.T.);
#3307=ORIENTED_EDGE('',*,*,#4706,.T.);
#3308=ORIENTED_EDGE('',*,*,#5606,.F.);
#3309=ORIENTED_EDGE('',*,*,#5607,.F.);
#3310=ORIENTED_EDGE('',*,*,#5604,.T.);
#3311=ORIENTED_EDGE('',*,*,#4705,.T.);
#3312=ORIENTED_EDGE('',*,*,#5608,.F.);
#3313=ORIENTED_EDGE('',*,*,#5609,.F.);
#3314=ORIENTED_EDGE('',*,*,#5606,.T.);
#3315=ORIENTED_EDGE('',*,*,#4704,.T.);
#3316=ORIENTED_EDGE('',*,*,#5610,.F.);
#3317=ORIENTED_EDGE('',*,*,#5611,.F.);
#3318=ORIENTED_EDGE('',*,*,#5608,.T.);
#3319=ORIENTED_EDGE('',*,*,#4703,.T.);
#3320=ORIENTED_EDGE('',*,*,#5612,.F.);
#3321=ORIENTED_EDGE('',*,*,#5613,.F.);
#3322=ORIENTED_EDGE('',*,*,#5610,.T.);
#3323=ORIENTED_EDGE('',*,*,#4702,.T.);
#3324=ORIENTED_EDGE('',*,*,#5614,.F.);
#3325=ORIENTED_EDGE('',*,*,#5615,.F.);
#3326=ORIENTED_EDGE('',*,*,#5612,.T.);
#3327=ORIENTED_EDGE('',*,*,#4701,.T.);
#3328=ORIENTED_EDGE('',*,*,#5616,.F.);
#3329=ORIENTED_EDGE('',*,*,#5617,.F.);
#3330=ORIENTED_EDGE('',*,*,#5614,.T.);
#3331=ORIENTED_EDGE('',*,*,#4700,.T.);
#3332=ORIENTED_EDGE('',*,*,#5618,.F.);
#3333=ORIENTED_EDGE('',*,*,#5619,.F.);
#3334=ORIENTED_EDGE('',*,*,#5616,.T.);
#3335=ORIENTED_EDGE('',*,*,#4699,.T.);
#3336=ORIENTED_EDGE('',*,*,#5620,.F.);
#3337=ORIENTED_EDGE('',*,*,#5621,.F.);
#3338=ORIENTED_EDGE('',*,*,#5618,.T.);
#3339=ORIENTED_EDGE('',*,*,#4698,.T.);
#3340=ORIENTED_EDGE('',*,*,#5622,.F.);
#3341=ORIENTED_EDGE('',*,*,#5623,.F.);
#3342=ORIENTED_EDGE('',*,*,#5620,.T.);
#3343=ORIENTED_EDGE('',*,*,#4697,.T.);
#3344=ORIENTED_EDGE('',*,*,#5624,.F.);
#3345=ORIENTED_EDGE('',*,*,#5625,.F.);
#3346=ORIENTED_EDGE('',*,*,#5622,.T.);
#3347=ORIENTED_EDGE('',*,*,#4696,.T.);
#3348=ORIENTED_EDGE('',*,*,#5626,.F.);
#3349=ORIENTED_EDGE('',*,*,#5627,.F.);
#3350=ORIENTED_EDGE('',*,*,#5624,.T.);
#3351=ORIENTED_EDGE('',*,*,#4710,.T.);
#3352=ORIENTED_EDGE('',*,*,#5628,.F.);
#3353=ORIENTED_EDGE('',*,*,#5629,.F.);
#3354=ORIENTED_EDGE('',*,*,#5630,.T.);
#3355=ORIENTED_EDGE('',*,*,#4742,.T.);
#3356=ORIENTED_EDGE('',*,*,#5631,.F.);
#3357=ORIENTED_EDGE('',*,*,#5632,.F.);
#3358=ORIENTED_EDGE('',*,*,#5628,.T.);
#3359=ORIENTED_EDGE('',*,*,#4741,.T.);
#3360=ORIENTED_EDGE('',*,*,#5633,.F.);
#3361=ORIENTED_EDGE('',*,*,#5634,.F.);
#3362=ORIENTED_EDGE('',*,*,#5631,.T.);
#3363=ORIENTED_EDGE('',*,*,#4740,.T.);
#3364=ORIENTED_EDGE('',*,*,#5635,.F.);
#3365=ORIENTED_EDGE('',*,*,#5636,.F.);
#3366=ORIENTED_EDGE('',*,*,#5633,.T.);
#3367=ORIENTED_EDGE('',*,*,#4739,.T.);
#3368=ORIENTED_EDGE('',*,*,#5637,.F.);
#3369=ORIENTED_EDGE('',*,*,#5638,.F.);
#3370=ORIENTED_EDGE('',*,*,#5635,.T.);
#3371=ORIENTED_EDGE('',*,*,#4738,.T.);
#3372=ORIENTED_EDGE('',*,*,#5639,.F.);
#3373=ORIENTED_EDGE('',*,*,#5640,.F.);
#3374=ORIENTED_EDGE('',*,*,#5637,.T.);
#3375=ORIENTED_EDGE('',*,*,#4737,.T.);
#3376=ORIENTED_EDGE('',*,*,#5641,.F.);
#3377=ORIENTED_EDGE('',*,*,#5642,.F.);
#3378=ORIENTED_EDGE('',*,*,#5639,.T.);
#3379=ORIENTED_EDGE('',*,*,#4736,.T.);
#3380=ORIENTED_EDGE('',*,*,#5643,.F.);
#3381=ORIENTED_EDGE('',*,*,#5644,.F.);
#3382=ORIENTED_EDGE('',*,*,#5641,.T.);
#3383=ORIENTED_EDGE('',*,*,#4735,.T.);
#3384=ORIENTED_EDGE('',*,*,#5645,.F.);
#3385=ORIENTED_EDGE('',*,*,#5646,.F.);
#3386=ORIENTED_EDGE('',*,*,#5643,.T.);
#3387=ORIENTED_EDGE('',*,*,#4734,.T.);
#3388=ORIENTED_EDGE('',*,*,#5647,.F.);
#3389=ORIENTED_EDGE('',*,*,#5648,.F.);
#3390=ORIENTED_EDGE('',*,*,#5645,.T.);
#3391=ORIENTED_EDGE('',*,*,#4733,.T.);
#3392=ORIENTED_EDGE('',*,*,#5649,.F.);
#3393=ORIENTED_EDGE('',*,*,#5650,.F.);
#3394=ORIENTED_EDGE('',*,*,#5647,.T.);
#3395=ORIENTED_EDGE('',*,*,#4732,.T.);
#3396=ORIENTED_EDGE('',*,*,#5651,.F.);
#3397=ORIENTED_EDGE('',*,*,#5652,.F.);
#3398=ORIENTED_EDGE('',*,*,#5649,.T.);
#3399=ORIENTED_EDGE('',*,*,#4731,.T.);
#3400=ORIENTED_EDGE('',*,*,#5653,.F.);
#3401=ORIENTED_EDGE('',*,*,#5654,.F.);
#3402=ORIENTED_EDGE('',*,*,#5651,.T.);
#3403=ORIENTED_EDGE('',*,*,#4730,.T.);
#3404=ORIENTED_EDGE('',*,*,#5655,.F.);
#3405=ORIENTED_EDGE('',*,*,#5656,.F.);
#3406=ORIENTED_EDGE('',*,*,#5653,.T.);
#3407=ORIENTED_EDGE('',*,*,#4729,.T.);
#3408=ORIENTED_EDGE('',*,*,#5657,.F.);
#3409=ORIENTED_EDGE('',*,*,#5658,.F.);
#3410=ORIENTED_EDGE('',*,*,#5655,.T.);
#3411=ORIENTED_EDGE('',*,*,#4728,.T.);
#3412=ORIENTED_EDGE('',*,*,#5659,.F.);
#3413=ORIENTED_EDGE('',*,*,#5660,.F.);
#3414=ORIENTED_EDGE('',*,*,#5657,.T.);
#3415=ORIENTED_EDGE('',*,*,#4727,.T.);
#3416=ORIENTED_EDGE('',*,*,#5661,.F.);
#3417=ORIENTED_EDGE('',*,*,#5662,.F.);
#3418=ORIENTED_EDGE('',*,*,#5659,.T.);
#3419=ORIENTED_EDGE('',*,*,#4726,.T.);
#3420=ORIENTED_EDGE('',*,*,#5663,.F.);
#3421=ORIENTED_EDGE('',*,*,#5664,.F.);
#3422=ORIENTED_EDGE('',*,*,#5661,.T.);
#3423=ORIENTED_EDGE('',*,*,#4725,.T.);
#3424=ORIENTED_EDGE('',*,*,#5665,.F.);
#3425=ORIENTED_EDGE('',*,*,#5666,.F.);
#3426=ORIENTED_EDGE('',*,*,#5663,.T.);
#3427=ORIENTED_EDGE('',*,*,#4724,.T.);
#3428=ORIENTED_EDGE('',*,*,#5667,.F.);
#3429=ORIENTED_EDGE('',*,*,#5668,.F.);
#3430=ORIENTED_EDGE('',*,*,#5665,.T.);
#3431=ORIENTED_EDGE('',*,*,#4723,.T.);
#3432=ORIENTED_EDGE('',*,*,#5669,.F.);
#3433=ORIENTED_EDGE('',*,*,#5670,.F.);
#3434=ORIENTED_EDGE('',*,*,#5667,.T.);
#3435=ORIENTED_EDGE('',*,*,#4722,.T.);
#3436=ORIENTED_EDGE('',*,*,#5671,.F.);
#3437=ORIENTED_EDGE('',*,*,#5672,.F.);
#3438=ORIENTED_EDGE('',*,*,#5669,.T.);
#3439=ORIENTED_EDGE('',*,*,#4721,.T.);
#3440=ORIENTED_EDGE('',*,*,#5673,.F.);
#3441=ORIENTED_EDGE('',*,*,#5674,.F.);
#3442=ORIENTED_EDGE('',*,*,#5671,.T.);
#3443=ORIENTED_EDGE('',*,*,#4720,.T.);
#3444=ORIENTED_EDGE('',*,*,#5675,.F.);
#3445=ORIENTED_EDGE('',*,*,#5676,.F.);
#3446=ORIENTED_EDGE('',*,*,#5673,.T.);
#3447=ORIENTED_EDGE('',*,*,#4719,.T.);
#3448=ORIENTED_EDGE('',*,*,#5677,.F.);
#3449=ORIENTED_EDGE('',*,*,#5678,.F.);
#3450=ORIENTED_EDGE('',*,*,#5675,.T.);
#3451=ORIENTED_EDGE('',*,*,#4718,.T.);
#3452=ORIENTED_EDGE('',*,*,#5679,.F.);
#3453=ORIENTED_EDGE('',*,*,#5680,.F.);
#3454=ORIENTED_EDGE('',*,*,#5677,.T.);
#3455=ORIENTED_EDGE('',*,*,#4717,.T.);
#3456=ORIENTED_EDGE('',*,*,#5681,.F.);
#3457=ORIENTED_EDGE('',*,*,#5682,.F.);
#3458=ORIENTED_EDGE('',*,*,#5679,.T.);
#3459=ORIENTED_EDGE('',*,*,#4716,.T.);
#3460=ORIENTED_EDGE('',*,*,#5683,.F.);
#3461=ORIENTED_EDGE('',*,*,#5684,.F.);
#3462=ORIENTED_EDGE('',*,*,#5681,.T.);
#3463=ORIENTED_EDGE('',*,*,#4715,.T.);
#3464=ORIENTED_EDGE('',*,*,#5685,.F.);
#3465=ORIENTED_EDGE('',*,*,#5686,.F.);
#3466=ORIENTED_EDGE('',*,*,#5683,.T.);
#3467=ORIENTED_EDGE('',*,*,#4714,.T.);
#3468=ORIENTED_EDGE('',*,*,#5687,.F.);
#3469=ORIENTED_EDGE('',*,*,#5688,.F.);
#3470=ORIENTED_EDGE('',*,*,#5685,.T.);
#3471=ORIENTED_EDGE('',*,*,#4713,.T.);
#3472=ORIENTED_EDGE('',*,*,#5689,.F.);
#3473=ORIENTED_EDGE('',*,*,#5690,.F.);
#3474=ORIENTED_EDGE('',*,*,#5687,.T.);
#3475=ORIENTED_EDGE('',*,*,#4712,.T.);
#3476=ORIENTED_EDGE('',*,*,#5691,.F.);
#3477=ORIENTED_EDGE('',*,*,#5692,.F.);
#3478=ORIENTED_EDGE('',*,*,#5689,.T.);
#3479=ORIENTED_EDGE('',*,*,#4252,.F.);
#3480=ORIENTED_EDGE('',*,*,#4745,.F.);
#3481=ORIENTED_EDGE('',*,*,#5693,.T.);
#3482=ORIENTED_EDGE('',*,*,#4748,.T.);
#3483=ORIENTED_EDGE('',*,*,#4256,.F.);
#3484=ORIENTED_EDGE('',*,*,#4752,.F.);
#3485=ORIENTED_EDGE('',*,*,#5694,.T.);
#3486=ORIENTED_EDGE('',*,*,#4755,.T.);
#3487=ORIENTED_EDGE('',*,*,#4260,.F.);
#3488=ORIENTED_EDGE('',*,*,#4759,.F.);
#3489=ORIENTED_EDGE('',*,*,#5695,.T.);
#3490=ORIENTED_EDGE('',*,*,#4762,.T.);
#3491=ORIENTED_EDGE('',*,*,#4265,.F.);
#3492=ORIENTED_EDGE('',*,*,#5696,.T.);
#3493=ORIENTED_EDGE('',*,*,#5697,.T.);
#3494=ORIENTED_EDGE('',*,*,#4769,.T.);
#3495=ORIENTED_EDGE('',*,*,#4269,.F.);
#3496=ORIENTED_EDGE('',*,*,#4773,.F.);
#3497=ORIENTED_EDGE('',*,*,#5698,.T.);
#3498=ORIENTED_EDGE('',*,*,#4776,.T.);
#3499=ORIENTED_EDGE('',*,*,#4273,.F.);
#3500=ORIENTED_EDGE('',*,*,#4780,.F.);
#3501=ORIENTED_EDGE('',*,*,#5699,.T.);
#3502=ORIENTED_EDGE('',*,*,#4783,.T.);
#3503=ORIENTED_EDGE('',*,*,#4279,.F.);
#3504=ORIENTED_EDGE('',*,*,#4787,.F.);
#3505=ORIENTED_EDGE('',*,*,#5700,.T.);
#3506=ORIENTED_EDGE('',*,*,#4791,.T.);
#3507=ORIENTED_EDGE('',*,*,#4282,.F.);
#3508=ORIENTED_EDGE('',*,*,#4795,.F.);
#3509=ORIENTED_EDGE('',*,*,#5701,.T.);
#3510=ORIENTED_EDGE('',*,*,#4798,.T.);
#3511=ORIENTED_EDGE('',*,*,#4286,.F.);
#3512=ORIENTED_EDGE('',*,*,#4802,.F.);
#3513=ORIENTED_EDGE('',*,*,#5702,.T.);
#3514=ORIENTED_EDGE('',*,*,#4805,.T.);
#3515=ORIENTED_EDGE('',*,*,#4290,.T.);
#3516=ORIENTED_EDGE('',*,*,#4809,.F.);
#3517=ORIENTED_EDGE('',*,*,#5703,.F.);
#3518=ORIENTED_EDGE('',*,*,#4870,.T.);
#3519=ORIENTED_EDGE('',*,*,#4323,.T.);
#3520=ORIENTED_EDGE('',*,*,#4874,.F.);
#3521=ORIENTED_EDGE('',*,*,#5704,.F.);
#3522=ORIENTED_EDGE('',*,*,#4927,.T.);
#3523=ORIENTED_EDGE('',*,*,#4352,.T.);
#3524=ORIENTED_EDGE('',*,*,#4931,.F.);
#3525=ORIENTED_EDGE('',*,*,#5705,.F.);
#3526=ORIENTED_EDGE('',*,*,#4948,.T.);
#3527=ORIENTED_EDGE('',*,*,#4363,.T.);
#3528=ORIENTED_EDGE('',*,*,#4952,.F.);
#3529=ORIENTED_EDGE('',*,*,#5706,.F.);
#3530=ORIENTED_EDGE('',*,*,#4995,.T.);
#3531=ORIENTED_EDGE('',*,*,#4387,.T.);
#3532=ORIENTED_EDGE('',*,*,#4999,.F.);
#3533=ORIENTED_EDGE('',*,*,#5707,.F.);
#3534=ORIENTED_EDGE('',*,*,#5036,.T.);
#3535=ORIENTED_EDGE('',*,*,#4408,.T.);
#3536=ORIENTED_EDGE('',*,*,#5040,.F.);
#3537=ORIENTED_EDGE('',*,*,#5708,.F.);
#3538=ORIENTED_EDGE('',*,*,#5055,.T.);
#3539=ORIENTED_EDGE('',*,*,#4418,.T.);
#3540=ORIENTED_EDGE('',*,*,#5059,.F.);
#3541=ORIENTED_EDGE('',*,*,#5709,.F.);
#3542=ORIENTED_EDGE('',*,*,#5144,.T.);
#3543=ORIENTED_EDGE('',*,*,#4463,.T.);
#3544=ORIENTED_EDGE('',*,*,#5148,.F.);
#3545=ORIENTED_EDGE('',*,*,#5710,.F.);
#3546=ORIENTED_EDGE('',*,*,#5175,.T.);
#3547=ORIENTED_EDGE('',*,*,#4479,.T.);
#3548=ORIENTED_EDGE('',*,*,#5179,.F.);
#3549=ORIENTED_EDGE('',*,*,#5711,.F.);
#3550=ORIENTED_EDGE('',*,*,#5190,.T.);
#3551=ORIENTED_EDGE('',*,*,#4487,.T.);
#3552=ORIENTED_EDGE('',*,*,#5194,.F.);
#3553=ORIENTED_EDGE('',*,*,#5712,.F.);
#3554=ORIENTED_EDGE('',*,*,#5205,.T.);
#3555=ORIENTED_EDGE('',*,*,#4495,.T.);
#3556=ORIENTED_EDGE('',*,*,#5209,.F.);
#3557=ORIENTED_EDGE('',*,*,#5713,.F.);
#3558=ORIENTED_EDGE('',*,*,#5248,.T.);
#3559=ORIENTED_EDGE('',*,*,#4517,.T.);
#3560=ORIENTED_EDGE('',*,*,#5252,.F.);
#3561=ORIENTED_EDGE('',*,*,#5714,.F.);
#3562=ORIENTED_EDGE('',*,*,#5279,.T.);
#3563=ORIENTED_EDGE('',*,*,#4533,.T.);
#3564=ORIENTED_EDGE('',*,*,#5283,.F.);
#3565=ORIENTED_EDGE('',*,*,#5715,.F.);
#3566=ORIENTED_EDGE('',*,*,#5328,.T.);
#3567=ORIENTED_EDGE('',*,*,#4558,.T.);
#3568=ORIENTED_EDGE('',*,*,#5332,.F.);
#3569=ORIENTED_EDGE('',*,*,#5716,.F.);
#3570=ORIENTED_EDGE('',*,*,#5379,.T.);
#3571=ORIENTED_EDGE('',*,*,#4584,.T.);
#3572=ORIENTED_EDGE('',*,*,#5383,.F.);
#3573=ORIENTED_EDGE('',*,*,#5717,.F.);
#3574=ORIENTED_EDGE('',*,*,#5420,.T.);
#3575=ORIENTED_EDGE('',*,*,#4605,.T.);
#3576=ORIENTED_EDGE('',*,*,#5424,.F.);
#3577=ORIENTED_EDGE('',*,*,#5718,.F.);
#3578=ORIENTED_EDGE('',*,*,#5485,.T.);
#3579=ORIENTED_EDGE('',*,*,#4638,.T.);
#3580=ORIENTED_EDGE('',*,*,#5489,.F.);
#3581=ORIENTED_EDGE('',*,*,#5719,.F.);
#3582=ORIENTED_EDGE('',*,*,#5550,.T.);
#3583=ORIENTED_EDGE('',*,*,#4671,.T.);
#3584=ORIENTED_EDGE('',*,*,#5554,.F.);
#3585=ORIENTED_EDGE('',*,*,#5720,.F.);
#3586=ORIENTED_EDGE('',*,*,#5557,.T.);
#3587=ORIENTED_EDGE('',*,*,#4675,.T.);
#3588=ORIENTED_EDGE('',*,*,#5561,.F.);
#3589=ORIENTED_EDGE('',*,*,#5721,.F.);
#3590=ORIENTED_EDGE('',*,*,#5588,.T.);
#3591=ORIENTED_EDGE('',*,*,#4691,.T.);
#3592=ORIENTED_EDGE('',*,*,#5592,.F.);
#3593=ORIENTED_EDGE('',*,*,#5722,.F.);
#3594=ORIENTED_EDGE('',*,*,#5595,.T.);
#3595=ORIENTED_EDGE('',*,*,#4695,.T.);
#3596=ORIENTED_EDGE('',*,*,#5599,.F.);
#3597=ORIENTED_EDGE('',*,*,#5723,.F.);
#3598=ORIENTED_EDGE('',*,*,#5626,.T.);
#3599=ORIENTED_EDGE('',*,*,#4711,.T.);
#3600=ORIENTED_EDGE('',*,*,#5630,.F.);
#3601=ORIENTED_EDGE('',*,*,#5724,.F.);
#3602=ORIENTED_EDGE('',*,*,#5691,.T.);
#3603=ORIENTED_EDGE('',*,*,#5725,.T.);
#3604=ORIENTED_EDGE('',*,*,#5726,.T.);
#3605=ORIENTED_EDGE('',*,*,#5727,.T.);
#3606=ORIENTED_EDGE('',*,*,#5728,.T.);
#3607=ORIENTED_EDGE('',*,*,#5629,.T.);
#3608=ORIENTED_EDGE('',*,*,#5632,.T.);
#3609=ORIENTED_EDGE('',*,*,#5634,.T.);
#3610=ORIENTED_EDGE('',*,*,#5636,.T.);
#3611=ORIENTED_EDGE('',*,*,#5638,.T.);
#3612=ORIENTED_EDGE('',*,*,#5640,.T.);
#3613=ORIENTED_EDGE('',*,*,#5642,.T.);
#3614=ORIENTED_EDGE('',*,*,#5644,.T.);
#3615=ORIENTED_EDGE('',*,*,#5646,.T.);
#3616=ORIENTED_EDGE('',*,*,#5648,.T.);
#3617=ORIENTED_EDGE('',*,*,#5650,.T.);
#3618=ORIENTED_EDGE('',*,*,#5652,.T.);
#3619=ORIENTED_EDGE('',*,*,#5654,.T.);
#3620=ORIENTED_EDGE('',*,*,#5656,.T.);
#3621=ORIENTED_EDGE('',*,*,#5658,.T.);
#3622=ORIENTED_EDGE('',*,*,#5660,.T.);
#3623=ORIENTED_EDGE('',*,*,#5662,.T.);
#3624=ORIENTED_EDGE('',*,*,#5664,.T.);
#3625=ORIENTED_EDGE('',*,*,#5666,.T.);
#3626=ORIENTED_EDGE('',*,*,#5668,.T.);
#3627=ORIENTED_EDGE('',*,*,#5670,.T.);
#3628=ORIENTED_EDGE('',*,*,#5672,.T.);
#3629=ORIENTED_EDGE('',*,*,#5674,.T.);
#3630=ORIENTED_EDGE('',*,*,#5676,.T.);
#3631=ORIENTED_EDGE('',*,*,#5678,.T.);
#3632=ORIENTED_EDGE('',*,*,#5680,.T.);
#3633=ORIENTED_EDGE('',*,*,#5682,.T.);
#3634=ORIENTED_EDGE('',*,*,#5684,.T.);
#3635=ORIENTED_EDGE('',*,*,#5686,.T.);
#3636=ORIENTED_EDGE('',*,*,#5688,.T.);
#3637=ORIENTED_EDGE('',*,*,#5690,.T.);
#3638=ORIENTED_EDGE('',*,*,#5692,.T.);
#3639=ORIENTED_EDGE('',*,*,#5724,.T.);
#3640=ORIENTED_EDGE('',*,*,#5598,.T.);
#3641=ORIENTED_EDGE('',*,*,#5601,.T.);
#3642=ORIENTED_EDGE('',*,*,#5603,.T.);
#3643=ORIENTED_EDGE('',*,*,#5605,.T.);
#3644=ORIENTED_EDGE('',*,*,#5607,.T.);
#3645=ORIENTED_EDGE('',*,*,#5609,.T.);
#3646=ORIENTED_EDGE('',*,*,#5611,.T.);
#3647=ORIENTED_EDGE('',*,*,#5613,.T.);
#3648=ORIENTED_EDGE('',*,*,#5615,.T.);
#3649=ORIENTED_EDGE('',*,*,#5617,.T.);
#3650=ORIENTED_EDGE('',*,*,#5619,.T.);
#3651=ORIENTED_EDGE('',*,*,#5621,.T.);
#3652=ORIENTED_EDGE('',*,*,#5623,.T.);
#3653=ORIENTED_EDGE('',*,*,#5625,.T.);
#3654=ORIENTED_EDGE('',*,*,#5627,.T.);
#3655=ORIENTED_EDGE('',*,*,#5723,.T.);
#3656=ORIENTED_EDGE('',*,*,#5591,.T.);
#3657=ORIENTED_EDGE('',*,*,#5594,.T.);
#3658=ORIENTED_EDGE('',*,*,#5596,.T.);
#3659=ORIENTED_EDGE('',*,*,#5722,.T.);
#3660=ORIENTED_EDGE('',*,*,#5560,.T.);
#3661=ORIENTED_EDGE('',*,*,#5563,.T.);
#3662=ORIENTED_EDGE('',*,*,#5565,.T.);
#3663=ORIENTED_EDGE('',*,*,#5567,.T.);
#3664=ORIENTED_EDGE('',*,*,#5569,.T.);
#3665=ORIENTED_EDGE('',*,*,#5571,.T.);
#3666=ORIENTED_EDGE('',*,*,#5573,.T.);
#3667=ORIENTED_EDGE('',*,*,#5575,.T.);
#3668=ORIENTED_EDGE('',*,*,#5577,.T.);
#3669=ORIENTED_EDGE('',*,*,#5579,.T.);
#3670=ORIENTED_EDGE('',*,*,#5581,.T.);
#3671=ORIENTED_EDGE('',*,*,#5583,.T.);
#3672=ORIENTED_EDGE('',*,*,#5585,.T.);
#3673=ORIENTED_EDGE('',*,*,#5587,.T.);
#3674=ORIENTED_EDGE('',*,*,#5589,.T.);
#3675=ORIENTED_EDGE('',*,*,#5721,.T.);
#3676=ORIENTED_EDGE('',*,*,#5553,.T.);
#3677=ORIENTED_EDGE('',*,*,#5556,.T.);
#3678=ORIENTED_EDGE('',*,*,#5558,.T.);
#3679=ORIENTED_EDGE('',*,*,#5720,.T.);
#3680=ORIENTED_EDGE('',*,*,#5488,.T.);
#3681=ORIENTED_EDGE('',*,*,#5491,.T.);
#3682=ORIENTED_EDGE('',*,*,#5493,.T.);
#3683=ORIENTED_EDGE('',*,*,#5495,.T.);
#3684=ORIENTED_EDGE('',*,*,#5497,.T.);
#3685=ORIENTED_EDGE('',*,*,#5499,.T.);
#3686=ORIENTED_EDGE('',*,*,#5501,.T.);
#3687=ORIENTED_EDGE('',*,*,#5503,.T.);
#3688=ORIENTED_EDGE('',*,*,#5505,.T.);
#3689=ORIENTED_EDGE('',*,*,#5507,.T.);
#3690=ORIENTED_EDGE('',*,*,#5509,.T.);
#3691=ORIENTED_EDGE('',*,*,#5511,.T.);
#3692=ORIENTED_EDGE('',*,*,#5513,.T.);
#3693=ORIENTED_EDGE('',*,*,#5515,.T.);
#3694=ORIENTED_EDGE('',*,*,#5517,.T.);
#3695=ORIENTED_EDGE('',*,*,#5519,.T.);
#3696=ORIENTED_EDGE('',*,*,#5521,.T.);
#3697=ORIENTED_EDGE('',*,*,#5523,.T.);
#3698=ORIENTED_EDGE('',*,*,#5525,.T.);
#3699=ORIENTED_EDGE('',*,*,#5527,.T.);
#3700=ORIENTED_EDGE('',*,*,#5529,.T.);
#3701=ORIENTED_EDGE('',*,*,#5531,.T.);
#3702=ORIENTED_EDGE('',*,*,#5533,.T.);
#3703=ORIENTED_EDGE('',*,*,#5535,.T.);
#3704=ORIENTED_EDGE('',*,*,#5537,.T.);
#3705=ORIENTED_EDGE('',*,*,#5539,.T.);
#3706=ORIENTED_EDGE('',*,*,#5541,.T.);
#3707=ORIENTED_EDGE('',*,*,#5543,.T.);
#3708=ORIENTED_EDGE('',*,*,#5545,.T.);
#3709=ORIENTED_EDGE('',*,*,#5547,.T.);
#3710=ORIENTED_EDGE('',*,*,#5549,.T.);
#3711=ORIENTED_EDGE('',*,*,#5551,.T.);
#3712=ORIENTED_EDGE('',*,*,#5719,.T.);
#3713=ORIENTED_EDGE('',*,*,#5423,.T.);
#3714=ORIENTED_EDGE('',*,*,#5426,.T.);
#3715=ORIENTED_EDGE('',*,*,#5428,.T.);
#3716=ORIENTED_EDGE('',*,*,#5430,.T.);
#3717=ORIENTED_EDGE('',*,*,#5432,.T.);
#3718=ORIENTED_EDGE('',*,*,#5434,.T.);
#3719=ORIENTED_EDGE('',*,*,#5436,.T.);
#3720=ORIENTED_EDGE('',*,*,#5438,.T.);
#3721=ORIENTED_EDGE('',*,*,#5440,.T.);
#3722=ORIENTED_EDGE('',*,*,#5442,.T.);
#3723=ORIENTED_EDGE('',*,*,#5444,.T.);
#3724=ORIENTED_EDGE('',*,*,#5446,.T.);
#3725=ORIENTED_EDGE('',*,*,#5448,.T.);
#3726=ORIENTED_EDGE('',*,*,#5450,.T.);
#3727=ORIENTED_EDGE('',*,*,#5452,.T.);
#3728=ORIENTED_EDGE('',*,*,#5454,.T.);
#3729=ORIENTED_EDGE('',*,*,#5456,.T.);
#3730=ORIENTED_EDGE('',*,*,#5458,.T.);
#3731=ORIENTED_EDGE('',*,*,#5460,.T.);
#3732=ORIENTED_EDGE('',*,*,#5462,.T.);
#3733=ORIENTED_EDGE('',*,*,#5464,.T.);
#3734=ORIENTED_EDGE('',*,*,#5466,.T.);
#3735=ORIENTED_EDGE('',*,*,#5468,.T.);
#3736=ORIENTED_EDGE('',*,*,#5470,.T.);
#3737=ORIENTED_EDGE('',*,*,#5472,.T.);
#3738=ORIENTED_EDGE('',*,*,#5474,.T.);
#3739=ORIENTED_EDGE('',*,*,#5476,.T.);
#3740=ORIENTED_EDGE('',*,*,#5478,.T.);
#3741=ORIENTED_EDGE('',*,*,#5480,.T.);
#3742=ORIENTED_EDGE('',*,*,#5482,.T.);
#3743=ORIENTED_EDGE('',*,*,#5484,.T.);
#3744=ORIENTED_EDGE('',*,*,#5486,.T.);
#3745=ORIENTED_EDGE('',*,*,#5718,.T.);
#3746=ORIENTED_EDGE('',*,*,#5382,.T.);
#3747=ORIENTED_EDGE('',*,*,#5385,.T.);
#3748=ORIENTED_EDGE('',*,*,#5387,.T.);
#3749=ORIENTED_EDGE('',*,*,#5389,.T.);
#3750=ORIENTED_EDGE('',*,*,#5391,.T.);
#3751=ORIENTED_EDGE('',*,*,#5393,.T.);
#3752=ORIENTED_EDGE('',*,*,#5395,.T.);
#3753=ORIENTED_EDGE('',*,*,#5397,.T.);
#3754=ORIENTED_EDGE('',*,*,#5399,.T.);
#3755=ORIENTED_EDGE('',*,*,#5401,.T.);
#3756=ORIENTED_EDGE('',*,*,#5403,.T.);
#3757=ORIENTED_EDGE('',*,*,#5405,.T.);
#3758=ORIENTED_EDGE('',*,*,#5407,.T.);
#3759=ORIENTED_EDGE('',*,*,#5409,.T.);
#3760=ORIENTED_EDGE('',*,*,#5411,.T.);
#3761=ORIENTED_EDGE('',*,*,#5413,.T.);
#3762=ORIENTED_EDGE('',*,*,#5415,.T.);
#3763=ORIENTED_EDGE('',*,*,#5417,.T.);
#3764=ORIENTED_EDGE('',*,*,#5419,.T.);
#3765=ORIENTED_EDGE('',*,*,#5421,.T.);
#3766=ORIENTED_EDGE('',*,*,#5717,.T.);
#3767=ORIENTED_EDGE('',*,*,#5331,.T.);
#3768=ORIENTED_EDGE('',*,*,#5334,.T.);
#3769=ORIENTED_EDGE('',*,*,#5336,.T.);
#3770=ORIENTED_EDGE('',*,*,#5338,.T.);
#3771=ORIENTED_EDGE('',*,*,#5340,.T.);
#3772=ORIENTED_EDGE('',*,*,#5342,.T.);
#3773=ORIENTED_EDGE('',*,*,#5344,.T.);
#3774=ORIENTED_EDGE('',*,*,#5346,.T.);
#3775=ORIENTED_EDGE('',*,*,#5348,.T.);
#3776=ORIENTED_EDGE('',*,*,#5350,.T.);
#3777=ORIENTED_EDGE('',*,*,#5352,.T.);
#3778=ORIENTED_EDGE('',*,*,#5354,.T.);
#3779=ORIENTED_EDGE('',*,*,#5356,.T.);
#3780=ORIENTED_EDGE('',*,*,#5358,.T.);
#3781=ORIENTED_EDGE('',*,*,#5360,.T.);
#3782=ORIENTED_EDGE('',*,*,#5362,.T.);
#3783=ORIENTED_EDGE('',*,*,#5364,.T.);
#3784=ORIENTED_EDGE('',*,*,#5366,.T.);
#3785=ORIENTED_EDGE('',*,*,#5368,.T.);
#3786=ORIENTED_EDGE('',*,*,#5370,.T.);
#3787=ORIENTED_EDGE('',*,*,#5372,.T.);
#3788=ORIENTED_EDGE('',*,*,#5374,.T.);
#3789=ORIENTED_EDGE('',*,*,#5376,.T.);
#3790=ORIENTED_EDGE('',*,*,#5378,.T.);
#3791=ORIENTED_EDGE('',*,*,#5380,.T.);
#3792=ORIENTED_EDGE('',*,*,#5716,.T.);
#3793=ORIENTED_EDGE('',*,*,#5282,.T.);
#3794=ORIENTED_EDGE('',*,*,#5285,.T.);
#3795=ORIENTED_EDGE('',*,*,#5287,.T.);
#3796=ORIENTED_EDGE('',*,*,#5289,.T.);
#3797=ORIENTED_EDGE('',*,*,#5291,.T.);
#3798=ORIENTED_EDGE('',*,*,#5293,.T.);
#3799=ORIENTED_EDGE('',*,*,#5295,.T.);
#3800=ORIENTED_EDGE('',*,*,#5297,.T.);
#3801=ORIENTED_EDGE('',*,*,#5299,.T.);
#3802=ORIENTED_EDGE('',*,*,#5301,.T.);
#3803=ORIENTED_EDGE('',*,*,#5303,.T.);
#3804=ORIENTED_EDGE('',*,*,#5305,.T.);
#3805=ORIENTED_EDGE('',*,*,#5307,.T.);
#3806=ORIENTED_EDGE('',*,*,#5309,.T.);
#3807=ORIENTED_EDGE('',*,*,#5311,.T.);
#3808=ORIENTED_EDGE('',*,*,#5313,.T.);
#3809=ORIENTED_EDGE('',*,*,#5315,.T.);
#3810=ORIENTED_EDGE('',*,*,#5317,.T.);
#3811=ORIENTED_EDGE('',*,*,#5319,.T.);
#3812=ORIENTED_EDGE('',*,*,#5321,.T.);
#3813=ORIENTED_EDGE('',*,*,#5323,.T.);
#3814=ORIENTED_EDGE('',*,*,#5325,.T.);
#3815=ORIENTED_EDGE('',*,*,#5327,.T.);
#3816=ORIENTED_EDGE('',*,*,#5329,.T.);
#3817=ORIENTED_EDGE('',*,*,#5715,.T.);
#3818=ORIENTED_EDGE('',*,*,#5251,.T.);
#3819=ORIENTED_EDGE('',*,*,#5254,.T.);
#3820=ORIENTED_EDGE('',*,*,#5256,.T.);
#3821=ORIENTED_EDGE('',*,*,#5258,.T.);
#3822=ORIENTED_EDGE('',*,*,#5260,.T.);
#3823=ORIENTED_EDGE('',*,*,#5262,.T.);
#3824=ORIENTED_EDGE('',*,*,#5264,.T.);
#3825=ORIENTED_EDGE('',*,*,#5266,.T.);
#3826=ORIENTED_EDGE('',*,*,#5268,.T.);
#3827=ORIENTED_EDGE('',*,*,#5270,.T.);
#3828=ORIENTED_EDGE('',*,*,#5272,.T.);
#3829=ORIENTED_EDGE('',*,*,#5274,.T.);
#3830=ORIENTED_EDGE('',*,*,#5276,.T.);
#3831=ORIENTED_EDGE('',*,*,#5278,.T.);
#3832=ORIENTED_EDGE('',*,*,#5280,.T.);
#3833=ORIENTED_EDGE('',*,*,#5714,.T.);
#3834=ORIENTED_EDGE('',*,*,#5208,.T.);
#3835=ORIENTED_EDGE('',*,*,#5211,.T.);
#3836=ORIENTED_EDGE('',*,*,#5213,.T.);
#3837=ORIENTED_EDGE('',*,*,#5215,.T.);
#3838=ORIENTED_EDGE('',*,*,#5217,.T.);
#3839=ORIENTED_EDGE('',*,*,#5219,.T.);
#3840=ORIENTED_EDGE('',*,*,#5221,.T.);
#3841=ORIENTED_EDGE('',*,*,#5223,.T.);
#3842=ORIENTED_EDGE('',*,*,#5225,.T.);
#3843=ORIENTED_EDGE('',*,*,#5227,.T.);
#3844=ORIENTED_EDGE('',*,*,#5229,.T.);
#3845=ORIENTED_EDGE('',*,*,#5231,.T.);
#3846=ORIENTED_EDGE('',*,*,#5233,.T.);
#3847=ORIENTED_EDGE('',*,*,#5235,.T.);
#3848=ORIENTED_EDGE('',*,*,#5237,.T.);
#3849=ORIENTED_EDGE('',*,*,#5239,.T.);
#3850=ORIENTED_EDGE('',*,*,#5241,.T.);
#3851=ORIENTED_EDGE('',*,*,#5243,.T.);
#3852=ORIENTED_EDGE('',*,*,#5245,.T.);
#3853=ORIENTED_EDGE('',*,*,#5247,.T.);
#3854=ORIENTED_EDGE('',*,*,#5249,.T.);
#3855=ORIENTED_EDGE('',*,*,#5713,.T.);
#3856=ORIENTED_EDGE('',*,*,#5193,.T.);
#3857=ORIENTED_EDGE('',*,*,#5196,.T.);
#3858=ORIENTED_EDGE('',*,*,#5198,.T.);
#3859=ORIENTED_EDGE('',*,*,#5200,.T.);
#3860=ORIENTED_EDGE('',*,*,#5202,.T.);
#3861=ORIENTED_EDGE('',*,*,#5204,.T.);
#3862=ORIENTED_EDGE('',*,*,#5206,.T.);
#3863=ORIENTED_EDGE('',*,*,#5712,.T.);
#3864=ORIENTED_EDGE('',*,*,#5178,.T.);
#3865=ORIENTED_EDGE('',*,*,#5181,.T.);
#3866=ORIENTED_EDGE('',*,*,#5183,.T.);
#3867=ORIENTED_EDGE('',*,*,#5185,.T.);
#3868=ORIENTED_EDGE('',*,*,#5187,.T.);
#3869=ORIENTED_EDGE('',*,*,#5189,.T.);
#3870=ORIENTED_EDGE('',*,*,#5191,.T.);
#3871=ORIENTED_EDGE('',*,*,#5711,.T.);
#3872=ORIENTED_EDGE('',*,*,#5147,.T.);
#3873=ORIENTED_EDGE('',*,*,#5150,.T.);
#3874=ORIENTED_EDGE('',*,*,#5152,.T.);
#3875=ORIENTED_EDGE('',*,*,#5154,.T.);
#3876=ORIENTED_EDGE('',*,*,#5156,.T.);
#3877=ORIENTED_EDGE('',*,*,#5158,.T.);
#3878=ORIENTED_EDGE('',*,*,#5160,.T.);
#3879=ORIENTED_EDGE('',*,*,#5162,.T.);
#3880=ORIENTED_EDGE('',*,*,#5164,.T.);
#3881=ORIENTED_EDGE('',*,*,#5166,.T.);
#3882=ORIENTED_EDGE('',*,*,#5168,.T.);
#3883=ORIENTED_EDGE('',*,*,#5170,.T.);
#3884=ORIENTED_EDGE('',*,*,#5172,.T.);
#3885=ORIENTED_EDGE('',*,*,#5174,.T.);
#3886=ORIENTED_EDGE('',*,*,#5176,.T.);
#3887=ORIENTED_EDGE('',*,*,#5710,.T.);
#3888=ORIENTED_EDGE('',*,*,#5729,.F.);
#3889=ORIENTED_EDGE('',*,*,#5730,.F.);
#3890=ORIENTED_EDGE('',*,*,#5731,.F.);
#3891=ORIENTED_EDGE('',*,*,#5732,.F.);
#3892=ORIENTED_EDGE('',*,*,#5058,.T.);
#3893=ORIENTED_EDGE('',*,*,#5061,.T.);
#3894=ORIENTED_EDGE('',*,*,#5063,.T.);
#3895=ORIENTED_EDGE('',*,*,#5065,.T.);
#3896=ORIENTED_EDGE('',*,*,#5067,.T.);
#3897=ORIENTED_EDGE('',*,*,#5069,.T.);
#3898=ORIENTED_EDGE('',*,*,#5071,.T.);
#3899=ORIENTED_EDGE('',*,*,#5073,.T.);
#3900=ORIENTED_EDGE('',*,*,#5075,.T.);
#3901=ORIENTED_EDGE('',*,*,#5077,.T.);
#3902=ORIENTED_EDGE('',*,*,#5079,.T.);
#3903=ORIENTED_EDGE('',*,*,#5081,.T.);
#3904=ORIENTED_EDGE('',*,*,#5083,.T.);
#3905=ORIENTED_EDGE('',*,*,#5085,.T.);
#3906=ORIENTED_EDGE('',*,*,#5087,.T.);
#3907=ORIENTED_EDGE('',*,*,#5089,.T.);
#3908=ORIENTED_EDGE('',*,*,#5091,.T.);
#3909=ORIENTED_EDGE('',*,*,#5093,.T.);
#3910=ORIENTED_EDGE('',*,*,#5095,.T.);
#3911=ORIENTED_EDGE('',*,*,#5097,.T.);
#3912=ORIENTED_EDGE('',*,*,#5099,.T.);
#3913=ORIENTED_EDGE('',*,*,#5101,.T.);
#3914=ORIENTED_EDGE('',*,*,#5103,.T.);
#3915=ORIENTED_EDGE('',*,*,#5105,.T.);
#3916=ORIENTED_EDGE('',*,*,#5107,.T.);
#3917=ORIENTED_EDGE('',*,*,#5109,.T.);
#3918=ORIENTED_EDGE('',*,*,#5111,.T.);
#3919=ORIENTED_EDGE('',*,*,#5113,.T.);
#3920=ORIENTED_EDGE('',*,*,#5115,.T.);
#3921=ORIENTED_EDGE('',*,*,#5117,.T.);
#3922=ORIENTED_EDGE('',*,*,#5119,.T.);
#3923=ORIENTED_EDGE('',*,*,#5121,.T.);
#3924=ORIENTED_EDGE('',*,*,#5123,.T.);
#3925=ORIENTED_EDGE('',*,*,#5125,.T.);
#3926=ORIENTED_EDGE('',*,*,#5127,.T.);
#3927=ORIENTED_EDGE('',*,*,#5129,.T.);
#3928=ORIENTED_EDGE('',*,*,#5131,.T.);
#3929=ORIENTED_EDGE('',*,*,#5133,.T.);
#3930=ORIENTED_EDGE('',*,*,#5135,.T.);
#3931=ORIENTED_EDGE('',*,*,#5137,.T.);
#3932=ORIENTED_EDGE('',*,*,#5139,.T.);
#3933=ORIENTED_EDGE('',*,*,#5141,.T.);
#3934=ORIENTED_EDGE('',*,*,#5143,.T.);
#3935=ORIENTED_EDGE('',*,*,#5145,.T.);
#3936=ORIENTED_EDGE('',*,*,#5709,.T.);
#3937=ORIENTED_EDGE('',*,*,#5039,.T.);
#3938=ORIENTED_EDGE('',*,*,#5042,.T.);
#3939=ORIENTED_EDGE('',*,*,#5044,.T.);
#3940=ORIENTED_EDGE('',*,*,#5046,.T.);
#3941=ORIENTED_EDGE('',*,*,#5048,.T.);
#3942=ORIENTED_EDGE('',*,*,#5050,.T.);
#3943=ORIENTED_EDGE('',*,*,#5052,.T.);
#3944=ORIENTED_EDGE('',*,*,#5054,.T.);
#3945=ORIENTED_EDGE('',*,*,#5056,.T.);
#3946=ORIENTED_EDGE('',*,*,#5708,.T.);
#3947=ORIENTED_EDGE('',*,*,#4998,.T.);
#3948=ORIENTED_EDGE('',*,*,#5001,.T.);
#3949=ORIENTED_EDGE('',*,*,#5003,.T.);
#3950=ORIENTED_EDGE('',*,*,#5005,.T.);
#3951=ORIENTED_EDGE('',*,*,#5007,.T.);
#3952=ORIENTED_EDGE('',*,*,#5009,.T.);
#3953=ORIENTED_EDGE('',*,*,#5011,.T.);
#3954=ORIENTED_EDGE('',*,*,#5013,.T.);
#3955=ORIENTED_EDGE('',*,*,#5015,.T.);
#3956=ORIENTED_EDGE('',*,*,#5017,.T.);
#3957=ORIENTED_EDGE('',*,*,#5019,.T.);
#3958=ORIENTED_EDGE('',*,*,#5021,.T.);
#3959=ORIENTED_EDGE('',*,*,#5023,.T.);
#3960=ORIENTED_EDGE('',*,*,#5025,.T.);
#3961=ORIENTED_EDGE('',*,*,#5027,.T.);
#3962=ORIENTED_EDGE('',*,*,#5029,.T.);
#3963=ORIENTED_EDGE('',*,*,#5031,.T.);
#3964=ORIENTED_EDGE('',*,*,#5033,.T.);
#3965=ORIENTED_EDGE('',*,*,#5035,.T.);
#3966=ORIENTED_EDGE('',*,*,#5037,.T.);
#3967=ORIENTED_EDGE('',*,*,#5707,.T.);
#3968=ORIENTED_EDGE('',*,*,#4951,.T.);
#3969=ORIENTED_EDGE('',*,*,#4954,.T.);
#3970=ORIENTED_EDGE('',*,*,#4956,.T.);
#3971=ORIENTED_EDGE('',*,*,#4958,.T.);
#3972=ORIENTED_EDGE('',*,*,#4960,.T.);
#3973=ORIENTED_EDGE('',*,*,#4962,.T.);
#3974=ORIENTED_EDGE('',*,*,#4964,.T.);
#3975=ORIENTED_EDGE('',*,*,#4966,.T.);
#3976=ORIENTED_EDGE('',*,*,#4968,.T.);
#3977=ORIENTED_EDGE('',*,*,#4970,.T.);
#3978=ORIENTED_EDGE('',*,*,#4972,.T.);
#3979=ORIENTED_EDGE('',*,*,#4974,.T.);
#3980=ORIENTED_EDGE('',*,*,#4976,.T.);
#3981=ORIENTED_EDGE('',*,*,#4978,.T.);
#3982=ORIENTED_EDGE('',*,*,#4980,.T.);
#3983=ORIENTED_EDGE('',*,*,#4982,.T.);
#3984=ORIENTED_EDGE('',*,*,#4984,.T.);
#3985=ORIENTED_EDGE('',*,*,#4986,.T.);
#3986=ORIENTED_EDGE('',*,*,#4988,.T.);
#3987=ORIENTED_EDGE('',*,*,#4990,.T.);
#3988=ORIENTED_EDGE('',*,*,#4992,.T.);
#3989=ORIENTED_EDGE('',*,*,#4994,.T.);
#3990=ORIENTED_EDGE('',*,*,#4996,.T.);
#3991=ORIENTED_EDGE('',*,*,#5706,.T.);
#3992=ORIENTED_EDGE('',*,*,#4930,.T.);
#3993=ORIENTED_EDGE('',*,*,#4933,.T.);
#3994=ORIENTED_EDGE('',*,*,#4935,.T.);
#3995=ORIENTED_EDGE('',*,*,#4937,.T.);
#3996=ORIENTED_EDGE('',*,*,#4939,.T.);
#3997=ORIENTED_EDGE('',*,*,#4941,.T.);
#3998=ORIENTED_EDGE('',*,*,#4943,.T.);
#3999=ORIENTED_EDGE('',*,*,#4945,.T.);
#4000=ORIENTED_EDGE('',*,*,#4947,.T.);
#4001=ORIENTED_EDGE('',*,*,#4949,.T.);
#4002=ORIENTED_EDGE('',*,*,#5705,.T.);
#4003=ORIENTED_EDGE('',*,*,#4873,.T.);
#4004=ORIENTED_EDGE('',*,*,#4876,.T.);
#4005=ORIENTED_EDGE('',*,*,#4878,.T.);
#4006=ORIENTED_EDGE('',*,*,#4880,.T.);
#4007=ORIENTED_EDGE('',*,*,#4882,.T.);
#4008=ORIENTED_EDGE('',*,*,#4884,.T.);
#4009=ORIENTED_EDGE('',*,*,#4886,.T.);
#4010=ORIENTED_EDGE('',*,*,#4888,.T.);
#4011=ORIENTED_EDGE('',*,*,#4890,.T.);
#4012=ORIENTED_EDGE('',*,*,#4892,.T.);
#4013=ORIENTED_EDGE('',*,*,#4894,.T.);
#4014=ORIENTED_EDGE('',*,*,#4896,.T.);
#4015=ORIENTED_EDGE('',*,*,#4898,.T.);
#4016=ORIENTED_EDGE('',*,*,#4900,.T.);
#4017=ORIENTED_EDGE('',*,*,#4902,.T.);
#4018=ORIENTED_EDGE('',*,*,#4904,.T.);
#4019=ORIENTED_EDGE('',*,*,#4906,.T.);
#4020=ORIENTED_EDGE('',*,*,#4908,.T.);
#4021=ORIENTED_EDGE('',*,*,#4910,.T.);
#4022=ORIENTED_EDGE('',*,*,#4912,.T.);
#4023=ORIENTED_EDGE('',*,*,#4914,.T.);
#4024=ORIENTED_EDGE('',*,*,#4916,.T.);
#4025=ORIENTED_EDGE('',*,*,#4918,.T.);
#4026=ORIENTED_EDGE('',*,*,#4920,.T.);
#4027=ORIENTED_EDGE('',*,*,#4922,.T.);
#4028=ORIENTED_EDGE('',*,*,#4924,.T.);
#4029=ORIENTED_EDGE('',*,*,#4926,.T.);
#4030=ORIENTED_EDGE('',*,*,#4928,.T.);
#4031=ORIENTED_EDGE('',*,*,#5704,.T.);
#4032=ORIENTED_EDGE('',*,*,#4808,.T.);
#4033=ORIENTED_EDGE('',*,*,#4811,.T.);
#4034=ORIENTED_EDGE('',*,*,#4813,.T.);
#4035=ORIENTED_EDGE('',*,*,#4815,.T.);
#4036=ORIENTED_EDGE('',*,*,#4817,.T.);
#4037=ORIENTED_EDGE('',*,*,#4819,.T.);
#4038=ORIENTED_EDGE('',*,*,#4821,.T.);
#4039=ORIENTED_EDGE('',*,*,#4823,.T.);
#4040=ORIENTED_EDGE('',*,*,#4825,.T.);
#4041=ORIENTED_EDGE('',*,*,#4827,.T.);
#4042=ORIENTED_EDGE('',*,*,#4829,.T.);
#4043=ORIENTED_EDGE('',*,*,#4831,.T.);
#4044=ORIENTED_EDGE('',*,*,#4833,.T.);
#4045=ORIENTED_EDGE('',*,*,#4835,.T.);
#4046=ORIENTED_EDGE('',*,*,#4837,.T.);
#4047=ORIENTED_EDGE('',*,*,#4839,.T.);
#4048=ORIENTED_EDGE('',*,*,#4841,.T.);
#4049=ORIENTED_EDGE('',*,*,#4843,.T.);
#4050=ORIENTED_EDGE('',*,*,#4845,.T.);
#4051=ORIENTED_EDGE('',*,*,#4847,.T.);
#4052=ORIENTED_EDGE('',*,*,#4849,.T.);
#4053=ORIENTED_EDGE('',*,*,#4851,.T.);
#4054=ORIENTED_EDGE('',*,*,#4853,.T.);
#4055=ORIENTED_EDGE('',*,*,#4855,.T.);
#4056=ORIENTED_EDGE('',*,*,#4857,.T.);
#4057=ORIENTED_EDGE('',*,*,#4859,.T.);
#4058=ORIENTED_EDGE('',*,*,#4861,.T.);
#4059=ORIENTED_EDGE('',*,*,#4863,.T.);
#4060=ORIENTED_EDGE('',*,*,#4865,.T.);
#4061=ORIENTED_EDGE('',*,*,#4867,.T.);
#4062=ORIENTED_EDGE('',*,*,#4869,.T.);
#4063=ORIENTED_EDGE('',*,*,#4871,.T.);
#4064=ORIENTED_EDGE('',*,*,#5703,.T.);
#4065=ORIENTED_EDGE('',*,*,#4801,.F.);
#4066=ORIENTED_EDGE('',*,*,#4804,.T.);
#4067=ORIENTED_EDGE('',*,*,#4806,.T.);
#4068=ORIENTED_EDGE('',*,*,#5702,.F.);
#4069=ORIENTED_EDGE('',*,*,#4794,.F.);
#4070=ORIENTED_EDGE('',*,*,#4797,.T.);
#4071=ORIENTED_EDGE('',*,*,#4799,.T.);
#4072=ORIENTED_EDGE('',*,*,#5701,.F.);
#4073=ORIENTED_EDGE('',*,*,#4786,.F.);
#4074=ORIENTED_EDGE('',*,*,#5733,.T.);
#4075=ORIENTED_EDGE('',*,*,#4788,.T.);
#4076=ORIENTED_EDGE('',*,*,#4792,.T.);
#4077=ORIENTED_EDGE('',*,*,#5700,.F.);
#4078=ORIENTED_EDGE('',*,*,#4779,.F.);
#4079=ORIENTED_EDGE('',*,*,#4782,.T.);
#4080=ORIENTED_EDGE('',*,*,#4784,.T.);
#4081=ORIENTED_EDGE('',*,*,#5699,.F.);
#4082=ORIENTED_EDGE('',*,*,#4772,.F.);
#4083=ORIENTED_EDGE('',*,*,#4775,.T.);
#4084=ORIENTED_EDGE('',*,*,#4777,.T.);
#4085=ORIENTED_EDGE('',*,*,#5698,.F.);
#4086=ORIENTED_EDGE('',*,*,#4764,.F.);
#4087=ORIENTED_EDGE('',*,*,#4768,.T.);
#4088=ORIENTED_EDGE('',*,*,#4770,.T.);
#4089=ORIENTED_EDGE('',*,*,#5697,.F.);
#4090=ORIENTED_EDGE('',*,*,#5734,.T.);
#4091=ORIENTED_EDGE('',*,*,#4758,.F.);
#4092=ORIENTED_EDGE('',*,*,#4761,.T.);
#4093=ORIENTED_EDGE('',*,*,#4763,.T.);
#4094=ORIENTED_EDGE('',*,*,#5695,.F.);
#4095=ORIENTED_EDGE('',*,*,#4751,.F.);
#4096=ORIENTED_EDGE('',*,*,#4754,.T.);
#4097=ORIENTED_EDGE('',*,*,#4756,.T.);
#4098=ORIENTED_EDGE('',*,*,#5694,.F.);
#4099=ORIENTED_EDGE('',*,*,#4744,.F.);
#4100=ORIENTED_EDGE('',*,*,#4747,.T.);
#4101=ORIENTED_EDGE('',*,*,#4749,.T.);
#4102=ORIENTED_EDGE('',*,*,#5693,.F.);
#4103=ORIENTED_EDGE('',*,*,#5735,.T.);
#4104=ORIENTED_EDGE('',*,*,#5736,.T.);
#4105=ORIENTED_EDGE('',*,*,#5737,.T.);
#4106=ORIENTED_EDGE('',*,*,#5738,.T.);
#4107=ORIENTED_EDGE('',*,*,#5739,.T.);
#4108=ORIENTED_EDGE('',*,*,#5740,.T.);
#4109=ORIENTED_EDGE('',*,*,#5741,.T.);
#4110=ORIENTED_EDGE('',*,*,#5742,.T.);
#4111=ORIENTED_EDGE('',*,*,#5743,.T.);
#4112=ORIENTED_EDGE('',*,*,#5744,.T.);
#4113=ORIENTED_EDGE('',*,*,#5745,.T.);
#4114=ORIENTED_EDGE('',*,*,#5746,.T.);
#4115=ORIENTED_EDGE('',*,*,#5747,.F.);
#4116=ORIENTED_EDGE('',*,*,#5730,.T.);
#4117=ORIENTED_EDGE('',*,*,#5748,.F.);
#4118=ORIENTED_EDGE('',*,*,#5731,.T.);
#4119=ORIENTED_EDGE('',*,*,#5749,.F.);
#4120=ORIENTED_EDGE('',*,*,#5732,.T.);
#4121=ORIENTED_EDGE('',*,*,#5750,.T.);
#4122=ORIENTED_EDGE('',*,*,#5751,.T.);
#4123=ORIENTED_EDGE('',*,*,#5752,.T.);
#4124=ORIENTED_EDGE('',*,*,#5753,.T.);
#4125=ORIENTED_EDGE('',*,*,#5749,.T.);
#4126=ORIENTED_EDGE('',*,*,#5748,.T.);
#4127=ORIENTED_EDGE('',*,*,#5747,.T.);
#4128=ORIENTED_EDGE('',*,*,#5754,.T.);
#4129=ORIENTED_EDGE('',*,*,#5754,.F.);
#4130=ORIENTED_EDGE('',*,*,#5729,.T.);
#4131=ORIENTED_EDGE('',*,*,#5728,.F.);
#4132=ORIENTED_EDGE('',*,*,#5755,.T.);
#4133=ORIENTED_EDGE('',*,*,#4235,.F.);
#4134=ORIENTED_EDGE('',*,*,#5756,.T.);
#4135=ORIENTED_EDGE('',*,*,#5745,.F.);
#4136=ORIENTED_EDGE('',*,*,#5757,.T.);
#4137=ORIENTED_EDGE('',*,*,#5725,.F.);
#4138=ORIENTED_EDGE('',*,*,#5758,.T.);
#4139=ORIENTED_EDGE('',*,*,#5727,.F.);
#4140=ORIENTED_EDGE('',*,*,#5759,.T.);
#4141=ORIENTED_EDGE('',*,*,#5735,.F.);
#4142=ORIENTED_EDGE('',*,*,#5760,.T.);
#4143=ORIENTED_EDGE('',*,*,#5741,.F.);
#4144=ORIENTED_EDGE('',*,*,#5761,.T.);
#4145=ORIENTED_EDGE('',*,*,#5726,.F.);
#4146=ORIENTED_EDGE('',*,*,#5762,.T.);
#4147=ORIENTED_EDGE('',*,*,#4231,.T.);
#4148=ORIENTED_EDGE('',*,*,#5763,.F.);
#4149=ORIENTED_EDGE('',*,*,#4240,.F.);
#4150=ORIENTED_EDGE('',*,*,#5764,.T.);
#4151=ORIENTED_EDGE('',*,*,#5765,.F.);
#4152=ORIENTED_EDGE('',*,*,#4241,.T.);
#4153=ORIENTED_EDGE('',*,*,#5763,.T.);
#4154=ORIENTED_EDGE('',*,*,#4234,.F.);
#4155=ORIENTED_EDGE('',*,*,#5766,.F.);
#4156=ORIENTED_EDGE('',*,*,#4242,.T.);
#4157=ORIENTED_EDGE('',*,*,#5765,.T.);
#4158=ORIENTED_EDGE('',*,*,#4233,.F.);
#4159=ORIENTED_EDGE('',*,*,#4232,.T.);
#4160=ORIENTED_EDGE('',*,*,#5764,.F.);
#4161=ORIENTED_EDGE('',*,*,#4239,.F.);
#4162=ORIENTED_EDGE('',*,*,#5766,.T.);
#4163=ORIENTED_EDGE('',*,*,#5758,.F.);
#4164=ORIENTED_EDGE('',*,*,#5756,.F.);
#4165=ORIENTED_EDGE('',*,*,#5767,.F.);
#4166=ORIENTED_EDGE('',*,*,#5767,.T.);
#4167=ORIENTED_EDGE('',*,*,#4238,.F.);
#4168=ORIENTED_EDGE('',*,*,#5768,.F.);
#4169=ORIENTED_EDGE('',*,*,#5746,.F.);
#4170=ORIENTED_EDGE('',*,*,#5755,.F.);
#4171=ORIENTED_EDGE('',*,*,#5760,.F.);
#4172=ORIENTED_EDGE('',*,*,#5769,.F.);
#4173=ORIENTED_EDGE('',*,*,#5770,.F.);
#4174=ORIENTED_EDGE('',*,*,#5768,.T.);
#4175=ORIENTED_EDGE('',*,*,#5771,.F.);
#4176=ORIENTED_EDGE('',*,*,#5762,.F.);
#4177=ORIENTED_EDGE('',*,*,#5757,.F.);
#4178=ORIENTED_EDGE('',*,*,#5772,.F.);
#4179=ORIENTED_EDGE('',*,*,#5769,.T.);
#4180=ORIENTED_EDGE('',*,*,#5738,.F.);
#4181=ORIENTED_EDGE('',*,*,#5773,.F.);
#4182=ORIENTED_EDGE('',*,*,#4236,.F.);
#4183=ORIENTED_EDGE('',*,*,#5771,.T.);
#4184=ORIENTED_EDGE('',*,*,#4237,.F.);
#4185=ORIENTED_EDGE('',*,*,#5774,.F.);
#4186=ORIENTED_EDGE('',*,*,#5753,.F.);
#4187=ORIENTED_EDGE('',*,*,#5770,.T.);
#4188=ORIENTED_EDGE('',*,*,#5752,.F.);
#4189=ORIENTED_EDGE('',*,*,#5775,.F.);
#4190=ORIENTED_EDGE('',*,*,#5743,.F.);
#4191=ORIENTED_EDGE('',*,*,#5772,.T.);
#4192=ORIENTED_EDGE('',*,*,#5744,.F.);
#4193=ORIENTED_EDGE('',*,*,#5776,.F.);
#4194=ORIENTED_EDGE('',*,*,#5742,.F.);
#4195=ORIENTED_EDGE('',*,*,#5774,.T.);
#4196=ORIENTED_EDGE('',*,*,#5773,.T.);
#4197=ORIENTED_EDGE('',*,*,#5777,.F.);
#4198=ORIENTED_EDGE('',*,*,#5776,.T.);
#4199=ORIENTED_EDGE('',*,*,#5775,.T.);
#4200=ORIENTED_EDGE('',*,*,#5778,.F.);
#4201=ORIENTED_EDGE('',*,*,#5777,.T.);
#4202=ORIENTED_EDGE('',*,*,#5737,.F.);
#4203=ORIENTED_EDGE('',*,*,#5779,.F.);
#4204=ORIENTED_EDGE('',*,*,#5750,.F.);
#4205=ORIENTED_EDGE('',*,*,#5778,.T.);
#4206=ORIENTED_EDGE('',*,*,#5751,.F.);
#4207=ORIENTED_EDGE('',*,*,#5780,.F.);
#4208=ORIENTED_EDGE('',*,*,#5739,.F.);
#4209=ORIENTED_EDGE('',*,*,#5780,.T.);
#4210=ORIENTED_EDGE('',*,*,#5779,.T.);
#4211=ORIENTED_EDGE('',*,*,#5781,.F.);
#4212=ORIENTED_EDGE('',*,*,#5781,.T.);
#4213=ORIENTED_EDGE('',*,*,#5736,.F.);
#4214=ORIENTED_EDGE('',*,*,#5782,.F.);
#4215=ORIENTED_EDGE('',*,*,#5740,.F.);
#4216=ORIENTED_EDGE('',*,*,#5782,.T.);
#4217=ORIENTED_EDGE('',*,*,#5759,.F.);
#4218=ORIENTED_EDGE('',*,*,#5761,.F.);
#4219=ORIENTED_EDGE('',*,*,#5733,.F.);
#4220=ORIENTED_EDGE('',*,*,#4785,.F.);
#4221=ORIENTED_EDGE('',*,*,#4277,.F.);
#4222=ORIENTED_EDGE('',*,*,#4789,.F.);
#4223=ORIENTED_EDGE('',*,*,#5734,.F.);
#4224=ORIENTED_EDGE('',*,*,#5696,.F.);
#4225=ORIENTED_EDGE('',*,*,#4264,.F.);
#4226=ORIENTED_EDGE('',*,*,#4765,.F.);
#4227=EDGE_CURVE('',#5783,#5784,#6815,.T.);
#4228=EDGE_CURVE('',#5784,#5785,#6816,.T.);
#4229=EDGE_CURVE('',#5786,#5785,#6817,.T.);
#4230=EDGE_CURVE('',#5783,#5786,#6818,.T.);
#4231=EDGE_CURVE('',#5787,#5788,#6819,.T.);
#4232=EDGE_CURVE('',#5789,#5787,#6820,.T.);
#4233=EDGE_CURVE('',#5789,#5790,#6821,.T.);
#4234=EDGE_CURVE('',#5790,#5788,#6822,.T.);
#4235=EDGE_CURVE('',#5791,#5792,#6823,.T.);
#4236=EDGE_CURVE('',#5792,#5793,#6824,.T.);
#4237=EDGE_CURVE('',#5793,#5794,#6825,.F.);
#4238=EDGE_CURVE('',#5794,#5791,#6826,.F.);
#4239=EDGE_CURVE('',#5795,#5796,#6827,.T.);
#4240=EDGE_CURVE('',#5796,#5797,#6828,.T.);
#4241=EDGE_CURVE('',#5798,#5797,#6829,.T.);
#4242=EDGE_CURVE('',#5795,#5798,#6830,.T.);
#4243=EDGE_CURVE('',#5784,#5799,#6831,.T.);
#4244=EDGE_CURVE('',#5783,#5800,#6832,.T.);
#4245=EDGE_CURVE('',#5800,#5799,#6833,.T.);
#4246=EDGE_CURVE('',#5799,#5801,#6834,.T.);
#4247=EDGE_CURVE('',#5800,#5802,#6835,.T.);
#4248=EDGE_CURVE('',#5802,#5801,#6836,.T.);
#4249=EDGE_CURVE('',#5785,#5801,#6837,.T.);
#4250=EDGE_CURVE('',#5786,#5802,#6838,.T.);
#4251=EDGE_CURVE('',#5803,#5804,#6839,.T.);
#4252=EDGE_CURVE('',#5804,#5805,#6840,.T.);
#4253=EDGE_CURVE('',#5806,#5805,#6841,.T.);
#4254=EDGE_CURVE('',#5803,#5806,#6842,.T.);
#4255=EDGE_CURVE('',#5807,#5808,#6843,.T.);
#4256=EDGE_CURVE('',#5808,#5809,#6844,.T.);
#4257=EDGE_CURVE('',#5810,#5809,#6845,.T.);
#4258=EDGE_CURVE('',#5807,#5810,#6846,.T.);
#4259=EDGE_CURVE('',#5811,#5812,#6847,.T.);
#4260=EDGE_CURVE('',#5812,#5813,#6848,.T.);
#4261=EDGE_CURVE('',#5814,#5813,#6849,.T.);
#4262=EDGE_CURVE('',#5811,#5814,#6850,.T.);
#4263=EDGE_CURVE('',#5815,#5816,#6851,.T.);
#4264=EDGE_CURVE('',#5816,#5817,#473,.T.);
#4265=EDGE_CURVE('',#5817,#5818,#6852,.T.);
#4266=EDGE_CURVE('',#5819,#5818,#6853,.T.);
#4267=EDGE_CURVE('',#5815,#5819,#6854,.T.);
#4268=EDGE_CURVE('',#5820,#5821,#6855,.T.);
#4269=EDGE_CURVE('',#5821,#5822,#6856,.T.);
#4270=EDGE_CURVE('',#5823,#5822,#6857,.T.);
#4271=EDGE_CURVE('',#5820,#5823,#6858,.T.);
#4272=EDGE_CURVE('',#5824,#5825,#6859,.T.);
#4273=EDGE_CURVE('',#5825,#5826,#6860,.T.);
#4274=EDGE_CURVE('',#5827,#5826,#6861,.T.);
#4275=EDGE_CURVE('',#5824,#5827,#6862,.T.);
#4276=EDGE_CURVE('',#5828,#5829,#6863,.T.);
#4277=EDGE_CURVE('',#5828,#5830,#474,.T.);
#4278=EDGE_CURVE('',#5830,#5831,#6864,.T.);
#4279=EDGE_CURVE('',#5831,#5832,#6865,.T.);
#4280=EDGE_CURVE('',#5829,#5832,#6866,.T.);
#4281=EDGE_CURVE('',#5833,#5834,#6867,.T.);
#4282=EDGE_CURVE('',#5834,#5835,#6868,.T.);
#4283=EDGE_CURVE('',#5836,#5835,#6869,.T.);
#4284=EDGE_CURVE('',#5833,#5836,#6870,.T.);
#4285=EDGE_CURVE('',#5837,#5838,#6871,.T.);
#4286=EDGE_CURVE('',#5838,#5839,#6872,.T.);
#4287=EDGE_CURVE('',#5840,#5839,#6873,.T.);
#4288=EDGE_CURVE('',#5837,#5840,#6874,.T.);
#4289=EDGE_CURVE('',#5841,#5842,#475,.T.);
#4290=EDGE_CURVE('',#5843,#5841,#476,.T.);
#4291=EDGE_CURVE('',#5844,#5843,#477,.T.);
#4292=EDGE_CURVE('',#5845,#5844,#478,.T.);
#4293=EDGE_CURVE('',#5846,#5845,#479,.T.);
#4294=EDGE_CURVE('',#5847,#5846,#480,.T.);
#4295=EDGE_CURVE('',#5848,#5847,#481,.T.);
#4296=EDGE_CURVE('',#5849,#5848,#482,.T.);
#4297=EDGE_CURVE('',#5850,#5849,#6875,.T.);
#4298=EDGE_CURVE('',#5851,#5850,#483,.F.);
#4299=EDGE_CURVE('',#5852,#5851,#484,.F.);
#4300=EDGE_CURVE('',#5853,#5852,#485,.F.);
#4301=EDGE_CURVE('',#5854,#5853,#486,.F.);
#4302=EDGE_CURVE('',#5855,#5854,#487,.F.);
#4303=EDGE_CURVE('',#5856,#5855,#488,.F.);
#4304=EDGE_CURVE('',#5857,#5856,#489,.F.);
#4305=EDGE_CURVE('',#5858,#5857,#490,.F.);
#4306=EDGE_CURVE('',#5859,#5858,#491,.F.);
#4307=EDGE_CURVE('',#5860,#5859,#492,.F.);
#4308=EDGE_CURVE('',#5861,#5860,#493,.F.);
#4309=EDGE_CURVE('',#5862,#5861,#494,.F.);
#4310=EDGE_CURVE('',#5863,#5862,#495,.F.);
#4311=EDGE_CURVE('',#5864,#5863,#6876,.F.);
#4312=EDGE_CURVE('',#5865,#5864,#6877,.T.);
#4313=EDGE_CURVE('',#5866,#5865,#6878,.T.);
#4314=EDGE_CURVE('',#5867,#5866,#6879,.T.);
#4315=EDGE_CURVE('',#5868,#5867,#6880,.T.);
#4316=EDGE_CURVE('',#5869,#5868,#496,.F.);
#4317=EDGE_CURVE('',#5870,#5869,#497,.T.);
#4318=EDGE_CURVE('',#5871,#5870,#498,.T.);
#4319=EDGE_CURVE('',#5872,#5871,#499,.T.);
#4320=EDGE_CURVE('',#5873,#5872,#500,.T.);
#4321=EDGE_CURVE('',#5842,#5873,#501,.T.);
#4322=EDGE_CURVE('',#5874,#5875,#502,.T.);
#4323=EDGE_CURVE('',#5876,#5874,#385,.T.);
#4324=EDGE_CURVE('',#5877,#5876,#503,.F.);
#4325=EDGE_CURVE('',#5878,#5877,#504,.T.);
#4326=EDGE_CURVE('',#5879,#5878,#505,.F.);
#4327=EDGE_CURVE('',#5880,#5879,#506,.F.);
#4328=EDGE_CURVE('',#5881,#5880,#507,.F.);
#4329=EDGE_CURVE('',#5882,#5881,#508,.F.);
#4330=EDGE_CURVE('',#5883,#5882,#509,.F.);
#4331=EDGE_CURVE('',#5884,#5883,#510,.F.);
#4332=EDGE_CURVE('',#5885,#5884,#6881,.T.);
#4333=EDGE_CURVE('',#5886,#5885,#511,.T.);
#4334=EDGE_CURVE('',#5887,#5886,#512,.T.);
#4335=EDGE_CURVE('',#5888,#5887,#513,.T.);
#4336=EDGE_CURVE('',#5889,#5888,#514,.T.);
#4337=EDGE_CURVE('',#5890,#5889,#386,.T.);
#4338=EDGE_CURVE('',#5891,#5890,#387,.T.);
#4339=EDGE_CURVE('',#5892,#5891,#515,.T.);
#4340=EDGE_CURVE('',#5893,#5892,#516,.T.);
#4341=EDGE_CURVE('',#5894,#5893,#517,.T.);
#4342=EDGE_CURVE('',#5895,#5894,#518,.T.);
#4343=EDGE_CURVE('',#5896,#5895,#519,.T.);
#4344=EDGE_CURVE('',#5897,#5896,#520,.T.);
#4345=EDGE_CURVE('',#5898,#5897,#521,.T.);
#4346=EDGE_CURVE('',#5899,#5898,#388,.T.);
#4347=EDGE_CURVE('',#5900,#5899,#522,.T.);
#4348=EDGE_CURVE('',#5901,#5900,#523,.T.);
#4349=EDGE_CURVE('',#5902,#5901,#524,.T.);
#4350=EDGE_CURVE('',#5875,#5902,#525,.T.);
#4351=EDGE_CURVE('',#5903,#5904,#6882,.T.);
#4352=EDGE_CURVE('',#5905,#5903,#6883,.T.);
#4353=EDGE_CURVE('',#5906,#5905,#6884,.T.);
#4354=EDGE_CURVE('',#5907,#5906,#6885,.T.);
#4355=EDGE_CURVE('',#5908,#5907,#6886,.T.);
#4356=EDGE_CURVE('',#5909,#5908,#6887,.T.);
#4357=EDGE_CURVE('',#5910,#5909,#6888,.T.);
#4358=EDGE_CURVE('',#5911,#5910,#6889,.T.);
#4359=EDGE_CURVE('',#5912,#5911,#6890,.T.);
#4360=EDGE_CURVE('',#5913,#5912,#6891,.T.);
#4361=EDGE_CURVE('',#5904,#5913,#6892,.T.);
#4362=EDGE_CURVE('',#5914,#5915,#526,.T.);
#4363=EDGE_CURVE('',#5916,#5914,#527,.T.);
#4364=EDGE_CURVE('',#5917,#5916,#528,.T.);
#4365=EDGE_CURVE('',#5918,#5917,#529,.T.);
#4366=EDGE_CURVE('',#5919,#5918,#530,.T.);
#4367=EDGE_CURVE('',#5920,#5919,#531,.T.);
#4368=EDGE_CURVE('',#5921,#5920,#532,.T.);
#4369=EDGE_CURVE('',#5922,#5921,#533,.T.);
#4370=EDGE_CURVE('',#5923,#5922,#389,.T.);
#4371=EDGE_CURVE('',#5924,#5923,#534,.T.);
#4372=EDGE_CURVE('',#5925,#5924,#6893,.T.);
#4373=EDGE_CURVE('',#5926,#5925,#535,.F.);
#4374=EDGE_CURVE('',#5927,#5926,#536,.F.);
#4375=EDGE_CURVE('',#5928,#5927,#537,.F.);
#4376=EDGE_CURVE('',#5929,#5928,#538,.F.);
#4377=EDGE_CURVE('',#5930,#5929,#539,.F.);
#4378=EDGE_CURVE('',#5931,#5930,#540,.F.);
#4379=EDGE_CURVE('',#5932,#5931,#541,.F.);
#4380=EDGE_CURVE('',#5933,#5932,#542,.F.);
#4381=EDGE_CURVE('',#5934,#5933,#6894,.T.);
#4382=EDGE_CURVE('',#5935,#5934,#543,.T.);
#4383=EDGE_CURVE('',#5936,#5935,#544,.T.);
#4384=EDGE_CURVE('',#5937,#5936,#545,.T.);
#4385=EDGE_CURVE('',#5915,#5937,#390,.T.);
#4386=EDGE_CURVE('',#5938,#5939,#546,.T.);
#4387=EDGE_CURVE('',#5940,#5938,#547,.T.);
#4388=EDGE_CURVE('',#5941,#5940,#548,.T.);
#4389=EDGE_CURVE('',#5942,#5941,#549,.T.);
#4390=EDGE_CURVE('',#5943,#5942,#391,.T.);
#4391=EDGE_CURVE('',#5944,#5943,#550,.T.);
#4392=EDGE_CURVE('',#5945,#5944,#551,.T.);
#4393=EDGE_CURVE('',#5946,#5945,#552,.T.);
#4394=EDGE_CURVE('',#5947,#5946,#6895,.T.);
#4395=EDGE_CURVE('',#5948,#5947,#6896,.T.);
#4396=EDGE_CURVE('',#5949,#5948,#6897,.T.);
#4397=EDGE_CURVE('',#5950,#5949,#553,.T.);
#4398=EDGE_CURVE('',#5951,#5950,#554,.T.);
#4399=EDGE_CURVE('',#5952,#5951,#555,.T.);
#4400=EDGE_CURVE('',#5953,#5952,#556,.T.);
#4401=EDGE_CURVE('',#5954,#5953,#557,.T.);
#4402=EDGE_CURVE('',#5955,#5954,#392,.T.);
#4403=EDGE_CURVE('',#5956,#5955,#393,.T.);
#4404=EDGE_CURVE('',#5957,#5956,#558,.T.);
#4405=EDGE_CURVE('',#5958,#5957,#559,.T.);
#4406=EDGE_CURVE('',#5939,#5958,#560,.T.);
#4407=EDGE_CURVE('',#5959,#5960,#6898,.T.);
#4408=EDGE_CURVE('',#5961,#5959,#6899,.T.);
#4409=EDGE_CURVE('',#5962,#5961,#6900,.T.);
#4410=EDGE_CURVE('',#5963,#5962,#6901,.T.);
#4411=EDGE_CURVE('',#5964,#5963,#6902,.T.);
#4412=EDGE_CURVE('',#5965,#5964,#6903,.T.);
#4413=EDGE_CURVE('',#5966,#5965,#6904,.T.);
#4414=EDGE_CURVE('',#5967,#5966,#6905,.T.);
#4415=EDGE_CURVE('',#5968,#5967,#6906,.T.);
#4416=EDGE_CURVE('',#5960,#5968,#6907,.T.);
#4417=EDGE_CURVE('',#5969,#5970,#394,.T.);
#4418=EDGE_CURVE('',#5971,#5969,#561,.T.);
#4419=EDGE_CURVE('',#5972,#5971,#562,.T.);
#4420=EDGE_CURVE('',#5973,#5972,#563,.F.);
#4421=EDGE_CURVE('',#5974,#5973,#564,.F.);
#4422=EDGE_CURVE('',#5975,#5974,#395,.T.);
#4423=EDGE_CURVE('',#5976,#5975,#565,.F.);
#4424=EDGE_CURVE('',#5977,#5976,#566,.F.);
#4425=EDGE_CURVE('',#5978,#5977,#567,.F.);
#4426=EDGE_CURVE('',#5979,#5978,#568,.F.);
#4427=EDGE_CURVE('',#5980,#5979,#569,.F.);
#4428=EDGE_CURVE('',#5981,#5980,#570,.F.);
#4429=EDGE_CURVE('',#5982,#5981,#571,.F.);
#4430=EDGE_CURVE('',#5983,#5982,#572,.T.);
#4431=EDGE_CURVE('',#5984,#5983,#573,.T.);
#4432=EDGE_CURVE('',#5985,#5984,#574,.T.);
#4433=EDGE_CURVE('',#5986,#5985,#6908,.T.);
#4434=EDGE_CURVE('',#5987,#5986,#575,.T.);
#4435=EDGE_CURVE('',#5988,#5987,#396,.T.);
#4436=EDGE_CURVE('',#5989,#5988,#576,.T.);
#4437=EDGE_CURVE('',#5990,#5989,#577,.T.);
#4438=EDGE_CURVE('',#5991,#5990,#578,.T.);
#4439=EDGE_CURVE('',#5992,#5991,#579,.T.);
#4440=EDGE_CURVE('',#5993,#5992,#397,.T.);
#4441=EDGE_CURVE('',#5994,#5993,#398,.T.);
#4442=EDGE_CURVE('',#5995,#5994,#580,.T.);
#4443=EDGE_CURVE('',#5996,#5995,#581,.T.);
#4444=EDGE_CURVE('',#5997,#5996,#582,.F.);
#4445=EDGE_CURVE('',#5998,#5997,#583,.F.);
#4446=EDGE_CURVE('',#5999,#5998,#584,.F.);
#4447=EDGE_CURVE('',#6000,#5999,#399,.T.);
#4448=EDGE_CURVE('',#6001,#6000,#400,.T.);
#4449=EDGE_CURVE('',#6002,#6001,#585,.F.);
#4450=EDGE_CURVE('',#6003,#6002,#586,.F.);
#4451=EDGE_CURVE('',#6004,#6003,#587,.F.);
#4452=EDGE_CURVE('',#6005,#6004,#588,.F.);
#4453=EDGE_CURVE('',#6006,#6005,#6909,.T.);
#4454=EDGE_CURVE('',#6007,#6006,#589,.T.);
#4455=EDGE_CURVE('',#6008,#6007,#590,.T.);
#4456=EDGE_CURVE('',#6009,#6008,#591,.T.);
#4457=EDGE_CURVE('',#6010,#6009,#592,.T.);
#4458=EDGE_CURVE('',#6011,#6010,#401,.T.);
#4459=EDGE_CURVE('',#6012,#6011,#593,.T.);
#4460=EDGE_CURVE('',#6013,#6012,#594,.T.);
#4461=EDGE_CURVE('',#5970,#6013,#595,.T.);
#4462=EDGE_CURVE('',#6014,#6015,#402,.T.);
#4463=EDGE_CURVE('',#6016,#6014,#403,.T.);
#4464=EDGE_CURVE('',#6017,#6016,#596,.T.);
#4465=EDGE_CURVE('',#6018,#6017,#597,.T.);
#4466=EDGE_CURVE('',#6019,#6018,#598,.T.);
#4467=EDGE_CURVE('',#6020,#6019,#599,.T.);
#4468=EDGE_CURVE('',#6021,#6020,#404,.T.);
#4469=EDGE_CURVE('',#6022,#6021,#405,.T.);
#4470=EDGE_CURVE('',#6023,#6022,#406,.T.);
#4471=EDGE_CURVE('',#6024,#6023,#407,.T.);
#4472=EDGE_CURVE('',#6025,#6024,#600,.T.);
#4473=EDGE_CURVE('',#6026,#6025,#601,.T.);
#4474=EDGE_CURVE('',#6027,#6026,#602,.T.);
#4475=EDGE_CURVE('',#6028,#6027,#603,.T.);
#4476=EDGE_CURVE('',#6029,#6028,#408,.T.);
#4477=EDGE_CURVE('',#6015,#6029,#409,.T.);
#4478=EDGE_CURVE('',#6030,#6031,#6910,.T.);
#4479=EDGE_CURVE('',#6032,#6030,#6911,.T.);
#4480=EDGE_CURVE('',#6033,#6032,#6912,.T.);
#4481=EDGE_CURVE('',#6034,#6033,#6913,.T.);
#4482=EDGE_CURVE('',#6035,#6034,#6914,.T.);
#4483=EDGE_CURVE('',#6036,#6035,#6915,.T.);
#4484=EDGE_CURVE('',#6037,#6036,#6916,.T.);
#4485=EDGE_CURVE('',#6031,#6037,#6917,.T.);
#4486=EDGE_CURVE('',#6038,#6039,#6918,.T.);
#4487=EDGE_CURVE('',#6040,#6038,#6919,.T.);
#4488=EDGE_CURVE('',#6041,#6040,#6920,.T.);
#4489=EDGE_CURVE('',#6042,#6041,#6921,.T.);
#4490=EDGE_CURVE('',#6043,#6042,#6922,.T.);
#4491=EDGE_CURVE('',#6044,#6043,#6923,.T.);
#4492=EDGE_CURVE('',#6045,#6044,#6924,.T.);
#4493=EDGE_CURVE('',#6039,#6045,#6925,.T.);
#4494=EDGE_CURVE('',#6046,#6047,#6926,.T.);
#4495=EDGE_CURVE('',#6048,#6046,#6927,.T.);
#4496=EDGE_CURVE('',#6049,#6048,#410,.T.);
#4497=EDGE_CURVE('',#6050,#6049,#411,.T.);
#4498=EDGE_CURVE('',#6051,#6050,#412,.T.);
#4499=EDGE_CURVE('',#6052,#6051,#604,.F.);
#4500=EDGE_CURVE('',#6053,#6052,#605,.F.);
#4501=EDGE_CURVE('',#6054,#6053,#413,.T.);
#4502=EDGE_CURVE('',#6055,#6054,#414,.T.);
#4503=EDGE_CURVE('',#6056,#6055,#415,.T.);
#4504=EDGE_CURVE('',#6057,#6056,#6928,.T.);
#4505=EDGE_CURVE('',#6058,#6057,#6929,.T.);
#4506=EDGE_CURVE('',#6059,#6058,#6930,.T.);
#4507=EDGE_CURVE('',#6060,#6059,#416,.T.);
#4508=EDGE_CURVE('',#6061,#6060,#417,.T.);
#4509=EDGE_CURVE('',#6062,#6061,#606,.T.);
#4510=EDGE_CURVE('',#6063,#6062,#418,.T.);
#4511=EDGE_CURVE('',#6064,#6063,#419,.T.);
#4512=EDGE_CURVE('',#6065,#6064,#607,.T.);
#4513=EDGE_CURVE('',#6066,#6065,#420,.T.);
#4514=EDGE_CURVE('',#6067,#6066,#421,.T.);
#4515=EDGE_CURVE('',#6047,#6067,#6931,.T.);
#4516=EDGE_CURVE('',#6068,#6069,#608,.T.);
#4517=EDGE_CURVE('',#6070,#6068,#609,.T.);
#4518=EDGE_CURVE('',#6071,#6070,#610,.T.);
#4519=EDGE_CURVE('',#6072,#6071,#611,.T.);
#4520=EDGE_CURVE('',#6073,#6072,#612,.T.);
#4521=EDGE_CURVE('',#6074,#6073,#613,.T.);
#4522=EDGE_CURVE('',#6075,#6074,#614,.T.);
#4523=EDGE_CURVE('',#6076,#6075,#615,.T.);
#4524=EDGE_CURVE('',#6077,#6076,#616,.T.);
#4525=EDGE_CURVE('',#6078,#6077,#617,.T.);
#4526=EDGE_CURVE('',#6079,#6078,#618,.T.);
#4527=EDGE_CURVE('',#6080,#6079,#619,.T.);
#4528=EDGE_CURVE('',#6081,#6080,#620,.T.);
#4529=EDGE_CURVE('',#6082,#6081,#621,.T.);
#4530=EDGE_CURVE('',#6083,#6082,#622,.T.);
#4531=EDGE_CURVE('',#6069,#6083,#623,.T.);
#4532=EDGE_CURVE('',#6084,#6085,#6932,.T.);
#4533=EDGE_CURVE('',#6086,#6084,#6933,.T.);
#4534=EDGE_CURVE('',#6087,#6086,#6934,.T.);
#4535=EDGE_CURVE('',#6088,#6087,#6935,.T.);
#4536=EDGE_CURVE('',#6089,#6088,#6936,.T.);
#4537=EDGE_CURVE('',#6090,#6089,#6937,.T.);
#4538=EDGE_CURVE('',#6091,#6090,#6938,.T.);
#4539=EDGE_CURVE('',#6092,#6091,#6939,.T.);
#4540=EDGE_CURVE('',#6093,#6092,#6940,.T.);
#4541=EDGE_CURVE('',#6094,#6093,#6941,.T.);
#4542=EDGE_CURVE('',#6095,#6094,#6942,.T.);
#4543=EDGE_CURVE('',#6096,#6095,#624,.T.);
#4544=EDGE_CURVE('',#6097,#6096,#625,.T.);
#4545=EDGE_CURVE('',#6098,#6097,#626,.T.);
#4546=EDGE_CURVE('',#6099,#6098,#422,.T.);
#4547=EDGE_CURVE('',#6100,#6099,#627,.T.);
#4548=EDGE_CURVE('',#6101,#6100,#628,.T.);
#4549=EDGE_CURVE('',#6102,#6101,#629,.T.);
#4550=EDGE_CURVE('',#6103,#6102,#630,.T.);
#4551=EDGE_CURVE('',#6104,#6103,#631,.T.);
#4552=EDGE_CURVE('',#6105,#6104,#6943,.T.);
#4553=EDGE_CURVE('',#6106,#6105,#632,.F.);
#4554=EDGE_CURVE('',#6107,#6106,#633,.F.);
#4555=EDGE_CURVE('',#6108,#6107,#634,.F.);
#4556=EDGE_CURVE('',#6085,#6108,#423,.T.);
#4557=EDGE_CURVE('',#6109,#6110,#6944,.T.);
#4558=EDGE_CURVE('',#6111,#6109,#635,.T.);
#4559=EDGE_CURVE('',#6112,#6111,#636,.T.);
#4560=EDGE_CURVE('',#6113,#6112,#637,.T.);
#4561=EDGE_CURVE('',#6114,#6113,#638,.T.);
#4562=EDGE_CURVE('',#6115,#6114,#639,.T.);
#4563=EDGE_CURVE('',#6116,#6115,#424,.T.);
#4564=EDGE_CURVE('',#6117,#6116,#640,.T.);
#4565=EDGE_CURVE('',#6118,#6117,#641,.T.);
#4566=EDGE_CURVE('',#6119,#6118,#642,.T.);
#4567=EDGE_CURVE('',#6120,#6119,#643,.T.);
#4568=EDGE_CURVE('',#6121,#6120,#6945,.T.);
#4569=EDGE_CURVE('',#6122,#6121,#6946,.T.);
#4570=EDGE_CURVE('',#6123,#6122,#6947,.T.);
#4571=EDGE_CURVE('',#6124,#6123,#6948,.T.);
#4572=EDGE_CURVE('',#6125,#6124,#6949,.T.);
#4573=EDGE_CURVE('',#6126,#6125,#644,.F.);
#4574=EDGE_CURVE('',#6127,#6126,#645,.F.);
#4575=EDGE_CURVE('',#6128,#6127,#646,.F.);
#4576=EDGE_CURVE('',#6129,#6128,#647,.F.);
#4577=EDGE_CURVE('',#6130,#6129,#425,.T.);
#4578=EDGE_CURVE('',#6131,#6130,#648,.F.);
#4579=EDGE_CURVE('',#6132,#6131,#649,.F.);
#4580=EDGE_CURVE('',#6133,#6132,#650,.F.);
#4581=EDGE_CURVE('',#6134,#6133,#6950,.T.);
#4582=EDGE_CURVE('',#6110,#6134,#6951,.T.);
#4583=EDGE_CURVE('',#6135,#6136,#651,.T.);
#4584=EDGE_CURVE('',#6137,#6135,#652,.T.);
#4585=EDGE_CURVE('',#6138,#6137,#653,.T.);
#4586=EDGE_CURVE('',#6139,#6138,#654,.T.);
#4587=EDGE_CURVE('',#6140,#6139,#655,.T.);
#4588=EDGE_CURVE('',#6141,#6140,#426,.T.);
#4589=EDGE_CURVE('',#6142,#6141,#6952,.T.);
#4590=EDGE_CURVE('',#6143,#6142,#6953,.T.);
#4591=EDGE_CURVE('',#6144,#6143,#6954,.T.);
#4592=EDGE_CURVE('',#6145,#6144,#6955,.T.);
#4593=EDGE_CURVE('',#6146,#6145,#656,.F.);
#4594=EDGE_CURVE('',#6147,#6146,#657,.T.);
#4595=EDGE_CURVE('',#6148,#6147,#427,.T.);
#4596=EDGE_CURVE('',#6149,#6148,#658,.T.);
#4597=EDGE_CURVE('',#6150,#6149,#659,.T.);
#4598=EDGE_CURVE('',#6151,#6150,#660,.T.);
#4599=EDGE_CURVE('',#6152,#6151,#428,.T.);
#4600=EDGE_CURVE('',#6153,#6152,#661,.T.);
#4601=EDGE_CURVE('',#6154,#6153,#662,.T.);
#4602=EDGE_CURVE('',#6155,#6154,#663,.T.);
#4603=EDGE_CURVE('',#6136,#6155,#664,.T.);
#4604=EDGE_CURVE('',#6156,#6157,#665,.T.);
#4605=EDGE_CURVE('',#6158,#6156,#666,.T.);
#4606=EDGE_CURVE('',#6159,#6158,#667,.T.);
#4607=EDGE_CURVE('',#6160,#6159,#668,.T.);
#4608=EDGE_CURVE('',#6161,#6160,#669,.T.);
#4609=EDGE_CURVE('',#6162,#6161,#670,.T.);
#4610=EDGE_CURVE('',#6163,#6162,#671,.T.);
#4611=EDGE_CURVE('',#6164,#6163,#672,.T.);
#4612=EDGE_CURVE('',#6165,#6164,#6956,.T.);
#4613=EDGE_CURVE('',#6166,#6165,#673,.F.);
#4614=EDGE_CURVE('',#6167,#6166,#674,.F.);
#4615=EDGE_CURVE('',#6168,#6167,#675,.F.);
#4616=EDGE_CURVE('',#6169,#6168,#676,.F.);
#4617=EDGE_CURVE('',#6170,#6169,#677,.F.);
#4618=EDGE_CURVE('',#6171,#6170,#678,.F.);
#4619=EDGE_CURVE('',#6172,#6171,#679,.F.);
#4620=EDGE_CURVE('',#6173,#6172,#680,.F.);
#4621=EDGE_CURVE('',#6174,#6173,#681,.F.);
#4622=EDGE_CURVE('',#6175,#6174,#682,.F.);
#4623=EDGE_CURVE('',#6176,#6175,#683,.F.);
#4624=EDGE_CURVE('',#6177,#6176,#684,.F.);
#4625=EDGE_CURVE('',#6178,#6177,#685,.F.);
#4626=EDGE_CURVE('',#6179,#6178,#6957,.F.);
#4627=EDGE_CURVE('',#6180,#6179,#6958,.T.);
#4628=EDGE_CURVE('',#6181,#6180,#6959,.T.);
#4629=EDGE_CURVE('',#6182,#6181,#6960,.T.);
#4630=EDGE_CURVE('',#6183,#6182,#6961,.T.);
#4631=EDGE_CURVE('',#6184,#6183,#686,.F.);
#4632=EDGE_CURVE('',#6185,#6184,#687,.T.);
#4633=EDGE_CURVE('',#6186,#6185,#688,.T.);
#4634=EDGE_CURVE('',#6187,#6186,#689,.T.);
#4635=EDGE_CURVE('',#6188,#6187,#690,.T.);
#4636=EDGE_CURVE('',#6157,#6188,#691,.T.);
#4637=EDGE_CURVE('',#6189,#6190,#692,.T.);
#4638=EDGE_CURVE('',#6191,#6189,#693,.T.);
#4639=EDGE_CURVE('',#6192,#6191,#694,.T.);
#4640=EDGE_CURVE('',#6193,#6192,#695,.T.);
#4641=EDGE_CURVE('',#6194,#6193,#696,.T.);
#4642=EDGE_CURVE('',#6195,#6194,#697,.T.);
#4643=EDGE_CURVE('',#6196,#6195,#698,.T.);
#4644=EDGE_CURVE('',#6197,#6196,#699,.T.);
#4645=EDGE_CURVE('',#6198,#6197,#6962,.T.);
#4646=EDGE_CURVE('',#6199,#6198,#700,.F.);
#4647=EDGE_CURVE('',#6200,#6199,#701,.F.);
#4648=EDGE_CURVE('',#6201,#6200,#702,.F.);
#4649=EDGE_CURVE('',#6202,#6201,#703,.F.);
#4650=EDGE_CURVE('',#6203,#6202,#704,.F.);
#4651=EDGE_CURVE('',#6204,#6203,#705,.F.);
#4652=EDGE_CURVE('',#6205,#6204,#706,.F.);
#4653=EDGE_CURVE('',#6206,#6205,#707,.F.);
#4654=EDGE_CURVE('',#6207,#6206,#708,.F.);
#4655=EDGE_CURVE('',#6208,#6207,#709,.F.);
#4656=EDGE_CURVE('',#6209,#6208,#710,.F.);
#4657=EDGE_CURVE('',#6210,#6209,#711,.F.);
#4658=EDGE_CURVE('',#6211,#6210,#712,.F.);
#4659=EDGE_CURVE('',#6212,#6211,#6963,.F.);
#4660=EDGE_CURVE('',#6213,#6212,#6964,.T.);
#4661=EDGE_CURVE('',#6214,#6213,#6965,.T.);
#4662=EDGE_CURVE('',#6215,#6214,#6966,.T.);
#4663=EDGE_CURVE('',#6216,#6215,#6967,.T.);
#4664=EDGE_CURVE('',#6217,#6216,#713,.F.);
#4665=EDGE_CURVE('',#6218,#6217,#714,.T.);
#4666=EDGE_CURVE('',#6219,#6218,#715,.T.);
#4667=EDGE_CURVE('',#6220,#6219,#716,.T.);
#4668=EDGE_CURVE('',#6221,#6220,#717,.T.);
#4669=EDGE_CURVE('',#6190,#6221,#718,.T.);
#4670=EDGE_CURVE('',#6222,#6223,#6968,.T.);
#4671=EDGE_CURVE('',#6224,#6222,#6969,.T.);
#4672=EDGE_CURVE('',#6225,#6224,#6970,.T.);
#4673=EDGE_CURVE('',#6223,#6225,#6971,.T.);
#4674=EDGE_CURVE('',#6226,#6227,#719,.T.);
#4675=EDGE_CURVE('',#6228,#6226,#720,.T.);
#4676=EDGE_CURVE('',#6229,#6228,#721,.T.);
#4677=EDGE_CURVE('',#6230,#6229,#722,.T.);
#4678=EDGE_CURVE('',#6231,#6230,#723,.T.);
#4679=EDGE_CURVE('',#6232,#6231,#724,.T.);
#4680=EDGE_CURVE('',#6233,#6232,#725,.T.);
#4681=EDGE_CURVE('',#6234,#6233,#726,.T.);
#4682=EDGE_CURVE('',#6235,#6234,#727,.T.);
#4683=EDGE_CURVE('',#6236,#6235,#728,.T.);
#4684=EDGE_CURVE('',#6237,#6236,#729,.T.);
#4685=EDGE_CURVE('',#6238,#6237,#730,.T.);
#4686=EDGE_CURVE('',#6239,#6238,#731,.T.);
#4687=EDGE_CURVE('',#6240,#6239,#732,.T.);
#4688=EDGE_CURVE('',#6241,#6240,#733,.T.);
#4689=EDGE_CURVE('',#6227,#6241,#734,.T.);
#4690=EDGE_CURVE('',#6242,#6243,#6972,.T.);
#4691=EDGE_CURVE('',#6244,#6242,#6973,.T.);
#4692=EDGE_CURVE('',#6245,#6244,#6974,.T.);
#4693=EDGE_CURVE('',#6243,#6245,#6975,.T.);
#4694=EDGE_CURVE('',#6246,#6247,#735,.T.);
#4695=EDGE_CURVE('',#6248,#6246,#736,.T.);
#4696=EDGE_CURVE('',#6249,#6248,#737,.T.);
#4697=EDGE_CURVE('',#6250,#6249,#738,.T.);
#4698=EDGE_CURVE('',#6251,#6250,#739,.T.);
#4699=EDGE_CURVE('',#6252,#6251,#740,.T.);
#4700=EDGE_CURVE('',#6253,#6252,#741,.T.);
#4701=EDGE_CURVE('',#6254,#6253,#742,.T.);
#4702=EDGE_CURVE('',#6255,#6254,#743,.T.);
#4703=EDGE_CURVE('',#6256,#6255,#744,.T.);
#4704=EDGE_CURVE('',#6257,#6256,#745,.T.);
#4705=EDGE_CURVE('',#6258,#6257,#746,.T.);
#4706=EDGE_CURVE('',#6259,#6258,#747,.T.);
#4707=EDGE_CURVE('',#6260,#6259,#748,.T.);
#4708=EDGE_CURVE('',#6261,#6260,#749,.T.);
#4709=EDGE_CURVE('',#6247,#6261,#750,.T.);
#4710=EDGE_CURVE('',#6262,#6263,#751,.T.);
#4711=EDGE_CURVE('',#6264,#6262,#752,.T.);
#4712=EDGE_CURVE('',#6265,#6264,#753,.T.);
#4713=EDGE_CURVE('',#6266,#6265,#754,.T.);
#4714=EDGE_CURVE('',#6267,#6266,#755,.T.);
#4715=EDGE_CURVE('',#6268,#6267,#756,.T.);
#4716=EDGE_CURVE('',#6269,#6268,#757,.T.);
#4717=EDGE_CURVE('',#6270,#6269,#758,.T.);
#4718=EDGE_CURVE('',#6271,#6270,#6976,.T.);
#4719=EDGE_CURVE('',#6272,#6271,#759,.F.);
#4720=EDGE_CURVE('',#6273,#6272,#760,.F.);
#4721=EDGE_CURVE('',#6274,#6273,#761,.F.);
#4722=EDGE_CURVE('',#6275,#6274,#762,.F.);
#4723=EDGE_CURVE('',#6276,#6275,#763,.F.);
#4724=EDGE_CURVE('',#6277,#6276,#764,.F.);
#4725=EDGE_CURVE('',#6278,#6277,#765,.F.);
#4726=EDGE_CURVE('',#6279,#6278,#766,.F.);
#4727=EDGE_CURVE('',#6280,#6279,#767,.F.);
#4728=EDGE_CURVE('',#6281,#6280,#768,.F.);
#4729=EDGE_CURVE('',#6282,#6281,#769,.F.);
#4730=EDGE_CURVE('',#6283,#6282,#770,.F.);
#4731=EDGE_CURVE('',#6284,#6283,#771,.F.);
#4732=EDGE_CURVE('',#6285,#6284,#6977,.F.);
#4733=EDGE_CURVE('',#6286,#6285,#6978,.T.);
#4734=EDGE_CURVE('',#6287,#6286,#6979,.T.);
#4735=EDGE_CURVE('',#6288,#6287,#6980,.T.);
#4736=EDGE_CURVE('',#6289,#6288,#6981,.T.);
#4737=EDGE_CURVE('',#6290,#6289,#772,.F.);
#4738=EDGE_CURVE('',#6291,#6290,#773,.T.);
#4739=EDGE_CURVE('',#6292,#6291,#774,.T.);
#4740=EDGE_CURVE('',#6293,#6292,#775,.T.);
#4741=EDGE_CURVE('',#6294,#6293,#776,.T.);
#4742=EDGE_CURVE('',#6263,#6294,#777,.T.);
#4743=EDGE_CURVE('',#6295,#5803,#6982,.T.);
#4744=EDGE_CURVE('',#6295,#6296,#6983,.T.);
#4745=EDGE_CURVE('',#6296,#5804,#6984,.T.);
#4746=EDGE_CURVE('',#6297,#5806,#6985,.T.);
#4747=EDGE_CURVE('',#6295,#6297,#6986,.T.);
#4748=EDGE_CURVE('',#6298,#5805,#6987,.T.);
#4749=EDGE_CURVE('',#6297,#6298,#6988,.T.);
#4750=EDGE_CURVE('',#6299,#5807,#6989,.T.);
#4751=EDGE_CURVE('',#6299,#6300,#6990,.T.);
#4752=EDGE_CURVE('',#6300,#5808,#6991,.T.);
#4753=EDGE_CURVE('',#6301,#5810,#6992,.T.);
#4754=EDGE_CURVE('',#6299,#6301,#6993,.T.);
#4755=EDGE_CURVE('',#6302,#5809,#6994,.T.);
#4756=EDGE_CURVE('',#6301,#6302,#6995,.T.);
#4757=EDGE_CURVE('',#6303,#5811,#6996,.T.);
#4758=EDGE_CURVE('',#6303,#6304,#6997,.T.);
#4759=EDGE_CURVE('',#6304,#5812,#6998,.T.);
#4760=EDGE_CURVE('',#6305,#5814,#6999,.T.);
#4761=EDGE_CURVE('',#6303,#6305,#7000,.T.);
#4762=EDGE_CURVE('',#6306,#5813,#7001,.T.);
#4763=EDGE_CURVE('',#6305,#6306,#7002,.T.);
#4764=EDGE_CURVE('',#6307,#6308,#7003,.T.);
#4765=EDGE_CURVE('',#6308,#5816,#7004,.T.);
#4766=EDGE_CURVE('',#6307,#5815,#7005,.T.);
#4767=EDGE_CURVE('',#6309,#5819,#7006,.T.);
#4768=EDGE_CURVE('',#6307,#6309,#7007,.T.);
#4769=EDGE_CURVE('',#6310,#5818,#7008,.T.);
#4770=EDGE_CURVE('',#6309,#6310,#7009,.T.);
#4771=EDGE_CURVE('',#6311,#5820,#7010,.T.);
#4772=EDGE_CURVE('',#6311,#6312,#7011,.T.);
#4773=EDGE_CURVE('',#6312,#5821,#7012,.T.);
#4774=EDGE_CURVE('',#6313,#5823,#7013,.T.);
#4775=EDGE_CURVE('',#6311,#6313,#7014,.T.);
#4776=EDGE_CURVE('',#6314,#5822,#7015,.T.);
#4777=EDGE_CURVE('',#6313,#6314,#7016,.T.);
#4778=EDGE_CURVE('',#6315,#5824,#7017,.T.);
#4779=EDGE_CURVE('',#6315,#6316,#7018,.T.);
#4780=EDGE_CURVE('',#6316,#5825,#7019,.T.);
#4781=EDGE_CURVE('',#6317,#5827,#7020,.T.);
#4782=EDGE_CURVE('',#6315,#6317,#7021,.T.);
#4783=EDGE_CURVE('',#6318,#5826,#7022,.T.);
#4784=EDGE_CURVE('',#6317,#6318,#7023,.T.);
#4785=EDGE_CURVE('',#5830,#6319,#7024,.F.);
#4786=EDGE_CURVE('',#6319,#6320,#7025,.T.);
#4787=EDGE_CURVE('',#6320,#5831,#7026,.T.);
#4788=EDGE_CURVE('',#6321,#6322,#7027,.T.);
#4789=EDGE_CURVE('',#6321,#5828,#7028,.T.);
#4790=EDGE_CURVE('',#6322,#5829,#7029,.T.);
#4791=EDGE_CURVE('',#6323,#5832,#7030,.T.);
#4792=EDGE_CURVE('',#6322,#6323,#7031,.T.);
#4793=EDGE_CURVE('',#6324,#5833,#7032,.T.);
#4794=EDGE_CURVE('',#6324,#6325,#7033,.T.);
#4795=EDGE_CURVE('',#6325,#5834,#7034,.T.);
#4796=EDGE_CURVE('',#6326,#5836,#7035,.T.);
#4797=EDGE_CURVE('',#6324,#6326,#7036,.T.);
#4798=EDGE_CURVE('',#6327,#5835,#7037,.T.);
#4799=EDGE_CURVE('',#6326,#6327,#7038,.T.);
#4800=EDGE_CURVE('',#6328,#5837,#7039,.T.);
#4801=EDGE_CURVE('',#6328,#6329,#7040,.T.);
#4802=EDGE_CURVE('',#6329,#5838,#7041,.T.);
#4803=EDGE_CURVE('',#6330,#5840,#7042,.T.);
#4804=EDGE_CURVE('',#6328,#6330,#7043,.T.);
#4805=EDGE_CURVE('',#6331,#5839,#7044,.T.);
#4806=EDGE_CURVE('',#6330,#6331,#7045,.T.);
#4807=EDGE_CURVE('',#6332,#5842,#7046,.T.);
#4808=EDGE_CURVE('',#6333,#6332,#778,.T.);
#4809=EDGE_CURVE('',#6333,#5841,#7047,.T.);
#4810=EDGE_CURVE('',#6334,#5873,#7048,.T.);
#4811=EDGE_CURVE('',#6332,#6334,#779,.T.);
#4812=EDGE_CURVE('',#6335,#5872,#7049,.T.);
#4813=EDGE_CURVE('',#6334,#6335,#780,.T.);
#4814=EDGE_CURVE('',#6336,#5871,#7050,.T.);
#4815=EDGE_CURVE('',#6335,#6336,#781,.T.);
#4816=EDGE_CURVE('',#6337,#5870,#7051,.T.);
#4817=EDGE_CURVE('',#6336,#6337,#782,.T.);
#4818=EDGE_CURVE('',#6338,#5869,#7052,.T.);
#4819=EDGE_CURVE('',#6337,#6338,#783,.T.);
#4820=EDGE_CURVE('',#6339,#5868,#7053,.T.);
#4821=EDGE_CURVE('',#6338,#6339,#784,.F.);
#4822=EDGE_CURVE('',#6340,#5867,#7054,.T.);
#4823=EDGE_CURVE('',#6339,#6340,#7055,.T.);
#4824=EDGE_CURVE('',#6341,#5866,#7056,.T.);
#4825=EDGE_CURVE('',#6340,#6341,#7057,.T.);
#4826=EDGE_CURVE('',#6342,#5865,#7058,.T.);
#4827=EDGE_CURVE('',#6341,#6342,#7059,.T.);
#4828=EDGE_CURVE('',#6343,#5864,#7060,.T.);
#4829=EDGE_CURVE('',#6342,#6343,#7061,.T.);
#4830=EDGE_CURVE('',#6344,#5863,#7062,.T.);
#4831=EDGE_CURVE('',#6343,#6344,#7063,.T.);
#4832=EDGE_CURVE('',#6345,#5862,#7064,.T.);
#4833=EDGE_CURVE('',#6344,#6345,#785,.F.);
#4834=EDGE_CURVE('',#6346,#5861,#7065,.T.);
#4835=EDGE_CURVE('',#6345,#6346,#786,.F.);
#4836=EDGE_CURVE('',#6347,#5860,#7066,.T.);
#4837=EDGE_CURVE('',#6346,#6347,#787,.F.);
#4838=EDGE_CURVE('',#6348,#5859,#7067,.T.);
#4839=EDGE_CURVE('',#6347,#6348,#788,.F.);
#4840=EDGE_CURVE('',#6349,#5858,#7068,.T.);
#4841=EDGE_CURVE('',#6348,#6349,#789,.F.);
#4842=EDGE_CURVE('',#6350,#5857,#7069,.T.);
#4843=EDGE_CURVE('',#6349,#6350,#790,.F.);
#4844=EDGE_CURVE('',#6351,#5856,#7070,.T.);
#4845=EDGE_CURVE('',#6350,#6351,#791,.F.);
#4846=EDGE_CURVE('',#6352,#5855,#7071,.T.);
#4847=EDGE_CURVE('',#6351,#6352,#792,.F.);
#4848=EDGE_CURVE('',#6353,#5854,#7072,.T.);
#4849=EDGE_CURVE('',#6352,#6353,#793,.F.);
#4850=EDGE_CURVE('',#6354,#5853,#7073,.T.);
#4851=EDGE_CURVE('',#6353,#6354,#794,.F.);
#4852=EDGE_CURVE('',#6355,#5852,#7074,.T.);
#4853=EDGE_CURVE('',#6354,#6355,#795,.F.);
#4854=EDGE_CURVE('',#6356,#5851,#7075,.T.);
#4855=EDGE_CURVE('',#6355,#6356,#796,.F.);
#4856=EDGE_CURVE('',#6357,#5850,#7076,.T.);
#4857=EDGE_CURVE('',#6356,#6357,#797,.F.);
#4858=EDGE_CURVE('',#6358,#5849,#7077,.T.);
#4859=EDGE_CURVE('',#6357,#6358,#7078,.T.);
#4860=EDGE_CURVE('',#6359,#5848,#7079,.T.);
#4861=EDGE_CURVE('',#6358,#6359,#798,.T.);
#4862=EDGE_CURVE('',#6360,#5847,#7080,.T.);
#4863=EDGE_CURVE('',#6359,#6360,#799,.T.);
#4864=EDGE_CURVE('',#6361,#5846,#7081,.T.);
#4865=EDGE_CURVE('',#6360,#6361,#800,.T.);
#4866=EDGE_CURVE('',#6362,#5845,#7082,.T.);
#4867=EDGE_CURVE('',#6361,#6362,#801,.T.);
#4868=EDGE_CURVE('',#6363,#5844,#7083,.T.);
#4869=EDGE_CURVE('',#6362,#6363,#802,.T.);
#4870=EDGE_CURVE('',#6364,#5843,#7084,.T.);
#4871=EDGE_CURVE('',#6363,#6364,#803,.T.);
#4872=EDGE_CURVE('',#6365,#5875,#7085,.T.);
#4873=EDGE_CURVE('',#6366,#6365,#804,.T.);
#4874=EDGE_CURVE('',#6366,#5874,#7086,.T.);
#4875=EDGE_CURVE('',#6367,#5902,#7087,.T.);
#4876=EDGE_CURVE('',#6365,#6367,#805,.T.);
#4877=EDGE_CURVE('',#6368,#5901,#7088,.T.);
#4878=EDGE_CURVE('',#6367,#6368,#806,.T.);
#4879=EDGE_CURVE('',#6369,#5900,#7089,.T.);
#4880=EDGE_CURVE('',#6368,#6369,#807,.T.);
#4881=EDGE_CURVE('',#6370,#5899,#7090,.T.);
#4882=EDGE_CURVE('',#6369,#6370,#808,.T.);
#4883=EDGE_CURVE('',#6371,#5898,#7091,.T.);
#4884=EDGE_CURVE('',#6370,#6371,#429,.T.);
#4885=EDGE_CURVE('',#6372,#5897,#7092,.T.);
#4886=EDGE_CURVE('',#6371,#6372,#809,.T.);
#4887=EDGE_CURVE('',#6373,#5896,#7093,.T.);
#4888=EDGE_CURVE('',#6372,#6373,#810,.T.);
#4889=EDGE_CURVE('',#6374,#5895,#7094,.T.);
#4890=EDGE_CURVE('',#6373,#6374,#811,.T.);
#4891=EDGE_CURVE('',#6375,#5894,#7095,.T.);
#4892=EDGE_CURVE('',#6374,#6375,#812,.T.);
#4893=EDGE_CURVE('',#6376,#5893,#7096,.T.);
#4894=EDGE_CURVE('',#6375,#6376,#813,.T.);
#4895=EDGE_CURVE('',#6377,#5892,#7097,.T.);
#4896=EDGE_CURVE('',#6376,#6377,#814,.T.);
#4897=EDGE_CURVE('',#6378,#5891,#7098,.T.);
#4898=EDGE_CURVE('',#6377,#6378,#815,.T.);
#4899=EDGE_CURVE('',#6379,#5890,#7099,.T.);
#4900=EDGE_CURVE('',#6378,#6379,#430,.T.);
#4901=EDGE_CURVE('',#6380,#5889,#7100,.T.);
#4902=EDGE_CURVE('',#6379,#6380,#431,.T.);
#4903=EDGE_CURVE('',#6381,#5888,#7101,.T.);
#4904=EDGE_CURVE('',#6380,#6381,#816,.T.);
#4905=EDGE_CURVE('',#6382,#5887,#7102,.T.);
#4906=EDGE_CURVE('',#6381,#6382,#817,.T.);
#4907=EDGE_CURVE('',#6383,#5886,#7103,.T.);
#4908=EDGE_CURVE('',#6382,#6383,#818,.T.);
#4909=EDGE_CURVE('',#6384,#5885,#7104,.T.);
#4910=EDGE_CURVE('',#6383,#6384,#819,.T.);
#4911=EDGE_CURVE('',#6385,#5884,#7105,.T.);
#4912=EDGE_CURVE('',#6384,#6385,#7106,.T.);
#4913=EDGE_CURVE('',#6386,#5883,#7107,.T.);
#4914=EDGE_CURVE('',#6385,#6386,#820,.F.);
#4915=EDGE_CURVE('',#6387,#5882,#7108,.T.);
#4916=EDGE_CURVE('',#6386,#6387,#821,.F.);
#4917=EDGE_CURVE('',#6388,#5881,#7109,.T.);
#4918=EDGE_CURVE('',#6387,#6388,#822,.F.);
#4919=EDGE_CURVE('',#6389,#5880,#7110,.T.);
#4920=EDGE_CURVE('',#6388,#6389,#823,.F.);
#4921=EDGE_CURVE('',#6390,#5879,#7111,.T.);
#4922=EDGE_CURVE('',#6389,#6390,#824,.F.);
#4923=EDGE_CURVE('',#6391,#5878,#7112,.T.);
#4924=EDGE_CURVE('',#6390,#6391,#825,.F.);
#4925=EDGE_CURVE('',#6392,#5877,#7113,.T.);
#4926=EDGE_CURVE('',#6391,#6392,#826,.T.);
#4927=EDGE_CURVE('',#6393,#5876,#7114,.T.);
#4928=EDGE_CURVE('',#6392,#6393,#827,.F.);
#4929=EDGE_CURVE('',#6394,#5904,#7115,.T.);
#4930=EDGE_CURVE('',#6395,#6394,#7116,.T.);
#4931=EDGE_CURVE('',#6395,#5903,#7117,.T.);
#4932=EDGE_CURVE('',#6396,#5913,#7118,.T.);
#4933=EDGE_CURVE('',#6394,#6396,#7119,.T.);
#4934=EDGE_CURVE('',#6397,#5912,#7120,.T.);
#4935=EDGE_CURVE('',#6396,#6397,#7121,.T.);
#4936=EDGE_CURVE('',#6398,#5911,#7122,.T.);
#4937=EDGE_CURVE('',#6397,#6398,#7123,.T.);
#4938=EDGE_CURVE('',#6399,#5910,#7124,.T.);
#4939=EDGE_CURVE('',#6398,#6399,#7125,.T.);
#4940=EDGE_CURVE('',#6400,#5909,#7126,.T.);
#4941=EDGE_CURVE('',#6399,#6400,#7127,.T.);
#4942=EDGE_CURVE('',#6401,#5908,#7128,.T.);
#4943=EDGE_CURVE('',#6400,#6401,#7129,.T.);
#4944=EDGE_CURVE('',#6402,#5907,#7130,.T.);
#4945=EDGE_CURVE('',#6401,#6402,#7131,.T.);
#4946=EDGE_CURVE('',#6403,#5906,#7132,.T.);
#4947=EDGE_CURVE('',#6402,#6403,#7133,.T.);
#4948=EDGE_CURVE('',#6404,#5905,#7134,.T.);
#4949=EDGE_CURVE('',#6403,#6404,#7135,.T.);
#4950=EDGE_CURVE('',#6405,#5915,#7136,.T.);
#4951=EDGE_CURVE('',#6406,#6405,#828,.T.);
#4952=EDGE_CURVE('',#6406,#5914,#7137,.T.);
#4953=EDGE_CURVE('',#6407,#5937,#7138,.T.);
#4954=EDGE_CURVE('',#6405,#6407,#432,.T.);
#4955=EDGE_CURVE('',#6408,#5936,#7139,.T.);
#4956=EDGE_CURVE('',#6407,#6408,#829,.T.);
#4957=EDGE_CURVE('',#6409,#5935,#7140,.T.);
#4958=EDGE_CURVE('',#6408,#6409,#830,.T.);
#4959=EDGE_CURVE('',#6410,#5934,#7141,.T.);
#4960=EDGE_CURVE('',#6409,#6410,#831,.T.);
#4961=EDGE_CURVE('',#6411,#5933,#7142,.T.);
#4962=EDGE_CURVE('',#6410,#6411,#7143,.T.);
#4963=EDGE_CURVE('',#6412,#5932,#7144,.T.);
#4964=EDGE_CURVE('',#6411,#6412,#832,.F.);
#4965=EDGE_CURVE('',#6413,#5931,#7145,.T.);
#4966=EDGE_CURVE('',#6412,#6413,#833,.F.);
#4967=EDGE_CURVE('',#6414,#5930,#7146,.T.);
#4968=EDGE_CURVE('',#6413,#6414,#834,.F.);
#4969=EDGE_CURVE('',#6415,#5929,#7147,.T.);
#4970=EDGE_CURVE('',#6414,#6415,#835,.F.);
#4971=EDGE_CURVE('',#6416,#5928,#7148,.T.);
#4972=EDGE_CURVE('',#6415,#6416,#836,.F.);
#4973=EDGE_CURVE('',#6417,#5927,#7149,.T.);
#4974=EDGE_CURVE('',#6416,#6417,#837,.F.);
#4975=EDGE_CURVE('',#6418,#5926,#7150,.T.);
#4976=EDGE_CURVE('',#6417,#6418,#838,.F.);
#4977=EDGE_CURVE('',#6419,#5925,#7151,.T.);
#4978=EDGE_CURVE('',#6418,#6419,#839,.F.);
#4979=EDGE_CURVE('',#6420,#5924,#7152,.T.);
#4980=EDGE_CURVE('',#6419,#6420,#7153,.T.);
#4981=EDGE_CURVE('',#6421,#5923,#7154,.T.);
#4982=EDGE_CURVE('',#6420,#6421,#840,.T.);
#4983=EDGE_CURVE('',#6422,#5922,#7155,.T.);
#4984=EDGE_CURVE('',#6421,#6422,#433,.T.);
#4985=EDGE_CURVE('',#6423,#5921,#7156,.T.);
#4986=EDGE_CURVE('',#6422,#6423,#841,.T.);
#4987=EDGE_CURVE('',#6424,#5920,#7157,.T.);
#4988=EDGE_CURVE('',#6423,#6424,#842,.T.);
#4989=EDGE_CURVE('',#6425,#5919,#7158,.T.);
#4990=EDGE_CURVE('',#6424,#6425,#843,.T.);
#4991=EDGE_CURVE('',#6426,#5918,#7159,.T.);
#4992=EDGE_CURVE('',#6425,#6426,#844,.T.);
#4993=EDGE_CURVE('',#6427,#5917,#7160,.T.);
#4994=EDGE_CURVE('',#6426,#6427,#845,.T.);
#4995=EDGE_CURVE('',#6428,#5916,#7161,.T.);
#4996=EDGE_CURVE('',#6427,#6428,#846,.T.);
#4997=EDGE_CURVE('',#6429,#5939,#7162,.T.);
#4998=EDGE_CURVE('',#6430,#6429,#847,.T.);
#4999=EDGE_CURVE('',#6430,#5938,#7163,.T.);
#5000=EDGE_CURVE('',#6431,#5958,#7164,.T.);
#5001=EDGE_CURVE('',#6429,#6431,#848,.T.);
#5002=EDGE_CURVE('',#6432,#5957,#7165,.T.);
#5003=EDGE_CURVE('',#6431,#6432,#849,.T.);
#5004=EDGE_CURVE('',#6433,#5956,#7166,.T.);
#5005=EDGE_CURVE('',#6432,#6433,#850,.T.);
#5006=EDGE_CURVE('',#6434,#5955,#7167,.T.);
#5007=EDGE_CURVE('',#6433,#6434,#434,.T.);
#5008=EDGE_CURVE('',#6435,#5954,#7168,.T.);
#5009=EDGE_CURVE('',#6434,#6435,#435,.T.);
#5010=EDGE_CURVE('',#6436,#5953,#7169,.T.);
#5011=EDGE_CURVE('',#6435,#6436,#851,.T.);
#5012=EDGE_CURVE('',#6437,#5952,#7170,.T.);
#5013=EDGE_CURVE('',#6436,#6437,#852,.T.);
#5014=EDGE_CURVE('',#6438,#5951,#7171,.T.);
#5015=EDGE_CURVE('',#6437,#6438,#853,.T.);
#5016=EDGE_CURVE('',#6439,#5950,#7172,.T.);
#5017=EDGE_CURVE('',#6438,#6439,#854,.T.);
#5018=EDGE_CURVE('',#6440,#5949,#7173,.T.);
#5019=EDGE_CURVE('',#6439,#6440,#855,.T.);
#5020=EDGE_CURVE('',#6441,#5948,#7174,.T.);
#5021=EDGE_CURVE('',#6440,#6441,#7175,.T.);
#5022=EDGE_CURVE('',#6442,#5947,#7176,.T.);
#5023=EDGE_CURVE('',#6441,#6442,#7177,.T.);
#5024=EDGE_CURVE('',#6443,#5946,#7178,.T.);
#5025=EDGE_CURVE('',#6442,#6443,#7179,.T.);
#5026=EDGE_CURVE('',#6444,#5945,#7180,.T.);
#5027=EDGE_CURVE('',#6443,#6444,#856,.T.);
#5028=EDGE_CURVE('',#6445,#5944,#7181,.T.);
#5029=EDGE_CURVE('',#6444,#6445,#857,.T.);
#5030=EDGE_CURVE('',#6446,#5943,#7182,.T.);
#5031=EDGE_CURVE('',#6445,#6446,#858,.T.);
#5032=EDGE_CURVE('',#6447,#5942,#7183,.T.);
#5033=EDGE_CURVE('',#6446,#6447,#436,.T.);
#5034=EDGE_CURVE('',#6448,#5941,#7184,.T.);
#5035=EDGE_CURVE('',#6447,#6448,#859,.T.);
#5036=EDGE_CURVE('',#6449,#5940,#7185,.T.);
#5037=EDGE_CURVE('',#6448,#6449,#860,.T.);
#5038=EDGE_CURVE('',#6450,#5960,#7186,.T.);
#5039=EDGE_CURVE('',#6451,#6450,#7187,.T.);
#5040=EDGE_CURVE('',#6451,#5959,#7188,.T.);
#5041=EDGE_CURVE('',#6452,#5968,#7189,.T.);
#5042=EDGE_CURVE('',#6450,#6452,#7190,.T.);
#5043=EDGE_CURVE('',#6453,#5967,#7191,.T.);
#5044=EDGE_CURVE('',#6452,#6453,#7192,.T.);
#5045=EDGE_CURVE('',#6454,#5966,#7193,.T.);
#5046=EDGE_CURVE('',#6453,#6454,#7194,.T.);
#5047=EDGE_CURVE('',#6455,#5965,#7195,.T.);
#5048=EDGE_CURVE('',#6454,#6455,#7196,.T.);
#5049=EDGE_CURVE('',#6456,#5964,#7197,.T.);
#5050=EDGE_CURVE('',#6455,#6456,#7198,.T.);
#5051=EDGE_CURVE('',#6457,#5963,#7199,.T.);
#5052=EDGE_CURVE('',#6456,#6457,#7200,.T.);
#5053=EDGE_CURVE('',#6458,#5962,#7201,.T.);
#5054=EDGE_CURVE('',#6457,#6458,#7202,.T.);
#5055=EDGE_CURVE('',#6459,#5961,#7203,.T.);
#5056=EDGE_CURVE('',#6458,#6459,#7204,.T.);
#5057=EDGE_CURVE('',#6460,#5970,#7205,.T.);
#5058=EDGE_CURVE('',#6461,#6460,#437,.T.);
#5059=EDGE_CURVE('',#6461,#5969,#7206,.T.);
#5060=EDGE_CURVE('',#6462,#6013,#7207,.T.);
#5061=EDGE_CURVE('',#6460,#6462,#861,.T.);
#5062=EDGE_CURVE('',#6463,#6012,#7208,.T.);
#5063=EDGE_CURVE('',#6462,#6463,#862,.T.);
#5064=EDGE_CURVE('',#6464,#6011,#7209,.T.);
#5065=EDGE_CURVE('',#6463,#6464,#863,.T.);
#5066=EDGE_CURVE('',#6465,#6010,#7210,.T.);
#5067=EDGE_CURVE('',#6464,#6465,#438,.T.);
#5068=EDGE_CURVE('',#6466,#6009,#7211,.T.);
#5069=EDGE_CURVE('',#6465,#6466,#864,.T.);
#5070=EDGE_CURVE('',#6467,#6008,#7212,.T.);
#5071=EDGE_CURVE('',#6466,#6467,#865,.T.);
#5072=EDGE_CURVE('',#6468,#6007,#7213,.T.);
#5073=EDGE_CURVE('',#6467,#6468,#866,.T.);
#5074=EDGE_CURVE('',#6469,#6006,#7214,.T.);
#5075=EDGE_CURVE('',#6468,#6469,#867,.T.);
#5076=EDGE_CURVE('',#6470,#6005,#7215,.T.);
#5077=EDGE_CURVE('',#6469,#6470,#7216,.T.);
#5078=EDGE_CURVE('',#6471,#6004,#7217,.T.);
#5079=EDGE_CURVE('',#6470,#6471,#868,.F.);
#5080=EDGE_CURVE('',#6472,#6003,#7218,.T.);
#5081=EDGE_CURVE('',#6471,#6472,#869,.F.);
#5082=EDGE_CURVE('',#6473,#6002,#7219,.T.);
#5083=EDGE_CURVE('',#6472,#6473,#870,.F.);
#5084=EDGE_CURVE('',#6474,#6001,#7220,.T.);
#5085=EDGE_CURVE('',#6473,#6474,#871,.F.);
#5086=EDGE_CURVE('',#6475,#6000,#7221,.T.);
#5087=EDGE_CURVE('',#6474,#6475,#439,.T.);
#5088=EDGE_CURVE('',#6476,#5999,#7222,.T.);
#5089=EDGE_CURVE('',#6475,#6476,#440,.T.);
#5090=EDGE_CURVE('',#6477,#5998,#7223,.T.);
#5091=EDGE_CURVE('',#6476,#6477,#872,.F.);
#5092=EDGE_CURVE('',#6478,#5997,#7224,.T.);
#5093=EDGE_CURVE('',#6477,#6478,#873,.F.);
#5094=EDGE_CURVE('',#6479,#5996,#7225,.T.);
#5095=EDGE_CURVE('',#6478,#6479,#874,.F.);
#5096=EDGE_CURVE('',#6480,#5995,#7226,.T.);
#5097=EDGE_CURVE('',#6479,#6480,#875,.T.);
#5098=EDGE_CURVE('',#6481,#5994,#7227,.T.);
#5099=EDGE_CURVE('',#6480,#6481,#876,.T.);
#5100=EDGE_CURVE('',#6482,#5993,#7228,.T.);
#5101=EDGE_CURVE('',#6481,#6482,#441,.T.);
#5102=EDGE_CURVE('',#6483,#5992,#7229,.T.);
#5103=EDGE_CURVE('',#6482,#6483,#442,.T.);
#5104=EDGE_CURVE('',#6484,#5991,#7230,.T.);
#5105=EDGE_CURVE('',#6483,#6484,#877,.T.);
#5106=EDGE_CURVE('',#6485,#5990,#7231,.T.);
#5107=EDGE_CURVE('',#6484,#6485,#878,.T.);
#5108=EDGE_CURVE('',#6486,#5989,#7232,.T.);
#5109=EDGE_CURVE('',#6485,#6486,#879,.T.);
#5110=EDGE_CURVE('',#6487,#5988,#7233,.T.);
#5111=EDGE_CURVE('',#6486,#6487,#880,.T.);
#5112=EDGE_CURVE('',#6488,#5987,#7234,.T.);
#5113=EDGE_CURVE('',#6487,#6488,#443,.T.);
#5114=EDGE_CURVE('',#6489,#5986,#7235,.T.);
#5115=EDGE_CURVE('',#6488,#6489,#881,.T.);
#5116=EDGE_CURVE('',#6490,#5985,#7236,.T.);
#5117=EDGE_CURVE('',#6489,#6490,#7237,.T.);
#5118=EDGE_CURVE('',#6491,#5984,#7238,.T.);
#5119=EDGE_CURVE('',#6490,#6491,#882,.T.);
#5120=EDGE_CURVE('',#6492,#5983,#7239,.T.);
#5121=EDGE_CURVE('',#6491,#6492,#883,.T.);
#5122=EDGE_CURVE('',#6493,#5982,#7240,.T.);
#5123=EDGE_CURVE('',#6492,#6493,#884,.T.);
#5124=EDGE_CURVE('',#6494,#5981,#7241,.T.);
#5125=EDGE_CURVE('',#6493,#6494,#885,.F.);
#5126=EDGE_CURVE('',#6495,#5980,#7242,.T.);
#5127=EDGE_CURVE('',#6494,#6495,#886,.F.);
#5128=EDGE_CURVE('',#6496,#5979,#7243,.T.);
#5129=EDGE_CURVE('',#6495,#6496,#887,.F.);
#5130=EDGE_CURVE('',#6497,#5978,#7244,.T.);
#5131=EDGE_CURVE('',#6496,#6497,#888,.F.);
#5132=EDGE_CURVE('',#6498,#5977,#7245,.T.);
#5133=EDGE_CURVE('',#6497,#6498,#889,.F.);
#5134=EDGE_CURVE('',#6499,#5976,#7246,.T.);
#5135=EDGE_CURVE('',#6498,#6499,#890,.F.);
#5136=EDGE_CURVE('',#6500,#5975,#7247,.T.);
#5137=EDGE_CURVE('',#6499,#6500,#891,.F.);
#5138=EDGE_CURVE('',#6501,#5974,#7248,.T.);
#5139=EDGE_CURVE('',#6500,#6501,#444,.T.);
#5140=EDGE_CURVE('',#6502,#5973,#7249,.T.);
#5141=EDGE_CURVE('',#6501,#6502,#892,.F.);
#5142=EDGE_CURVE('',#6503,#5972,#7250,.T.);
#5143=EDGE_CURVE('',#6502,#6503,#893,.F.);
#5144=EDGE_CURVE('',#6504,#5971,#7251,.T.);
#5145=EDGE_CURVE('',#6503,#6504,#894,.T.);
#5146=EDGE_CURVE('',#6505,#6015,#7252,.T.);
#5147=EDGE_CURVE('',#6506,#6505,#445,.T.);
#5148=EDGE_CURVE('',#6506,#6014,#7253,.T.);
#5149=EDGE_CURVE('',#6507,#6029,#7254,.T.);
#5150=EDGE_CURVE('',#6505,#6507,#446,.T.);
#5151=EDGE_CURVE('',#6508,#6028,#7255,.T.);
#5152=EDGE_CURVE('',#6507,#6508,#447,.T.);
#5153=EDGE_CURVE('',#6509,#6027,#7256,.T.);
#5154=EDGE_CURVE('',#6508,#6509,#895,.T.);
#5155=EDGE_CURVE('',#6510,#6026,#7257,.T.);
#5156=EDGE_CURVE('',#6509,#6510,#896,.T.);
#5157=EDGE_CURVE('',#6511,#6025,#7258,.T.);
#5158=EDGE_CURVE('',#6510,#6511,#897,.T.);
#5159=EDGE_CURVE('',#6512,#6024,#7259,.T.);
#5160=EDGE_CURVE('',#6511,#6512,#898,.T.);
#5161=EDGE_CURVE('',#6513,#6023,#7260,.T.);
#5162=EDGE_CURVE('',#6512,#6513,#448,.T.);
#5163=EDGE_CURVE('',#6514,#6022,#7261,.T.);
#5164=EDGE_CURVE('',#6513,#6514,#449,.T.);
#5165=EDGE_CURVE('',#6515,#6021,#7262,.T.);
#5166=EDGE_CURVE('',#6514,#6515,#450,.T.);
#5167=EDGE_CURVE('',#6516,#6020,#7263,.T.);
#5168=EDGE_CURVE('',#6515,#6516,#451,.T.);
#5169=EDGE_CURVE('',#6517,#6019,#7264,.T.);
#5170=EDGE_CURVE('',#6516,#6517,#899,.T.);
#5171=EDGE_CURVE('',#6518,#6018,#7265,.T.);
#5172=EDGE_CURVE('',#6517,#6518,#900,.T.);
#5173=EDGE_CURVE('',#6519,#6017,#7266,.T.);
#5174=EDGE_CURVE('',#6518,#6519,#901,.T.);
#5175=EDGE_CURVE('',#6520,#6016,#7267,.T.);
#5176=EDGE_CURVE('',#6519,#6520,#902,.T.);
#5177=EDGE_CURVE('',#6521,#6031,#7268,.T.);
#5178=EDGE_CURVE('',#6522,#6521,#7269,.T.);
#5179=EDGE_CURVE('',#6522,#6030,#7270,.T.);
#5180=EDGE_CURVE('',#6523,#6037,#7271,.T.);
#5181=EDGE_CURVE('',#6521,#6523,#7272,.T.);
#5182=EDGE_CURVE('',#6524,#6036,#7273,.T.);
#5183=EDGE_CURVE('',#6523,#6524,#7274,.T.);
#5184=EDGE_CURVE('',#6525,#6035,#7275,.T.);
#5185=EDGE_CURVE('',#6524,#6525,#7276,.T.);
#5186=EDGE_CURVE('',#6526,#6034,#7277,.T.);
#5187=EDGE_CURVE('',#6525,#6526,#7278,.T.);
#5188=EDGE_CURVE('',#6527,#6033,#7279,.T.);
#5189=EDGE_CURVE('',#6526,#6527,#7280,.T.);
#5190=EDGE_CURVE('',#6528,#6032,#7281,.T.);
#5191=EDGE_CURVE('',#6527,#6528,#7282,.T.);
#5192=EDGE_CURVE('',#6529,#6039,#7283,.T.);
#5193=EDGE_CURVE('',#6530,#6529,#7284,.T.);
#5194=EDGE_CURVE('',#6530,#6038,#7285,.T.);
#5195=EDGE_CURVE('',#6531,#6045,#7286,.T.);
#5196=EDGE_CURVE('',#6529,#6531,#7287,.T.);
#5197=EDGE_CURVE('',#6532,#6044,#7288,.T.);
#5198=EDGE_CURVE('',#6531,#6532,#7289,.T.);
#5199=EDGE_CURVE('',#6533,#6043,#7290,.T.);
#5200=EDGE_CURVE('',#6532,#6533,#7291,.T.);
#5201=EDGE_CURVE('',#6534,#6042,#7292,.T.);
#5202=EDGE_CURVE('',#6533,#6534,#7293,.T.);
#5203=EDGE_CURVE('',#6535,#6041,#7294,.T.);
#5204=EDGE_CURVE('',#6534,#6535,#7295,.T.);
#5205=EDGE_CURVE('',#6536,#6040,#7296,.T.);
#5206=EDGE_CURVE('',#6535,#6536,#7297,.T.);
#5207=EDGE_CURVE('',#6537,#6047,#7298,.T.);
#5208=EDGE_CURVE('',#6538,#6537,#7299,.T.);
#5209=EDGE_CURVE('',#6538,#6046,#7300,.T.);
#5210=EDGE_CURVE('',#6539,#6067,#7301,.T.);
#5211=EDGE_CURVE('',#6537,#6539,#7302,.T.);
#5212=EDGE_CURVE('',#6540,#6066,#7303,.T.);
#5213=EDGE_CURVE('',#6539,#6540,#452,.T.);
#5214=EDGE_CURVE('',#6541,#6065,#7304,.T.);
#5215=EDGE_CURVE('',#6540,#6541,#453,.T.);
#5216=EDGE_CURVE('',#6542,#6064,#7305,.T.);
#5217=EDGE_CURVE('',#6541,#6542,#903,.T.);
#5218=EDGE_CURVE('',#6543,#6063,#7306,.T.);
#5219=EDGE_CURVE('',#6542,#6543,#454,.T.);
#5220=EDGE_CURVE('',#6544,#6062,#7307,.T.);
#5221=EDGE_CURVE('',#6543,#6544,#455,.T.);
#5222=EDGE_CURVE('',#6545,#6061,#7308,.T.);
#5223=EDGE_CURVE('',#6544,#6545,#904,.T.);
#5224=EDGE_CURVE('',#6546,#6060,#7309,.T.);
#5225=EDGE_CURVE('',#6545,#6546,#456,.T.);
#5226=EDGE_CURVE('',#6547,#6059,#7310,.T.);
#5227=EDGE_CURVE('',#6546,#6547,#457,.T.);
#5228=EDGE_CURVE('',#6548,#6058,#7311,.T.);
#5229=EDGE_CURVE('',#6547,#6548,#7312,.T.);
#5230=EDGE_CURVE('',#6549,#6057,#7313,.T.);
#5231=EDGE_CURVE('',#6548,#6549,#7314,.T.);
#5232=EDGE_CURVE('',#6550,#6056,#7315,.T.);
#5233=EDGE_CURVE('',#6549,#6550,#7316,.T.);
#5234=EDGE_CURVE('',#6551,#6055,#7317,.T.);
#5235=EDGE_CURVE('',#6550,#6551,#458,.T.);
#5236=EDGE_CURVE('',#6552,#6054,#7318,.T.);
#5237=EDGE_CURVE('',#6551,#6552,#459,.T.);
#5238=EDGE_CURVE('',#6553,#6053,#7319,.T.);
#5239=EDGE_CURVE('',#6552,#6553,#460,.T.);
#5240=EDGE_CURVE('',#6554,#6052,#7320,.T.);
#5241=EDGE_CURVE('',#6553,#6554,#905,.F.);
#5242=EDGE_CURVE('',#6555,#6051,#7321,.T.);
#5243=EDGE_CURVE('',#6554,#6555,#906,.F.);
#5244=EDGE_CURVE('',#6556,#6050,#7322,.T.);
#5245=EDGE_CURVE('',#6555,#6556,#461,.T.);
#5246=EDGE_CURVE('',#6557,#6049,#7323,.T.);
#5247=EDGE_CURVE('',#6556,#6557,#462,.T.);
#5248=EDGE_CURVE('',#6558,#6048,#7324,.T.);
#5249=EDGE_CURVE('',#6557,#6558,#463,.T.);
#5250=EDGE_CURVE('',#6559,#6069,#7325,.T.);
#5251=EDGE_CURVE('',#6560,#6559,#907,.T.);
#5252=EDGE_CURVE('',#6560,#6068,#7326,.T.);
#5253=EDGE_CURVE('',#6561,#6083,#7327,.T.);
#5254=EDGE_CURVE('',#6559,#6561,#908,.T.);
#5255=EDGE_CURVE('',#6562,#6082,#7328,.T.);
#5256=EDGE_CURVE('',#6561,#6562,#909,.T.);
#5257=EDGE_CURVE('',#6563,#6081,#7329,.T.);
#5258=EDGE_CURVE('',#6562,#6563,#910,.T.);
#5259=EDGE_CURVE('',#6564,#6080,#7330,.T.);
#5260=EDGE_CURVE('',#6563,#6564,#911,.T.);
#5261=EDGE_CURVE('',#6565,#6079,#7331,.T.);
#5262=EDGE_CURVE('',#6564,#6565,#912,.T.);
#5263=EDGE_CURVE('',#6566,#6078,#7332,.T.);
#5264=EDGE_CURVE('',#6565,#6566,#913,.T.);
#5265=EDGE_CURVE('',#6567,#6077,#7333,.T.);
#5266=EDGE_CURVE('',#6566,#6567,#914,.T.);
#5267=EDGE_CURVE('',#6568,#6076,#7334,.T.);
#5268=EDGE_CURVE('',#6567,#6568,#915,.T.);
#5269=EDGE_CURVE('',#6569,#6075,#7335,.T.);
#5270=EDGE_CURVE('',#6568,#6569,#916,.T.);
#5271=EDGE_CURVE('',#6570,#6074,#7336,.T.);
#5272=EDGE_CURVE('',#6569,#6570,#917,.T.);
#5273=EDGE_CURVE('',#6571,#6073,#7337,.T.);
#5274=EDGE_CURVE('',#6570,#6571,#918,.T.);
#5275=EDGE_CURVE('',#6572,#6072,#7338,.T.);
#5276=EDGE_CURVE('',#6571,#6572,#919,.T.);
#5277=EDGE_CURVE('',#6573,#6071,#7339,.T.);
#5278=EDGE_CURVE('',#6572,#6573,#920,.T.);
#5279=EDGE_CURVE('',#6574,#6070,#7340,.T.);
#5280=EDGE_CURVE('',#6573,#6574,#921,.T.);
#5281=EDGE_CURVE('',#6575,#6085,#7341,.T.);
#5282=EDGE_CURVE('',#6576,#6575,#7342,.T.);
#5283=EDGE_CURVE('',#6576,#6084,#7343,.T.);
#5284=EDGE_CURVE('',#6577,#6108,#7344,.T.);
#5285=EDGE_CURVE('',#6575,#6577,#464,.T.);
#5286=EDGE_CURVE('',#6578,#6107,#7345,.T.);
#5287=EDGE_CURVE('',#6577,#6578,#922,.F.);
#5288=EDGE_CURVE('',#6579,#6106,#7346,.T.);
#5289=EDGE_CURVE('',#6578,#6579,#923,.F.);
#5290=EDGE_CURVE('',#6580,#6105,#7347,.T.);
#5291=EDGE_CURVE('',#6579,#6580,#924,.F.);
#5292=EDGE_CURVE('',#6581,#6104,#7348,.T.);
#5293=EDGE_CURVE('',#6580,#6581,#7349,.T.);
#5294=EDGE_CURVE('',#6582,#6103,#7350,.T.);
#5295=EDGE_CURVE('',#6581,#6582,#925,.T.);
#5296=EDGE_CURVE('',#6583,#6102,#7351,.T.);
#5297=EDGE_CURVE('',#6582,#6583,#926,.T.);
#5298=EDGE_CURVE('',#6584,#6101,#7352,.T.);
#5299=EDGE_CURVE('',#6583,#6584,#927,.T.);
#5300=EDGE_CURVE('',#6585,#6100,#7353,.T.);
#5301=EDGE_CURVE('',#6584,#6585,#928,.T.);
#5302=EDGE_CURVE('',#6586,#6099,#7354,.T.);
#5303=EDGE_CURVE('',#6585,#6586,#929,.T.);
#5304=EDGE_CURVE('',#6587,#6098,#7355,.T.);
#5305=EDGE_CURVE('',#6586,#6587,#465,.T.);
#5306=EDGE_CURVE('',#6588,#6097,#7356,.T.);
#5307=EDGE_CURVE('',#6587,#6588,#930,.T.);
#5308=EDGE_CURVE('',#6589,#6096,#7357,.T.);
#5309=EDGE_CURVE('',#6588,#6589,#931,.T.);
#5310=EDGE_CURVE('',#6590,#6095,#7358,.T.);
#5311=EDGE_CURVE('',#6589,#6590,#932,.T.);
#5312=EDGE_CURVE('',#6591,#6094,#7359,.T.);
#5313=EDGE_CURVE('',#6590,#6591,#7360,.T.);
#5314=EDGE_CURVE('',#6592,#6093,#7361,.T.);
#5315=EDGE_CURVE('',#6591,#6592,#7362,.T.);
#5316=EDGE_CURVE('',#6593,#6092,#7363,.T.);
#5317=EDGE_CURVE('',#6592,#6593,#7364,.T.);
#5318=EDGE_CURVE('',#6594,#6091,#7365,.T.);
#5319=EDGE_CURVE('',#6593,#6594,#7366,.T.);
#5320=EDGE_CURVE('',#6595,#6090,#7367,.T.);
#5321=EDGE_CURVE('',#6594,#6595,#7368,.T.);
#5322=EDGE_CURVE('',#6596,#6089,#7369,.T.);
#5323=EDGE_CURVE('',#6595,#6596,#7370,.T.);
#5324=EDGE_CURVE('',#6597,#6088,#7371,.T.);
#5325=EDGE_CURVE('',#6596,#6597,#7372,.T.);
#5326=EDGE_CURVE('',#6598,#6087,#7373,.T.);
#5327=EDGE_CURVE('',#6597,#6598,#7374,.T.);
#5328=EDGE_CURVE('',#6599,#6086,#7375,.T.);
#5329=EDGE_CURVE('',#6598,#6599,#7376,.T.);
#5330=EDGE_CURVE('',#6600,#6110,#7377,.T.);
#5331=EDGE_CURVE('',#6601,#6600,#7378,.T.);
#5332=EDGE_CURVE('',#6601,#6109,#7379,.T.);
#5333=EDGE_CURVE('',#6602,#6134,#7380,.T.);
#5334=EDGE_CURVE('',#6600,#6602,#7381,.T.);
#5335=EDGE_CURVE('',#6603,#6133,#7382,.T.);
#5336=EDGE_CURVE('',#6602,#6603,#7383,.T.);
#5337=EDGE_CURVE('',#6604,#6132,#7384,.T.);
#5338=EDGE_CURVE('',#6603,#6604,#933,.F.);
#5339=EDGE_CURVE('',#6605,#6131,#7385,.T.);
#5340=EDGE_CURVE('',#6604,#6605,#934,.F.);
#5341=EDGE_CURVE('',#6606,#6130,#7386,.T.);
#5342=EDGE_CURVE('',#6605,#6606,#935,.F.);
#5343=EDGE_CURVE('',#6607,#6129,#7387,.T.);
#5344=EDGE_CURVE('',#6606,#6607,#466,.T.);
#5345=EDGE_CURVE('',#6608,#6128,#7388,.T.);
#5346=EDGE_CURVE('',#6607,#6608,#936,.F.);
#5347=EDGE_CURVE('',#6609,#6127,#7389,.T.);
#5348=EDGE_CURVE('',#6608,#6609,#937,.F.);
#5349=EDGE_CURVE('',#6610,#6126,#7390,.T.);
#5350=EDGE_CURVE('',#6609,#6610,#938,.F.);
#5351=EDGE_CURVE('',#6611,#6125,#7391,.T.);
#5352=EDGE_CURVE('',#6610,#6611,#939,.F.);
#5353=EDGE_CURVE('',#6612,#6124,#7392,.T.);
#5354=EDGE_CURVE('',#6611,#6612,#7393,.T.);
#5355=EDGE_CURVE('',#6613,#6123,#7394,.T.);
#5356=EDGE_CURVE('',#6612,#6613,#7395,.T.);
#5357=EDGE_CURVE('',#6614,#6122,#7396,.T.);
#5358=EDGE_CURVE('',#6613,#6614,#7397,.T.);
#5359=EDGE_CURVE('',#6615,#6121,#7398,.T.);
#5360=EDGE_CURVE('',#6614,#6615,#7399,.T.);
#5361=EDGE_CURVE('',#6616,#6120,#7400,.T.);
#5362=EDGE_CURVE('',#6615,#6616,#7401,.T.);
#5363=EDGE_CURVE('',#6617,#6119,#7402,.T.);
#5364=EDGE_CURVE('',#6616,#6617,#940,.T.);
#5365=EDGE_CURVE('',#6618,#6118,#7403,.T.);
#5366=EDGE_CURVE('',#6617,#6618,#941,.T.);
#5367=EDGE_CURVE('',#6619,#6117,#7404,.T.);
#5368=EDGE_CURVE('',#6618,#6619,#942,.T.);
#5369=EDGE_CURVE('',#6620,#6116,#7405,.T.);
#5370=EDGE_CURVE('',#6619,#6620,#943,.T.);
#5371=EDGE_CURVE('',#6621,#6115,#7406,.T.);
#5372=EDGE_CURVE('',#6620,#6621,#467,.T.);
#5373=EDGE_CURVE('',#6622,#6114,#7407,.T.);
#5374=EDGE_CURVE('',#6621,#6622,#944,.T.);
#5375=EDGE_CURVE('',#6623,#6113,#7408,.T.);
#5376=EDGE_CURVE('',#6622,#6623,#945,.T.);
#5377=EDGE_CURVE('',#6624,#6112,#7409,.T.);
#5378=EDGE_CURVE('',#6623,#6624,#946,.T.);
#5379=EDGE_CURVE('',#6625,#6111,#7410,.T.);
#5380=EDGE_CURVE('',#6624,#6625,#947,.T.);
#5381=EDGE_CURVE('',#6626,#6136,#7411,.T.);
#5382=EDGE_CURVE('',#6627,#6626,#948,.T.);
#5383=EDGE_CURVE('',#6627,#6135,#7412,.T.);
#5384=EDGE_CURVE('',#6628,#6155,#7413,.T.);
#5385=EDGE_CURVE('',#6626,#6628,#949,.T.);
#5386=EDGE_CURVE('',#6629,#6154,#7414,.T.);
#5387=EDGE_CURVE('',#6628,#6629,#950,.T.);
#5388=EDGE_CURVE('',#6630,#6153,#7415,.T.);
#5389=EDGE_CURVE('',#6629,#6630,#951,.T.);
#5390=EDGE_CURVE('',#6631,#6152,#7416,.T.);
#5391=EDGE_CURVE('',#6630,#6631,#952,.T.);
#5392=EDGE_CURVE('',#6632,#6151,#7417,.T.);
#5393=EDGE_CURVE('',#6631,#6632,#468,.T.);
#5394=EDGE_CURVE('',#6633,#6150,#7418,.T.);
#5395=EDGE_CURVE('',#6632,#6633,#953,.T.);
#5396=EDGE_CURVE('',#6634,#6149,#7419,.T.);
#5397=EDGE_CURVE('',#6633,#6634,#954,.T.);
#5398=EDGE_CURVE('',#6635,#6148,#7420,.T.);
#5399=EDGE_CURVE('',#6634,#6635,#955,.T.);
#5400=EDGE_CURVE('',#6636,#6147,#7421,.T.);
#5401=EDGE_CURVE('',#6635,#6636,#469,.T.);
#5402=EDGE_CURVE('',#6637,#6146,#7422,.T.);
#5403=EDGE_CURVE('',#6636,#6637,#956,.T.);
#5404=EDGE_CURVE('',#6638,#6145,#7423,.T.);
#5405=EDGE_CURVE('',#6637,#6638,#957,.F.);
#5406=EDGE_CURVE('',#6639,#6144,#7424,.T.);
#5407=EDGE_CURVE('',#6638,#6639,#7425,.T.);
#5408=EDGE_CURVE('',#6640,#6143,#7426,.T.);
#5409=EDGE_CURVE('',#6639,#6640,#7427,.T.);
#5410=EDGE_CURVE('',#6641,#6142,#7428,.T.);
#5411=EDGE_CURVE('',#6640,#6641,#7429,.T.);
#5412=EDGE_CURVE('',#6642,#6141,#7430,.T.);
#5413=EDGE_CURVE('',#6641,#6642,#7431,.T.);
#5414=EDGE_CURVE('',#6643,#6140,#7432,.T.);
#5415=EDGE_CURVE('',#6642,#6643,#470,.T.);
#5416=EDGE_CURVE('',#6644,#6139,#7433,.T.);
#5417=EDGE_CURVE('',#6643,#6644,#958,.T.);
#5418=EDGE_CURVE('',#6645,#6138,#7434,.T.);
#5419=EDGE_CURVE('',#6644,#6645,#959,.T.);
#5420=EDGE_CURVE('',#6646,#6137,#7435,.T.);
#5421=EDGE_CURVE('',#6645,#6646,#960,.T.);
#5422=EDGE_CURVE('',#6647,#6157,#7436,.T.);
#5423=EDGE_CURVE('',#6648,#6647,#961,.T.);
#5424=EDGE_CURVE('',#6648,#6156,#7437,.T.);
#5425=EDGE_CURVE('',#6649,#6188,#7438,.T.);
#5426=EDGE_CURVE('',#6647,#6649,#962,.T.);
#5427=EDGE_CURVE('',#6650,#6187,#7439,.T.);
#5428=EDGE_CURVE('',#6649,#6650,#963,.T.);
#5429=EDGE_CURVE('',#6651,#6186,#7440,.T.);
#5430=EDGE_CURVE('',#6650,#6651,#964,.T.);
#5431=EDGE_CURVE('',#6652,#6185,#7441,.T.);
#5432=EDGE_CURVE('',#6651,#6652,#965,.T.);
#5433=EDGE_CURVE('',#6653,#6184,#7442,.T.);
#5434=EDGE_CURVE('',#6652,#6653,#966,.T.);
#5435=EDGE_CURVE('',#6654,#6183,#7443,.T.);
#5436=EDGE_CURVE('',#6653,#6654,#967,.F.);
#5437=EDGE_CURVE('',#6655,#6182,#7444,.T.);
#5438=EDGE_CURVE('',#6654,#6655,#7445,.T.);
#5439=EDGE_CURVE('',#6656,#6181,#7446,.T.);
#5440=EDGE_CURVE('',#6655,#6656,#7447,.T.);
#5441=EDGE_CURVE('',#6657,#6180,#7448,.T.);
#5442=EDGE_CURVE('',#6656,#6657,#7449,.T.);
#5443=EDGE_CURVE('',#6658,#6179,#7450,.T.);
#5444=EDGE_CURVE('',#6657,#6658,#7451,.T.);
#5445=EDGE_CURVE('',#6659,#6178,#7452,.T.);
#5446=EDGE_CURVE('',#6658,#6659,#7453,.T.);
#5447=EDGE_CURVE('',#6660,#6177,#7454,.T.);
#5448=EDGE_CURVE('',#6659,#6660,#968,.F.);
#5449=EDGE_CURVE('',#6661,#6176,#7455,.T.);
#5450=EDGE_CURVE('',#6660,#6661,#969,.F.);
#5451=EDGE_CURVE('',#6662,#6175,#7456,.T.);
#5452=EDGE_CURVE('',#6661,#6662,#970,.F.);
#5453=EDGE_CURVE('',#6663,#6174,#7457,.T.);
#5454=EDGE_CURVE('',#6662,#6663,#971,.F.);
#5455=EDGE_CURVE('',#6664,#6173,#7458,.T.);
#5456=EDGE_CURVE('',#6663,#6664,#972,.F.);
#5457=EDGE_CURVE('',#6665,#6172,#7459,.T.);
#5458=EDGE_CURVE('',#6664,#6665,#973,.F.);
#5459=EDGE_CURVE('',#6666,#6171,#7460,.T.);
#5460=EDGE_CURVE('',#6665,#6666,#974,.F.);
#5461=EDGE_CURVE('',#6667,#6170,#7461,.T.);
#5462=EDGE_CURVE('',#6666,#6667,#975,.F.);
#5463=EDGE_CURVE('',#6668,#6169,#7462,.T.);
#5464=EDGE_CURVE('',#6667,#6668,#976,.F.);
#5465=EDGE_CURVE('',#6669,#6168,#7463,.T.);
#5466=EDGE_CURVE('',#6668,#6669,#977,.F.);
#5467=EDGE_CURVE('',#6670,#6167,#7464,.T.);
#5468=EDGE_CURVE('',#6669,#6670,#978,.F.);
#5469=EDGE_CURVE('',#6671,#6166,#7465,.T.);
#5470=EDGE_CURVE('',#6670,#6671,#979,.F.);
#5471=EDGE_CURVE('',#6672,#6165,#7466,.T.);
#5472=EDGE_CURVE('',#6671,#6672,#980,.F.);
#5473=EDGE_CURVE('',#6673,#6164,#7467,.T.);
#5474=EDGE_CURVE('',#6672,#6673,#7468,.T.);
#5475=EDGE_CURVE('',#6674,#6163,#7469,.T.);
#5476=EDGE_CURVE('',#6673,#6674,#981,.T.);
#5477=EDGE_CURVE('',#6675,#6162,#7470,.T.);
#5478=EDGE_CURVE('',#6674,#6675,#982,.T.);
#5479=EDGE_CURVE('',#6676,#6161,#7471,.T.);
#5480=EDGE_CURVE('',#6675,#6676,#983,.T.);
#5481=EDGE_CURVE('',#6677,#6160,#7472,.T.);
#5482=EDGE_CURVE('',#6676,#6677,#984,.T.);
#5483=EDGE_CURVE('',#6678,#6159,#7473,.T.);
#5484=EDGE_CURVE('',#6677,#6678,#985,.T.);
#5485=EDGE_CURVE('',#6679,#6158,#7474,.T.);
#5486=EDGE_CURVE('',#6678,#6679,#986,.T.);
#5487=EDGE_CURVE('',#6680,#6190,#7475,.T.);
#5488=EDGE_CURVE('',#6681,#6680,#987,.T.);
#5489=EDGE_CURVE('',#6681,#6189,#7476,.T.);
#5490=EDGE_CURVE('',#6682,#6221,#7477,.T.);
#5491=EDGE_CURVE('',#6680,#6682,#988,.T.);
#5492=EDGE_CURVE('',#6683,#6220,#7478,.T.);
#5493=EDGE_CURVE('',#6682,#6683,#989,.T.);
#5494=EDGE_CURVE('',#6684,#6219,#7479,.T.);
#5495=EDGE_CURVE('',#6683,#6684,#990,.T.);
#5496=EDGE_CURVE('',#6685,#6218,#7480,.T.);
#5497=EDGE_CURVE('',#6684,#6685,#991,.T.);
#5498=EDGE_CURVE('',#6686,#6217,#7481,.T.);
#5499=EDGE_CURVE('',#6685,#6686,#992,.T.);
#5500=EDGE_CURVE('',#6687,#6216,#7482,.T.);
#5501=EDGE_CURVE('',#6686,#6687,#993,.F.);
#5502=EDGE_CURVE('',#6688,#6215,#7483,.T.);
#5503=EDGE_CURVE('',#6687,#6688,#7484,.T.);
#5504=EDGE_CURVE('',#6689,#6214,#7485,.T.);
#5505=EDGE_CURVE('',#6688,#6689,#7486,.T.);
#5506=EDGE_CURVE('',#6690,#6213,#7487,.T.);
#5507=EDGE_CURVE('',#6689,#6690,#7488,.T.);
#5508=EDGE_CURVE('',#6691,#6212,#7489,.T.);
#5509=EDGE_CURVE('',#6690,#6691,#7490,.T.);
#5510=EDGE_CURVE('',#6692,#6211,#7491,.T.);
#5511=EDGE_CURVE('',#6691,#6692,#7492,.T.);
#5512=EDGE_CURVE('',#6693,#6210,#7493,.T.);
#5513=EDGE_CURVE('',#6692,#6693,#994,.F.);
#5514=EDGE_CURVE('',#6694,#6209,#7494,.T.);
#5515=EDGE_CURVE('',#6693,#6694,#995,.F.);
#5516=EDGE_CURVE('',#6695,#6208,#7495,.T.);
#5517=EDGE_CURVE('',#6694,#6695,#996,.F.);
#5518=EDGE_CURVE('',#6696,#6207,#7496,.T.);
#5519=EDGE_CURVE('',#6695,#6696,#997,.F.);
#5520=EDGE_CURVE('',#6697,#6206,#7497,.T.);
#5521=EDGE_CURVE('',#6696,#6697,#998,.F.);
#5522=EDGE_CURVE('',#6698,#6205,#7498,.T.);
#5523=EDGE_CURVE('',#6697,#6698,#999,.F.);
#5524=EDGE_CURVE('',#6699,#6204,#7499,.T.);
#5525=EDGE_CURVE('',#6698,#6699,#1000,.F.);
#5526=EDGE_CURVE('',#6700,#6203,#7500,.T.);
#5527=EDGE_CURVE('',#6699,#6700,#1001,.F.);
#5528=EDGE_CURVE('',#6701,#6202,#7501,.T.);
#5529=EDGE_CURVE('',#6700,#6701,#1002,.F.);
#5530=EDGE_CURVE('',#6702,#6201,#7502,.T.);
#5531=EDGE_CURVE('',#6701,#6702,#1003,.F.);
#5532=EDGE_CURVE('',#6703,#6200,#7503,.T.);
#5533=EDGE_CURVE('',#6702,#6703,#1004,.F.);
#5534=EDGE_CURVE('',#6704,#6199,#7504,.T.);
#5535=EDGE_CURVE('',#6703,#6704,#1005,.F.);
#5536=EDGE_CURVE('',#6705,#6198,#7505,.T.);
#5537=EDGE_CURVE('',#6704,#6705,#1006,.F.);
#5538=EDGE_CURVE('',#6706,#6197,#7506,.T.);
#5539=EDGE_CURVE('',#6705,#6706,#7507,.T.);
#5540=EDGE_CURVE('',#6707,#6196,#7508,.T.);
#5541=EDGE_CURVE('',#6706,#6707,#1007,.T.);
#5542=EDGE_CURVE('',#6708,#6195,#7509,.T.);
#5543=EDGE_CURVE('',#6707,#6708,#1008,.T.);
#5544=EDGE_CURVE('',#6709,#6194,#7510,.T.);
#5545=EDGE_CURVE('',#6708,#6709,#1009,.T.);
#5546=EDGE_CURVE('',#6710,#6193,#7511,.T.);
#5547=EDGE_CURVE('',#6709,#6710,#1010,.T.);
#5548=EDGE_CURVE('',#6711,#6192,#7512,.T.);
#5549=EDGE_CURVE('',#6710,#6711,#1011,.T.);
#5550=EDGE_CURVE('',#6712,#6191,#7513,.T.);
#5551=EDGE_CURVE('',#6711,#6712,#1012,.T.);
#5552=EDGE_CURVE('',#6713,#6223,#7514,.T.);
#5553=EDGE_CURVE('',#6714,#6713,#7515,.T.);
#5554=EDGE_CURVE('',#6714,#6222,#7516,.T.);
#5555=EDGE_CURVE('',#6715,#6225,#7517,.T.);
#5556=EDGE_CURVE('',#6713,#6715,#7518,.T.);
#5557=EDGE_CURVE('',#6716,#6224,#7519,.T.);
#5558=EDGE_CURVE('',#6715,#6716,#7520,.T.);
#5559=EDGE_CURVE('',#6717,#6227,#7521,.T.);
#5560=EDGE_CURVE('',#6718,#6717,#1013,.T.);
#5561=EDGE_CURVE('',#6718,#6226,#7522,.T.);
#5562=EDGE_CURVE('',#6719,#6241,#7523,.T.);
#5563=EDGE_CURVE('',#6717,#6719,#1014,.T.);
#5564=EDGE_CURVE('',#6720,#6240,#7524,.T.);
#5565=EDGE_CURVE('',#6719,#6720,#1015,.T.);
#5566=EDGE_CURVE('',#6721,#6239,#7525,.T.);
#5567=EDGE_CURVE('',#6720,#6721,#1016,.T.);
#5568=EDGE_CURVE('',#6722,#6238,#7526,.T.);
#5569=EDGE_CURVE('',#6721,#6722,#1017,.T.);
#5570=EDGE_CURVE('',#6723,#6237,#7527,.T.);
#5571=EDGE_CURVE('',#6722,#6723,#1018,.T.);
#5572=EDGE_CURVE('',#6724,#6236,#7528,.T.);
#5573=EDGE_CURVE('',#6723,#6724,#1019,.T.);
#5574=EDGE_CURVE('',#6725,#6235,#7529,.T.);
#5575=EDGE_CURVE('',#6724,#6725,#1020,.T.);
#5576=EDGE_CURVE('',#6726,#6234,#7530,.T.);
#5577=EDGE_CURVE('',#6725,#6726,#1021,.T.);
#5578=EDGE_CURVE('',#6727,#6233,#7531,.T.);
#5579=EDGE_CURVE('',#6726,#6727,#1022,.T.);
#5580=EDGE_CURVE('',#6728,#6232,#7532,.T.);
#5581=EDGE_CURVE('',#6727,#6728,#1023,.T.);
#5582=EDGE_CURVE('',#6729,#6231,#7533,.T.);
#5583=EDGE_CURVE('',#6728,#6729,#1024,.T.);
#5584=EDGE_CURVE('',#6730,#6230,#7534,.T.);
#5585=EDGE_CURVE('',#6729,#6730,#1025,.T.);
#5586=EDGE_CURVE('',#6731,#6229,#7535,.T.);
#5587=EDGE_CURVE('',#6730,#6731,#1026,.T.);
#5588=EDGE_CURVE('',#6732,#6228,#7536,.T.);
#5589=EDGE_CURVE('',#6731,#6732,#1027,.T.);
#5590=EDGE_CURVE('',#6733,#6243,#7537,.T.);
#5591=EDGE_CURVE('',#6734,#6733,#7538,.T.);
#5592=EDGE_CURVE('',#6734,#6242,#7539,.T.);
#5593=EDGE_CURVE('',#6735,#6245,#7540,.T.);
#5594=EDGE_CURVE('',#6733,#6735,#7541,.T.);
#5595=EDGE_CURVE('',#6736,#6244,#7542,.T.);
#5596=EDGE_CURVE('',#6735,#6736,#7543,.T.);
#5597=EDGE_CURVE('',#6737,#6247,#7544,.T.);
#5598=EDGE_CURVE('',#6738,#6737,#1028,.T.);
#5599=EDGE_CURVE('',#6738,#6246,#7545,.T.);
#5600=EDGE_CURVE('',#6739,#6261,#7546,.T.);
#5601=EDGE_CURVE('',#6737,#6739,#1029,.T.);
#5602=EDGE_CURVE('',#6740,#6260,#7547,.T.);
#5603=EDGE_CURVE('',#6739,#6740,#1030,.T.);
#5604=EDGE_CURVE('',#6741,#6259,#7548,.T.);
#5605=EDGE_CURVE('',#6740,#6741,#1031,.T.);
#5606=EDGE_CURVE('',#6742,#6258,#7549,.T.);
#5607=EDGE_CURVE('',#6741,#6742,#1032,.T.);
#5608=EDGE_CURVE('',#6743,#6257,#7550,.T.);
#5609=EDGE_CURVE('',#6742,#6743,#1033,.T.);
#5610=EDGE_CURVE('',#6744,#6256,#7551,.T.);
#5611=EDGE_CURVE('',#6743,#6744,#1034,.T.);
#5612=EDGE_CURVE('',#6745,#6255,#7552,.T.);
#5613=EDGE_CURVE('',#6744,#6745,#1035,.T.);
#5614=EDGE_CURVE('',#6746,#6254,#7553,.T.);
#5615=EDGE_CURVE('',#6745,#6746,#1036,.T.);
#5616=EDGE_CURVE('',#6747,#6253,#7554,.T.);
#5617=EDGE_CURVE('',#6746,#6747,#1037,.T.);
#5618=EDGE_CURVE('',#6748,#6252,#7555,.T.);
#5619=EDGE_CURVE('',#6747,#6748,#1038,.T.);
#5620=EDGE_CURVE('',#6749,#6251,#7556,.T.);
#5621=EDGE_CURVE('',#6748,#6749,#1039,.T.);
#5622=EDGE_CURVE('',#6750,#6250,#7557,.T.);
#5623=EDGE_CURVE('',#6749,#6750,#1040,.T.);
#5624=EDGE_CURVE('',#6751,#6249,#7558,.T.);
#5625=EDGE_CURVE('',#6750,#6751,#1041,.T.);
#5626=EDGE_CURVE('',#6752,#6248,#7559,.T.);
#5627=EDGE_CURVE('',#6751,#6752,#1042,.T.);
#5628=EDGE_CURVE('',#6753,#6263,#7560,.T.);
#5629=EDGE_CURVE('',#6754,#6753,#1043,.T.);
#5630=EDGE_CURVE('',#6754,#6262,#7561,.T.);
#5631=EDGE_CURVE('',#6755,#6294,#7562,.T.);
#5632=EDGE_CURVE('',#6753,#6755,#1044,.T.);
#5633=EDGE_CURVE('',#6756,#6293,#7563,.T.);
#5634=EDGE_CURVE('',#6755,#6756,#1045,.T.);
#5635=EDGE_CURVE('',#6757,#6292,#7564,.T.);
#5636=EDGE_CURVE('',#6756,#6757,#1046,.T.);
#5637=EDGE_CURVE('',#6758,#6291,#7565,.T.);
#5638=EDGE_CURVE('',#6757,#6758,#1047,.T.);
#5639=EDGE_CURVE('',#6759,#6290,#7566,.T.);
#5640=EDGE_CURVE('',#6758,#6759,#1048,.T.);
#5641=EDGE_CURVE('',#6760,#6289,#7567,.T.);
#5642=EDGE_CURVE('',#6759,#6760,#1049,.F.);
#5643=EDGE_CURVE('',#6761,#6288,#7568,.T.);
#5644=EDGE_CURVE('',#6760,#6761,#7569,.T.);
#5645=EDGE_CURVE('',#6762,#6287,#7570,.T.);
#5646=EDGE_CURVE('',#6761,#6762,#7571,.T.);
#5647=EDGE_CURVE('',#6763,#6286,#7572,.T.);
#5648=EDGE_CURVE('',#6762,#6763,#7573,.T.);
#5649=EDGE_CURVE('',#6764,#6285,#7574,.T.);
#5650=EDGE_CURVE('',#6763,#6764,#7575,.T.);
#5651=EDGE_CURVE('',#6765,#6284,#7576,.T.);
#5652=EDGE_CURVE('',#6764,#6765,#7577,.T.);
#5653=EDGE_CURVE('',#6766,#6283,#7578,.T.);
#5654=EDGE_CURVE('',#6765,#6766,#1050,.F.);
#5655=EDGE_CURVE('',#6767,#6282,#7579,.T.);
#5656=EDGE_CURVE('',#6766,#6767,#1051,.F.);
#5657=EDGE_CURVE('',#6768,#6281,#7580,.T.);
#5658=EDGE_CURVE('',#6767,#6768,#1052,.F.);
#5659=EDGE_CURVE('',#6769,#6280,#7581,.T.);
#5660=EDGE_CURVE('',#6768,#6769,#1053,.F.);
#5661=EDGE_CURVE('',#6770,#6279,#7582,.T.);
#5662=EDGE_CURVE('',#6769,#6770,#1054,.F.);
#5663=EDGE_CURVE('',#6771,#6278,#7583,.T.);
#5664=EDGE_CURVE('',#6770,#6771,#1055,.F.);
#5665=EDGE_CURVE('',#6772,#6277,#7584,.T.);
#5666=EDGE_CURVE('',#6771,#6772,#1056,.F.);
#5667=EDGE_CURVE('',#6773,#6276,#7585,.T.);
#5668=EDGE_CURVE('',#6772,#6773,#1057,.F.);
#5669=EDGE_CURVE('',#6774,#6275,#7586,.T.);
#5670=EDGE_CURVE('',#6773,#6774,#1058,.F.);
#5671=EDGE_CURVE('',#6775,#6274,#7587,.T.);
#5672=EDGE_CURVE('',#6774,#6775,#1059,.F.);
#5673=EDGE_CURVE('',#6776,#6273,#7588,.T.);
#5674=EDGE_CURVE('',#6775,#6776,#1060,.F.);
#5675=EDGE_CURVE('',#6777,#6272,#7589,.T.);
#5676=EDGE_CURVE('',#6776,#6777,#1061,.F.);
#5677=EDGE_CURVE('',#6778,#6271,#7590,.T.);
#5678=EDGE_CURVE('',#6777,#6778,#1062,.F.);
#5679=EDGE_CURVE('',#6779,#6270,#7591,.T.);
#5680=EDGE_CURVE('',#6778,#6779,#7592,.T.);
#5681=EDGE_CURVE('',#6780,#6269,#7593,.T.);
#5682=EDGE_CURVE('',#6779,#6780,#1063,.T.);
#5683=EDGE_CURVE('',#6781,#6268,#7594,.T.);
#5684=EDGE_CURVE('',#6780,#6781,#1064,.T.);
#5685=EDGE_CURVE('',#6782,#6267,#7595,.T.);
#5686=EDGE_CURVE('',#6781,#6782,#1065,.T.);
#5687=EDGE_CURVE('',#6783,#6266,#7596,.T.);
#5688=EDGE_CURVE('',#6782,#6783,#1066,.T.);
#5689=EDGE_CURVE('',#6784,#6265,#7597,.T.);
#5690=EDGE_CURVE('',#6783,#6784,#1067,.T.);
#5691=EDGE_CURVE('',#6785,#6264,#7598,.T.);
#5692=EDGE_CURVE('',#6784,#6785,#1068,.T.);
#5693=EDGE_CURVE('',#6296,#6298,#7599,.T.);
#5694=EDGE_CURVE('',#6300,#6302,#7600,.T.);
#5695=EDGE_CURVE('',#6304,#6306,#7601,.T.);
#5696=EDGE_CURVE('',#5817,#6786,#7602,.F.);
#5697=EDGE_CURVE('',#6786,#6310,#7603,.T.);
#5698=EDGE_CURVE('',#6312,#6314,#7604,.T.);
#5699=EDGE_CURVE('',#6316,#6318,#7605,.T.);
#5700=EDGE_CURVE('',#6320,#6323,#7606,.T.);
#5701=EDGE_CURVE('',#6325,#6327,#7607,.T.);
#5702=EDGE_CURVE('',#6329,#6331,#7608,.T.);
#5703=EDGE_CURVE('',#6364,#6333,#1069,.T.);
#5704=EDGE_CURVE('',#6393,#6366,#471,.T.);
#5705=EDGE_CURVE('',#6404,#6395,#7609,.T.);
#5706=EDGE_CURVE('',#6428,#6406,#1070,.T.);
#5707=EDGE_CURVE('',#6449,#6430,#1071,.T.);
#5708=EDGE_CURVE('',#6459,#6451,#7610,.T.);
#5709=EDGE_CURVE('',#6504,#6461,#1072,.T.);
#5710=EDGE_CURVE('',#6520,#6506,#472,.T.);
#5711=EDGE_CURVE('',#6528,#6522,#7611,.T.);
#5712=EDGE_CURVE('',#6536,#6530,#7612,.T.);
#5713=EDGE_CURVE('',#6558,#6538,#7613,.T.);
#5714=EDGE_CURVE('',#6574,#6560,#1073,.T.);
#5715=EDGE_CURVE('',#6599,#6576,#7614,.T.);
#5716=EDGE_CURVE('',#6625,#6601,#1074,.T.);
#5717=EDGE_CURVE('',#6646,#6627,#1075,.T.);
#5718=EDGE_CURVE('',#6679,#6648,#1076,.T.);
#5719=EDGE_CURVE('',#6712,#6681,#1077,.T.);
#5720=EDGE_CURVE('',#6716,#6714,#7615,.T.);
#5721=EDGE_CURVE('',#6732,#6718,#1078,.T.);
#5722=EDGE_CURVE('',#6736,#6734,#7616,.T.);
#5723=EDGE_CURVE('',#6752,#6738,#1079,.T.);
#5724=EDGE_CURVE('',#6785,#6754,#1080,.T.);
#5725=EDGE_CURVE('',#6787,#6788,#7617,.T.);
#5726=EDGE_CURVE('',#6788,#6789,#7618,.T.);
#5727=EDGE_CURVE('',#6789,#6790,#7619,.F.);
#5728=EDGE_CURVE('',#6790,#6787,#7620,.F.);
#5729=EDGE_CURVE('',#6791,#6791,#1081,.T.);
#5730=EDGE_CURVE('',#6792,#6792,#1082,.T.);
#5731=EDGE_CURVE('',#6793,#6793,#1083,.T.);
#5732=EDGE_CURVE('',#6794,#6794,#1084,.T.);
#5733=EDGE_CURVE('',#6319,#6321,#1085,.F.);
#5734=EDGE_CURVE('',#6786,#6308,#1086,.F.);
#5735=EDGE_CURVE('',#6795,#6796,#7621,.T.);
#5736=EDGE_CURVE('',#6796,#6797,#7622,.T.);
#5737=EDGE_CURVE('',#6797,#6798,#7623,.F.);
#5738=EDGE_CURVE('',#6798,#6795,#7624,.F.);
#5739=EDGE_CURVE('',#6799,#6800,#7625,.T.);
#5740=EDGE_CURVE('',#6800,#6801,#7626,.F.);
#5741=EDGE_CURVE('',#6801,#6802,#7627,.F.);
#5742=EDGE_CURVE('',#6802,#6799,#7628,.T.);
#5743=EDGE_CURVE('',#6803,#6804,#7629,.T.);
#5744=EDGE_CURVE('',#6804,#6805,#7630,.F.);
#5745=EDGE_CURVE('',#6805,#6806,#7631,.F.);
#5746=EDGE_CURVE('',#6806,#6803,#7632,.T.);
#5747=EDGE_CURVE('',#6807,#6807,#1087,.T.);
#5748=EDGE_CURVE('',#6808,#6808,#1088,.T.);
#5749=EDGE_CURVE('',#6809,#6809,#1089,.T.);
#5750=EDGE_CURVE('',#6810,#6811,#7633,.T.);
#5751=EDGE_CURVE('',#6811,#6812,#7634,.F.);
#5752=EDGE_CURVE('',#6812,#6813,#7635,.F.);
#5753=EDGE_CURVE('',#6813,#6810,#7636,.T.);
#5754=EDGE_CURVE('',#6814,#6814,#1090,.T.);
#5755=EDGE_CURVE('',#6790,#5792,#1091,.F.);
#5756=EDGE_CURVE('',#5791,#6787,#1092,.T.);
#5757=EDGE_CURVE('',#6805,#6788,#1093,.T.);
#5758=EDGE_CURVE('',#6787,#6806,#1094,.F.);
#5759=EDGE_CURVE('',#6789,#6796,#1095,.F.);
#5760=EDGE_CURVE('',#6795,#6790,#1096,.T.);
#5761=EDGE_CURVE('',#6801,#6789,#1097,.T.);
#5762=EDGE_CURVE('',#6788,#6802,#1098,.F.);
#5763=EDGE_CURVE('',#5797,#5788,#7637,.T.);
#5764=EDGE_CURVE('',#5796,#5787,#7638,.T.);
#5765=EDGE_CURVE('',#5798,#5790,#7639,.T.);
#5766=EDGE_CURVE('',#5795,#5789,#7640,.T.);
#5767=EDGE_CURVE('',#6806,#5791,#1099,.T.);
#5768=EDGE_CURVE('',#6803,#5794,#1100,.T.);
#5769=EDGE_CURVE('',#5792,#6795,#1101,.T.);
#5770=EDGE_CURVE('',#6803,#6813,#1102,.F.);
#5771=EDGE_CURVE('',#6813,#5794,#1103,.F.);
#5772=EDGE_CURVE('',#6802,#6805,#1104,.T.);
#5773=EDGE_CURVE('',#5793,#6798,#1105,.T.);
#5774=EDGE_CURVE('',#6810,#5793,#1106,.T.);
#5775=EDGE_CURVE('',#6804,#6812,#1107,.T.);
#5776=EDGE_CURVE('',#6799,#6804,#1108,.T.);
#5777=EDGE_CURVE('',#6810,#6798,#1109,.F.);
#5778=EDGE_CURVE('',#6799,#6812,#1110,.F.);
#5779=EDGE_CURVE('',#6811,#6797,#1111,.T.);
#5780=EDGE_CURVE('',#6800,#6811,#1112,.T.);
#5781=EDGE_CURVE('',#6800,#6797,#1113,.F.);
#5782=EDGE_CURVE('',#6801,#6796,#1114,.T.);
#5783=VERTEX_POINT('',#14608);
#5784=VERTEX_POINT('',#14609);
#5785=VERTEX_POINT('',#14611);
#5786=VERTEX_POINT('',#14613);
#5787=VERTEX_POINT('',#14616);
#5788=VERTEX_POINT('',#14617);
#5789=VERTEX_POINT('',#14619);
#5790=VERTEX_POINT('',#14621);
#5791=VERTEX_POINT('',#14625);
#5792=VERTEX_POINT('',#14626);
#5793=VERTEX_POINT('',#14628);
#5794=VERTEX_POINT('',#14630);
#5795=VERTEX_POINT('',#14633);
#5796=VERTEX_POINT('',#14634);
#5797=VERTEX_POINT('',#14636);
#5798=VERTEX_POINT('',#14638);
#5799=VERTEX_POINT('',#14642);
#5800=VERTEX_POINT('',#14644);
#5801=VERTEX_POINT('',#14648);
#5802=VERTEX_POINT('',#14650);
#5803=VERTEX_POINT('',#14658);
#5804=VERTEX_POINT('',#14659);
#5805=VERTEX_POINT('',#14661);
#5806=VERTEX_POINT('',#14663);
#5807=VERTEX_POINT('',#14666);
#5808=VERTEX_POINT('',#14667);
#5809=VERTEX_POINT('',#14669);
#5810=VERTEX_POINT('',#14671);
#5811=VERTEX_POINT('',#14674);
#5812=VERTEX_POINT('',#14675);
#5813=VERTEX_POINT('',#14677);
#5814=VERTEX_POINT('',#14679);
#5815=VERTEX_POINT('',#14682);
#5816=VERTEX_POINT('',#14683);
#5817=VERTEX_POINT('',#14685);
#5818=VERTEX_POINT('',#14687);
#5819=VERTEX_POINT('',#14689);
#5820=VERTEX_POINT('',#14692);
#5821=VERTEX_POINT('',#14693);
#5822=VERTEX_POINT('',#14695);
#5823=VERTEX_POINT('',#14697);
#5824=VERTEX_POINT('',#14700);
#5825=VERTEX_POINT('',#14701);
#5826=VERTEX_POINT('',#14703);
#5827=VERTEX_POINT('',#14705);
#5828=VERTEX_POINT('',#14708);
#5829=VERTEX_POINT('',#14709);
#5830=VERTEX_POINT('',#14711);
#5831=VERTEX_POINT('',#14713);
#5832=VERTEX_POINT('',#14715);
#5833=VERTEX_POINT('',#14718);
#5834=VERTEX_POINT('',#14719);
#5835=VERTEX_POINT('',#14721);
#5836=VERTEX_POINT('',#14723);
#5837=VERTEX_POINT('',#14726);
#5838=VERTEX_POINT('',#14727);
#5839=VERTEX_POINT('',#14729);
#5840=VERTEX_POINT('',#14731);
#5841=VERTEX_POINT('',#14734);
#5842=VERTEX_POINT('',#14735);
#5843=VERTEX_POINT('',#14737);
#5844=VERTEX_POINT('',#14739);
#5845=VERTEX_POINT('',#14741);
#5846=VERTEX_POINT('',#14743);
#5847=VERTEX_POINT('',#14745);
#5848=VERTEX_POINT('',#14747);
#5849=VERTEX_POINT('',#14749);
#5850=VERTEX_POINT('',#14751);
#5851=VERTEX_POINT('',#14753);
#5852=VERTEX_POINT('',#14755);
#5853=VERTEX_POINT('',#14757);
#5854=VERTEX_POINT('',#14759);
#5855=VERTEX_POINT('',#14761);
#5856=VERTEX_POINT('',#14763);
#5857=VERTEX_POINT('',#14765);
#5858=VERTEX_POINT('',#14767);
#5859=VERTEX_POINT('',#14769);
#5860=VERTEX_POINT('',#14771);
#5861=VERTEX_POINT('',#14773);
#5862=VERTEX_POINT('',#14775);
#5863=VERTEX_POINT('',#14777);
#5864=VERTEX_POINT('',#14779);
#5865=VERTEX_POINT('',#14781);
#5866=VERTEX_POINT('',#14783);
#5867=VERTEX_POINT('',#14785);
#5868=VERTEX_POINT('',#14787);
#5869=VERTEX_POINT('',#14789);
#5870=VERTEX_POINT('',#14791);
#5871=VERTEX_POINT('',#14793);
#5872=VERTEX_POINT('',#14795);
#5873=VERTEX_POINT('',#14797);
#5874=VERTEX_POINT('',#14800);
#5875=VERTEX_POINT('',#14801);
#5876=VERTEX_POINT('',#14805);
#5877=VERTEX_POINT('',#14807);
#5878=VERTEX_POINT('',#14809);
#5879=VERTEX_POINT('',#14811);
#5880=VERTEX_POINT('',#14813);
#5881=VERTEX_POINT('',#14815);
#5882=VERTEX_POINT('',#14817);
#5883=VERTEX_POINT('',#14819);
#5884=VERTEX_POINT('',#14821);
#5885=VERTEX_POINT('',#14823);
#5886=VERTEX_POINT('',#14825);
#5887=VERTEX_POINT('',#14827);
#5888=VERTEX_POINT('',#14829);
#5889=VERTEX_POINT('',#14831);
#5890=VERTEX_POINT('',#14835);
#5891=VERTEX_POINT('',#14839);
#5892=VERTEX_POINT('',#14841);
#5893=VERTEX_POINT('',#14843);
#5894=VERTEX_POINT('',#14845);
#5895=VERTEX_POINT('',#14847);
#5896=VERTEX_POINT('',#14849);
#5897=VERTEX_POINT('',#14851);
#5898=VERTEX_POINT('',#14853);
#5899=VERTEX_POINT('',#14857);
#5900=VERTEX_POINT('',#14859);
#5901=VERTEX_POINT('',#14861);
#5902=VERTEX_POINT('',#14863);
#5903=VERTEX_POINT('',#14866);
#5904=VERTEX_POINT('',#14867);
#5905=VERTEX_POINT('',#14869);
#5906=VERTEX_POINT('',#14871);
#5907=VERTEX_POINT('',#14873);
#5908=VERTEX_POINT('',#14875);
#5909=VERTEX_POINT('',#14877);
#5910=VERTEX_POINT('',#14879);
#5911=VERTEX_POINT('',#14881);
#5912=VERTEX_POINT('',#14883);
#5913=VERTEX_POINT('',#14885);
#5914=VERTEX_POINT('',#14888);
#5915=VERTEX_POINT('',#14889);
#5916=VERTEX_POINT('',#14891);
#5917=VERTEX_POINT('',#14893);
#5918=VERTEX_POINT('',#14895);
#5919=VERTEX_POINT('',#14897);
#5920=VERTEX_POINT('',#14899);
#5921=VERTEX_POINT('',#14901);
#5922=VERTEX_POINT('',#14903);
#5923=VERTEX_POINT('',#14907);
#5924=VERTEX_POINT('',#14909);
#5925=VERTEX_POINT('',#14911);
#5926=VERTEX_POINT('',#14913);
#5927=VERTEX_POINT('',#14915);
#5928=VERTEX_POINT('',#14917);
#5929=VERTEX_POINT('',#14919);
#5930=VERTEX_POINT('',#14921);
#5931=VERTEX_POINT('',#14923);
#5932=VERTEX_POINT('',#14925);
#5933=VERTEX_POINT('',#14927);
#5934=VERTEX_POINT('',#14929);
#5935=VERTEX_POINT('',#14931);
#5936=VERTEX_POINT('',#14933);
#5937=VERTEX_POINT('',#14935);
#5938=VERTEX_POINT('',#14940);
#5939=VERTEX_POINT('',#14941);
#5940=VERTEX_POINT('',#14943);
#5941=VERTEX_POINT('',#14945);
#5942=VERTEX_POINT('',#14947);
#5943=VERTEX_POINT('',#14951);
#5944=VERTEX_POINT('',#14953);
#5945=VERTEX_POINT('',#14955);
#5946=VERTEX_POINT('',#14957);
#5947=VERTEX_POINT('',#14959);
#5948=VERTEX_POINT('',#14961);
#5949=VERTEX_POINT('',#14963);
#5950=VERTEX_POINT('',#14965);
#5951=VERTEX_POINT('',#14967);
#5952=VERTEX_POINT('',#14969);
#5953=VERTEX_POINT('',#14971);
#5954=VERTEX_POINT('',#14973);
#5955=VERTEX_POINT('',#14977);
#5956=VERTEX_POINT('',#14981);
#5957=VERTEX_POINT('',#14983);
#5958=VERTEX_POINT('',#14985);
#5959=VERTEX_POINT('',#14988);
#5960=VERTEX_POINT('',#14989);
#5961=VERTEX_POINT('',#14991);
#5962=VERTEX_POINT('',#14993);
#5963=VERTEX_POINT('',#14995);
#5964=VERTEX_POINT('',#14997);
#5965=VERTEX_POINT('',#14999);
#5966=VERTEX_POINT('',#15001);
#5967=VERTEX_POINT('',#15003);
#5968=VERTEX_POINT('',#15005);
#5969=VERTEX_POINT('',#15010);
#5970=VERTEX_POINT('',#15011);
#5971=VERTEX_POINT('',#15013);
#5972=VERTEX_POINT('',#15015);
#5973=VERTEX_POINT('',#15017);
#5974=VERTEX_POINT('',#15019);
#5975=VERTEX_POINT('',#15023);
#5976=VERTEX_POINT('',#15025);
#5977=VERTEX_POINT('',#15027);
#5978=VERTEX_POINT('',#15029);
#5979=VERTEX_POINT('',#15031);
#5980=VERTEX_POINT('',#15033);
#5981=VERTEX_POINT('',#15035);
#5982=VERTEX_POINT('',#15037);
#5983=VERTEX_POINT('',#15039);
#5984=VERTEX_POINT('',#15041);
#5985=VERTEX_POINT('',#15043);
#5986=VERTEX_POINT('',#15045);
#5987=VERTEX_POINT('',#15047);
#5988=VERTEX_POINT('',#15051);
#5989=VERTEX_POINT('',#15053);
#5990=VERTEX_POINT('',#15055);
#5991=VERTEX_POINT('',#15057);
#5992=VERTEX_POINT('',#15059);
#5993=VERTEX_POINT('',#15063);
#5994=VERTEX_POINT('',#15067);
#5995=VERTEX_POINT('',#15069);
#5996=VERTEX_POINT('',#15071);
#5997=VERTEX_POINT('',#15073);
#5998=VERTEX_POINT('',#15075);
#5999=VERTEX_POINT('',#15077);
#6000=VERTEX_POINT('',#15081);
#6001=VERTEX_POINT('',#15085);
#6002=VERTEX_POINT('',#15087);
#6003=VERTEX_POINT('',#15089);
#6004=VERTEX_POINT('',#15091);
#6005=VERTEX_POINT('',#15093);
#6006=VERTEX_POINT('',#15095);
#6007=VERTEX_POINT('',#15097);
#6008=VERTEX_POINT('',#15099);
#6009=VERTEX_POINT('',#15101);
#6010=VERTEX_POINT('',#15103);
#6011=VERTEX_POINT('',#15107);
#6012=VERTEX_POINT('',#15109);
#6013=VERTEX_POINT('',#15111);
#6014=VERTEX_POINT('',#15116);
#6015=VERTEX_POINT('',#15117);
#6016=VERTEX_POINT('',#15121);
#6017=VERTEX_POINT('',#15123);
#6018=VERTEX_POINT('',#15125);
#6019=VERTEX_POINT('',#15127);
#6020=VERTEX_POINT('',#15129);
#6021=VERTEX_POINT('',#15133);
#6022=VERTEX_POINT('',#15137);
#6023=VERTEX_POINT('',#15141);
#6024=VERTEX_POINT('',#15145);
#6025=VERTEX_POINT('',#15147);
#6026=VERTEX_POINT('',#15149);
#6027=VERTEX_POINT('',#15151);
#6028=VERTEX_POINT('',#15153);
#6029=VERTEX_POINT('',#15157);
#6030=VERTEX_POINT('',#15162);
#6031=VERTEX_POINT('',#15163);
#6032=VERTEX_POINT('',#15165);
#6033=VERTEX_POINT('',#15167);
#6034=VERTEX_POINT('',#15169);
#6035=VERTEX_POINT('',#15171);
#6036=VERTEX_POINT('',#15173);
#6037=VERTEX_POINT('',#15175);
#6038=VERTEX_POINT('',#15178);
#6039=VERTEX_POINT('',#15179);
#6040=VERTEX_POINT('',#15181);
#6041=VERTEX_POINT('',#15183);
#6042=VERTEX_POINT('',#15185);
#6043=VERTEX_POINT('',#15187);
#6044=VERTEX_POINT('',#15189);
#6045=VERTEX_POINT('',#15191);
#6046=VERTEX_POINT('',#15194);
#6047=VERTEX_POINT('',#15195);
#6048=VERTEX_POINT('',#15197);
#6049=VERTEX_POINT('',#15201);
#6050=VERTEX_POINT('',#15205);
#6051=VERTEX_POINT('',#15209);
#6052=VERTEX_POINT('',#15211);
#6053=VERTEX_POINT('',#15213);
#6054=VERTEX_POINT('',#15217);
#6055=VERTEX_POINT('',#15221);
#6056=VERTEX_POINT('',#15225);
#6057=VERTEX_POINT('',#15227);
#6058=VERTEX_POINT('',#15229);
#6059=VERTEX_POINT('',#15231);
#6060=VERTEX_POINT('',#15235);
#6061=VERTEX_POINT('',#15239);
#6062=VERTEX_POINT('',#15241);
#6063=VERTEX_POINT('',#15245);
#6064=VERTEX_POINT('',#15249);
#6065=VERTEX_POINT('',#15251);
#6066=VERTEX_POINT('',#15255);
#6067=VERTEX_POINT('',#15259);
#6068=VERTEX_POINT('',#15262);
#6069=VERTEX_POINT('',#15263);
#6070=VERTEX_POINT('',#15265);
#6071=VERTEX_POINT('',#15267);
#6072=VERTEX_POINT('',#15269);
#6073=VERTEX_POINT('',#15271);
#6074=VERTEX_POINT('',#15273);
#6075=VERTEX_POINT('',#15275);
#6076=VERTEX_POINT('',#15277);
#6077=VERTEX_POINT('',#15279);
#6078=VERTEX_POINT('',#15281);
#6079=VERTEX_POINT('',#15283);
#6080=VERTEX_POINT('',#15285);
#6081=VERTEX_POINT('',#15287);
#6082=VERTEX_POINT('',#15289);
#6083=VERTEX_POINT('',#15291);
#6084=VERTEX_POINT('',#15294);
#6085=VERTEX_POINT('',#15295);
#6086=VERTEX_POINT('',#15297);
#6087=VERTEX_POINT('',#15299);
#6088=VERTEX_POINT('',#15301);
#6089=VERTEX_POINT('',#15303);
#6090=VERTEX_POINT('',#15305);
#6091=VERTEX_POINT('',#15307);
#6092=VERTEX_POINT('',#15309);
#6093=VERTEX_POINT('',#15311);
#6094=VERTEX_POINT('',#15313);
#6095=VERTEX_POINT('',#15315);
#6096=VERTEX_POINT('',#15317);
#6097=VERTEX_POINT('',#15319);
#6098=VERTEX_POINT('',#15321);
#6099=VERTEX_POINT('',#15325);
#6100=VERTEX_POINT('',#15327);
#6101=VERTEX_POINT('',#15329);
#6102=VERTEX_POINT('',#15331);
#6103=VERTEX_POINT('',#15333);
#6104=VERTEX_POINT('',#15335);
#6105=VERTEX_POINT('',#15337);
#6106=VERTEX_POINT('',#15339);
#6107=VERTEX_POINT('',#15341);
#6108=VERTEX_POINT('',#15343);
#6109=VERTEX_POINT('',#15348);
#6110=VERTEX_POINT('',#15349);
#6111=VERTEX_POINT('',#15351);
#6112=VERTEX_POINT('',#15353);
#6113=VERTEX_POINT('',#15355);
#6114=VERTEX_POINT('',#15357);
#6115=VERTEX_POINT('',#15359);
#6116=VERTEX_POINT('',#15363);
#6117=VERTEX_POINT('',#15365);
#6118=VERTEX_POINT('',#15367);
#6119=VERTEX_POINT('',#15369);
#6120=VERTEX_POINT('',#15371);
#6121=VERTEX_POINT('',#15373);
#6122=VERTEX_POINT('',#15375);
#6123=VERTEX_POINT('',#15377);
#6124=VERTEX_POINT('',#15379);
#6125=VERTEX_POINT('',#15381);
#6126=VERTEX_POINT('',#15383);
#6127=VERTEX_POINT('',#15385);
#6128=VERTEX_POINT('',#15387);
#6129=VERTEX_POINT('',#15389);
#6130=VERTEX_POINT('',#15393);
#6131=VERTEX_POINT('',#15395);
#6132=VERTEX_POINT('',#15397);
#6133=VERTEX_POINT('',#15399);
#6134=VERTEX_POINT('',#15401);
#6135=VERTEX_POINT('',#15404);
#6136=VERTEX_POINT('',#15405);
#6137=VERTEX_POINT('',#15407);
#6138=VERTEX_POINT('',#15409);
#6139=VERTEX_POINT('',#15411);
#6140=VERTEX_POINT('',#15413);
#6141=VERTEX_POINT('',#15417);
#6142=VERTEX_POINT('',#15419);
#6143=VERTEX_POINT('',#15421);
#6144=VERTEX_POINT('',#15423);
#6145=VERTEX_POINT('',#15425);
#6146=VERTEX_POINT('',#15427);
#6147=VERTEX_POINT('',#15429);
#6148=VERTEX_POINT('',#15433);
#6149=VERTEX_POINT('',#15435);
#6150=VERTEX_POINT('',#15437);
#6151=VERTEX_POINT('',#15439);
#6152=VERTEX_POINT('',#15443);
#6153=VERTEX_POINT('',#15445);
#6154=VERTEX_POINT('',#15447);
#6155=VERTEX_POINT('',#15449);
#6156=VERTEX_POINT('',#15452);
#6157=VERTEX_POINT('',#15453);
#6158=VERTEX_POINT('',#15455);
#6159=VERTEX_POINT('',#15457);
#6160=VERTEX_POINT('',#15459);
#6161=VERTEX_POINT('',#15461);
#6162=VERTEX_POINT('',#15463);
#6163=VERTEX_POINT('',#15465);
#6164=VERTEX_POINT('',#15467);
#6165=VERTEX_POINT('',#15469);
#6166=VERTEX_POINT('',#15471);
#6167=VERTEX_POINT('',#15473);
#6168=VERTEX_POINT('',#15475);
#6169=VERTEX_POINT('',#15477);
#6170=VERTEX_POINT('',#15479);
#6171=VERTEX_POINT('',#15481);
#6172=VERTEX_POINT('',#15483);
#6173=VERTEX_POINT('',#15485);
#6174=VERTEX_POINT('',#15487);
#6175=VERTEX_POINT('',#15489);
#6176=VERTEX_POINT('',#15491);
#6177=VERTEX_POINT('',#15493);
#6178=VERTEX_POINT('',#15495);
#6179=VERTEX_POINT('',#15497);
#6180=VERTEX_POINT('',#15499);
#6181=VERTEX_POINT('',#15501);
#6182=VERTEX_POINT('',#15503);
#6183=VERTEX_POINT('',#15505);
#6184=VERTEX_POINT('',#15507);
#6185=VERTEX_POINT('',#15509);
#6186=VERTEX_POINT('',#15511);
#6187=VERTEX_POINT('',#15513);
#6188=VERTEX_POINT('',#15515);
#6189=VERTEX_POINT('',#15518);
#6190=VERTEX_POINT('',#15519);
#6191=VERTEX_POINT('',#15521);
#6192=VERTEX_POINT('',#15523);
#6193=VERTEX_POINT('',#15525);
#6194=VERTEX_POINT('',#15527);
#6195=VERTEX_POINT('',#15529);
#6196=VERTEX_POINT('',#15531);
#6197=VERTEX_POINT('',#15533);
#6198=VERTEX_POINT('',#15535);
#6199=VERTEX_POINT('',#15537);
#6200=VERTEX_POINT('',#15539);
#6201=VERTEX_POINT('',#15541);
#6202=VERTEX_POINT('',#15543);
#6203=VERTEX_POINT('',#15545);
#6204=VERTEX_POINT('',#15547);
#6205=VERTEX_POINT('',#15549);
#6206=VERTEX_POINT('',#15551);
#6207=VERTEX_POINT('',#15553);
#6208=VERTEX_POINT('',#15555);
#6209=VERTEX_POINT('',#15557);
#6210=VERTEX_POINT('',#15559);
#6211=VERTEX_POINT('',#15561);
#6212=VERTEX_POINT('',#15563);
#6213=VERTEX_POINT('',#15565);
#6214=VERTEX_POINT('',#15567);
#6215=VERTEX_POINT('',#15569);
#6216=VERTEX_POINT('',#15571);
#6217=VERTEX_POINT('',#15573);
#6218=VERTEX_POINT('',#15575);
#6219=VERTEX_POINT('',#15577);
#6220=VERTEX_POINT('',#15579);
#6221=VERTEX_POINT('',#15581);
#6222=VERTEX_POINT('',#15584);
#6223=VERTEX_POINT('',#15585);
#6224=VERTEX_POINT('',#15587);
#6225=VERTEX_POINT('',#15589);
#6226=VERTEX_POINT('',#15592);
#6227=VERTEX_POINT('',#15593);
#6228=VERTEX_POINT('',#15595);
#6229=VERTEX_POINT('',#15597);
#6230=VERTEX_POINT('',#15599);
#6231=VERTEX_POINT('',#15601);
#6232=VERTEX_POINT('',#15603);
#6233=VERTEX_POINT('',#15605);
#6234=VERTEX_POINT('',#15607);
#6235=VERTEX_POINT('',#15609);
#6236=VERTEX_POINT('',#15611);
#6237=VERTEX_POINT('',#15613);
#6238=VERTEX_POINT('',#15615);
#6239=VERTEX_POINT('',#15617);
#6240=VERTEX_POINT('',#15619);
#6241=VERTEX_POINT('',#15621);
#6242=VERTEX_POINT('',#15624);
#6243=VERTEX_POINT('',#15625);
#6244=VERTEX_POINT('',#15627);
#6245=VERTEX_POINT('',#15629);
#6246=VERTEX_POINT('',#15632);
#6247=VERTEX_POINT('',#15633);
#6248=VERTEX_POINT('',#15635);
#6249=VERTEX_POINT('',#15637);
#6250=VERTEX_POINT('',#15639);
#6251=VERTEX_POINT('',#15641);
#6252=VERTEX_POINT('',#15643);
#6253=VERTEX_POINT('',#15645);
#6254=VERTEX_POINT('',#15647);
#6255=VERTEX_POINT('',#15649);
#6256=VERTEX_POINT('',#15651);
#6257=VERTEX_POINT('',#15653);
#6258=VERTEX_POINT('',#15655);
#6259=VERTEX_POINT('',#15657);
#6260=VERTEX_POINT('',#15659);
#6261=VERTEX_POINT('',#15661);
#6262=VERTEX_POINT('',#15664);
#6263=VERTEX_POINT('',#15665);
#6264=VERTEX_POINT('',#15667);
#6265=VERTEX_POINT('',#15669);
#6266=VERTEX_POINT('',#15671);
#6267=VERTEX_POINT('',#15673);
#6268=VERTEX_POINT('',#15675);
#6269=VERTEX_POINT('',#15677);
#6270=VERTEX_POINT('',#15679);
#6271=VERTEX_POINT('',#15681);
#6272=VERTEX_POINT('',#15683);
#6273=VERTEX_POINT('',#15685);
#6274=VERTEX_POINT('',#15687);
#6275=VERTEX_POINT('',#15689);
#6276=VERTEX_POINT('',#15691);
#6277=VERTEX_POINT('',#15693);
#6278=VERTEX_POINT('',#15695);
#6279=VERTEX_POINT('',#15697);
#6280=VERTEX_POINT('',#15699);
#6281=VERTEX_POINT('',#15701);
#6282=VERTEX_POINT('',#15703);
#6283=VERTEX_POINT('',#15705);
#6284=VERTEX_POINT('',#15707);
#6285=VERTEX_POINT('',#15709);
#6286=VERTEX_POINT('',#15711);
#6287=VERTEX_POINT('',#15713);
#6288=VERTEX_POINT('',#15715);
#6289=VERTEX_POINT('',#15717);
#6290=VERTEX_POINT('',#15719);
#6291=VERTEX_POINT('',#15721);
#6292=VERTEX_POINT('',#15723);
#6293=VERTEX_POINT('',#15725);
#6294=VERTEX_POINT('',#15727);
#6295=VERTEX_POINT('',#15731);
#6296=VERTEX_POINT('',#15733);
#6297=VERTEX_POINT('',#15737);
#6298=VERTEX_POINT('',#15741);
#6299=VERTEX_POINT('',#15745);
#6300=VERTEX_POINT('',#15747);
#6301=VERTEX_POINT('',#15751);
#6302=VERTEX_POINT('',#15755);
#6303=VERTEX_POINT('',#15759);
#6304=VERTEX_POINT('',#15761);
#6305=VERTEX_POINT('',#15765);
#6306=VERTEX_POINT('',#15769);
#6307=VERTEX_POINT('',#15773);
#6308=VERTEX_POINT('',#15774);
#6309=VERTEX_POINT('',#15779);
#6310=VERTEX_POINT('',#15783);
#6311=VERTEX_POINT('',#15787);
#6312=VERTEX_POINT('',#15789);
#6313=VERTEX_POINT('',#15793);
#6314=VERTEX_POINT('',#15797);
#6315=VERTEX_POINT('',#15801);
#6316=VERTEX_POINT('',#15803);
#6317=VERTEX_POINT('',#15807);
#6318=VERTEX_POINT('',#15811);
#6319=VERTEX_POINT('',#15815);
#6320=VERTEX_POINT('',#15817);
#6321=VERTEX_POINT('',#15821);
#6322=VERTEX_POINT('',#15822);
#6323=VERTEX_POINT('',#15827);
#6324=VERTEX_POINT('',#15831);
#6325=VERTEX_POINT('',#15833);
#6326=VERTEX_POINT('',#15837);
#6327=VERTEX_POINT('',#15841);
#6328=VERTEX_POINT('',#15845);
#6329=VERTEX_POINT('',#15847);
#6330=VERTEX_POINT('',#15851);
#6331=VERTEX_POINT('',#15855);
#6332=VERTEX_POINT('',#15859);
#6333=VERTEX_POINT('',#15861);
#6334=VERTEX_POINT('',#15865);
#6335=VERTEX_POINT('',#15869);
#6336=VERTEX_POINT('',#15873);
#6337=VERTEX_POINT('',#15877);
#6338=VERTEX_POINT('',#15881);
#6339=VERTEX_POINT('',#15885);
#6340=VERTEX_POINT('',#15889);
#6341=VERTEX_POINT('',#15893);
#6342=VERTEX_POINT('',#15897);
#6343=VERTEX_POINT('',#15901);
#6344=VERTEX_POINT('',#15905);
#6345=VERTEX_POINT('',#15909);
#6346=VERTEX_POINT('',#15913);
#6347=VERTEX_POINT('',#15917);
#6348=VERTEX_POINT('',#15921);
#6349=VERTEX_POINT('',#15925);
#6350=VERTEX_POINT('',#15929);
#6351=VERTEX_POINT('',#15933);
#6352=VERTEX_POINT('',#15937);
#6353=VERTEX_POINT('',#15941);
#6354=VERTEX_POINT('',#15945);
#6355=VERTEX_POINT('',#15949);
#6356=VERTEX_POINT('',#15953);
#6357=VERTEX_POINT('',#15957);
#6358=VERTEX_POINT('',#15961);
#6359=VERTEX_POINT('',#15965);
#6360=VERTEX_POINT('',#15969);
#6361=VERTEX_POINT('',#15973);
#6362=VERTEX_POINT('',#15977);
#6363=VERTEX_POINT('',#15981);
#6364=VERTEX_POINT('',#15985);
#6365=VERTEX_POINT('',#15989);
#6366=VERTEX_POINT('',#15991);
#6367=VERTEX_POINT('',#15995);
#6368=VERTEX_POINT('',#15999);
#6369=VERTEX_POINT('',#16003);
#6370=VERTEX_POINT('',#16007);
#6371=VERTEX_POINT('',#16018);
#6372=VERTEX_POINT('',#16024);
#6373=VERTEX_POINT('',#16028);
#6374=VERTEX_POINT('',#16032);
#6375=VERTEX_POINT('',#16036);
#6376=VERTEX_POINT('',#16040);
#6377=VERTEX_POINT('',#16044);
#6378=VERTEX_POINT('',#16048);
#6379=VERTEX_POINT('',#16059);
#6380=VERTEX_POINT('',#16072);
#6381=VERTEX_POINT('',#16078);
#6382=VERTEX_POINT('',#16082);
#6383=VERTEX_POINT('',#16086);
#6384=VERTEX_POINT('',#16090);
#6385=VERTEX_POINT('',#16094);
#6386=VERTEX_POINT('',#16098);
#6387=VERTEX_POINT('',#16102);
#6388=VERTEX_POINT('',#16106);
#6389=VERTEX_POINT('',#16110);
#6390=VERTEX_POINT('',#16114);
#6391=VERTEX_POINT('',#16118);
#6392=VERTEX_POINT('',#16122);
#6393=VERTEX_POINT('',#16126);
#6394=VERTEX_POINT('',#16130);
#6395=VERTEX_POINT('',#16132);
#6396=VERTEX_POINT('',#16136);
#6397=VERTEX_POINT('',#16140);
#6398=VERTEX_POINT('',#16144);
#6399=VERTEX_POINT('',#16148);
#6400=VERTEX_POINT('',#16152);
#6401=VERTEX_POINT('',#16156);
#6402=VERTEX_POINT('',#16160);
#6403=VERTEX_POINT('',#16164);
#6404=VERTEX_POINT('',#16168);
#6405=VERTEX_POINT('',#16172);
#6406=VERTEX_POINT('',#16174);
#6407=VERTEX_POINT('',#16185);
#6408=VERTEX_POINT('',#16191);
#6409=VERTEX_POINT('',#16195);
#6410=VERTEX_POINT('',#16199);
#6411=VERTEX_POINT('',#16203);
#6412=VERTEX_POINT('',#16207);
#6413=VERTEX_POINT('',#16211);
#6414=VERTEX_POINT('',#16215);
#6415=VERTEX_POINT('',#16219);
#6416=VERTEX_POINT('',#16223);
#6417=VERTEX_POINT('',#16227);
#6418=VERTEX_POINT('',#16231);
#6419=VERTEX_POINT('',#16235);
#6420=VERTEX_POINT('',#16239);
#6421=VERTEX_POINT('',#16243);
#6422=VERTEX_POINT('',#16254);
#6423=VERTEX_POINT('',#16260);
#6424=VERTEX_POINT('',#16264);
#6425=VERTEX_POINT('',#16268);
#6426=VERTEX_POINT('',#16272);
#6427=VERTEX_POINT('',#16276);
#6428=VERTEX_POINT('',#16280);
#6429=VERTEX_POINT('',#16284);
#6430=VERTEX_POINT('',#16286);
#6431=VERTEX_POINT('',#16290);
#6432=VERTEX_POINT('',#16294);
#6433=VERTEX_POINT('',#16298);
#6434=VERTEX_POINT('',#16309);
#6435=VERTEX_POINT('',#16322);
#6436=VERTEX_POINT('',#16328);
#6437=VERTEX_POINT('',#16332);
#6438=VERTEX_POINT('',#16336);
#6439=VERTEX_POINT('',#16340);
#6440=VERTEX_POINT('',#16344);
#6441=VERTEX_POINT('',#16348);
#6442=VERTEX_POINT('',#16352);
#6443=VERTEX_POINT('',#16356);
#6444=VERTEX_POINT('',#16360);
#6445=VERTEX_POINT('',#16364);
#6446=VERTEX_POINT('',#16368);
#6447=VERTEX_POINT('',#16379);
#6448=VERTEX_POINT('',#16385);
#6449=VERTEX_POINT('',#16389);
#6450=VERTEX_POINT('',#16393);
#6451=VERTEX_POINT('',#16395);
#6452=VERTEX_POINT('',#16399);
#6453=VERTEX_POINT('',#16403);
#6454=VERTEX_POINT('',#16407);
#6455=VERTEX_POINT('',#16411);
#6456=VERTEX_POINT('',#16415);
#6457=VERTEX_POINT('',#16419);
#6458=VERTEX_POINT('',#16423);
#6459=VERTEX_POINT('',#16427);
#6460=VERTEX_POINT('',#16438);
#6461=VERTEX_POINT('',#16442);
#6462=VERTEX_POINT('',#16446);
#6463=VERTEX_POINT('',#16450);
#6464=VERTEX_POINT('',#16454);
#6465=VERTEX_POINT('',#16465);
#6466=VERTEX_POINT('',#16471);
#6467=VERTEX_POINT('',#16475);
#6468=VERTEX_POINT('',#16479);
#6469=VERTEX_POINT('',#16483);
#6470=VERTEX_POINT('',#16487);
#6471=VERTEX_POINT('',#16491);
#6472=VERTEX_POINT('',#16495);
#6473=VERTEX_POINT('',#16499);
#6474=VERTEX_POINT('',#16503);
#6475=VERTEX_POINT('',#16514);
#6476=VERTEX_POINT('',#16527);
#6477=VERTEX_POINT('',#16533);
#6478=VERTEX_POINT('',#16537);
#6479=VERTEX_POINT('',#16541);
#6480=VERTEX_POINT('',#16545);
#6481=VERTEX_POINT('',#16549);
#6482=VERTEX_POINT('',#16560);
#6483=VERTEX_POINT('',#16573);
#6484=VERTEX_POINT('',#16579);
#6485=VERTEX_POINT('',#16583);
#6486=VERTEX_POINT('',#16587);
#6487=VERTEX_POINT('',#16591);
#6488=VERTEX_POINT('',#16602);
#6489=VERTEX_POINT('',#16608);
#6490=VERTEX_POINT('',#16612);
#6491=VERTEX_POINT('',#16616);
#6492=VERTEX_POINT('',#16620);
#6493=VERTEX_POINT('',#16624);
#6494=VERTEX_POINT('',#16628);
#6495=VERTEX_POINT('',#16632);
#6496=VERTEX_POINT('',#16636);
#6497=VERTEX_POINT('',#16640);
#6498=VERTEX_POINT('',#16644);
#6499=VERTEX_POINT('',#16648);
#6500=VERTEX_POINT('',#16652);
#6501=VERTEX_POINT('',#16663);
#6502=VERTEX_POINT('',#16669);
#6503=VERTEX_POINT('',#16673);
#6504=VERTEX_POINT('',#16677);
#6505=VERTEX_POINT('',#16688);
#6506=VERTEX_POINT('',#16692);
#6507=VERTEX_POINT('',#16703);
#6508=VERTEX_POINT('',#16716);
#6509=VERTEX_POINT('',#16722);
#6510=VERTEX_POINT('',#16726);
#6511=VERTEX_POINT('',#16730);
#6512=VERTEX_POINT('',#16734);
#6513=VERTEX_POINT('',#16745);
#6514=VERTEX_POINT('',#16758);
#6515=VERTEX_POINT('',#16771);
#6516=VERTEX_POINT('',#16784);
#6517=VERTEX_POINT('',#16790);
#6518=VERTEX_POINT('',#16794);
#6519=VERTEX_POINT('',#16798);
#6520=VERTEX_POINT('',#16802);
#6521=VERTEX_POINT('',#16806);
#6522=VERTEX_POINT('',#16808);
#6523=VERTEX_POINT('',#16812);
#6524=VERTEX_POINT('',#16816);
#6525=VERTEX_POINT('',#16820);
#6526=VERTEX_POINT('',#16824);
#6527=VERTEX_POINT('',#16828);
#6528=VERTEX_POINT('',#16832);
#6529=VERTEX_POINT('',#16836);
#6530=VERTEX_POINT('',#16838);
#6531=VERTEX_POINT('',#16842);
#6532=VERTEX_POINT('',#16846);
#6533=VERTEX_POINT('',#16850);
#6534=VERTEX_POINT('',#16854);
#6535=VERTEX_POINT('',#16858);
#6536=VERTEX_POINT('',#16862);
#6537=VERTEX_POINT('',#16866);
#6538=VERTEX_POINT('',#16868);
#6539=VERTEX_POINT('',#16872);
#6540=VERTEX_POINT('',#16883);
#6541=VERTEX_POINT('',#16896);
#6542=VERTEX_POINT('',#16902);
#6543=VERTEX_POINT('',#16913);
#6544=VERTEX_POINT('',#16926);
#6545=VERTEX_POINT('',#16932);
#6546=VERTEX_POINT('',#16943);
#6547=VERTEX_POINT('',#16956);
#6548=VERTEX_POINT('',#16962);
#6549=VERTEX_POINT('',#16966);
#6550=VERTEX_POINT('',#16970);
#6551=VERTEX_POINT('',#16981);
#6552=VERTEX_POINT('',#16994);
#6553=VERTEX_POINT('',#17007);
#6554=VERTEX_POINT('',#17013);
#6555=VERTEX_POINT('',#17017);
#6556=VERTEX_POINT('',#17028);
#6557=VERTEX_POINT('',#17041);
#6558=VERTEX_POINT('',#17054);
#6559=VERTEX_POINT('',#17060);
#6560=VERTEX_POINT('',#17062);
#6561=VERTEX_POINT('',#17066);
#6562=VERTEX_POINT('',#17070);
#6563=VERTEX_POINT('',#17074);
#6564=VERTEX_POINT('',#17078);
#6565=VERTEX_POINT('',#17082);
#6566=VERTEX_POINT('',#17086);
#6567=VERTEX_POINT('',#17090);
#6568=VERTEX_POINT('',#17094);
#6569=VERTEX_POINT('',#17098);
#6570=VERTEX_POINT('',#17102);
#6571=VERTEX_POINT('',#17106);
#6572=VERTEX_POINT('',#17110);
#6573=VERTEX_POINT('',#17114);
#6574=VERTEX_POINT('',#17118);
#6575=VERTEX_POINT('',#17122);
#6576=VERTEX_POINT('',#17124);
#6577=VERTEX_POINT('',#17135);
#6578=VERTEX_POINT('',#17141);
#6579=VERTEX_POINT('',#17145);
#6580=VERTEX_POINT('',#17149);
#6581=VERTEX_POINT('',#17153);
#6582=VERTEX_POINT('',#17157);
#6583=VERTEX_POINT('',#17161);
#6584=VERTEX_POINT('',#17165);
#6585=VERTEX_POINT('',#17169);
#6586=VERTEX_POINT('',#17173);
#6587=VERTEX_POINT('',#17184);
#6588=VERTEX_POINT('',#17190);
#6589=VERTEX_POINT('',#17194);
#6590=VERTEX_POINT('',#17198);
#6591=VERTEX_POINT('',#17202);
#6592=VERTEX_POINT('',#17206);
#6593=VERTEX_POINT('',#17210);
#6594=VERTEX_POINT('',#17214);
#6595=VERTEX_POINT('',#17218);
#6596=VERTEX_POINT('',#17222);
#6597=VERTEX_POINT('',#17226);
#6598=VERTEX_POINT('',#17230);
#6599=VERTEX_POINT('',#17234);
#6600=VERTEX_POINT('',#17238);
#6601=VERTEX_POINT('',#17240);
#6602=VERTEX_POINT('',#17244);
#6603=VERTEX_POINT('',#17248);
#6604=VERTEX_POINT('',#17252);
#6605=VERTEX_POINT('',#17256);
#6606=VERTEX_POINT('',#17260);
#6607=VERTEX_POINT('',#17271);
#6608=VERTEX_POINT('',#17277);
#6609=VERTEX_POINT('',#17281);
#6610=VERTEX_POINT('',#17285);
#6611=VERTEX_POINT('',#17289);
#6612=VERTEX_POINT('',#17293);
#6613=VERTEX_POINT('',#17297);
#6614=VERTEX_POINT('',#17301);
#6615=VERTEX_POINT('',#17305);
#6616=VERTEX_POINT('',#17309);
#6617=VERTEX_POINT('',#17313);
#6618=VERTEX_POINT('',#17317);
#6619=VERTEX_POINT('',#17321);
#6620=VERTEX_POINT('',#17325);
#6621=VERTEX_POINT('',#17336);
#6622=VERTEX_POINT('',#17342);
#6623=VERTEX_POINT('',#17346);
#6624=VERTEX_POINT('',#17350);
#6625=VERTEX_POINT('',#17354);
#6626=VERTEX_POINT('',#17358);
#6627=VERTEX_POINT('',#17360);
#6628=VERTEX_POINT('',#17364);
#6629=VERTEX_POINT('',#17368);
#6630=VERTEX_POINT('',#17372);
#6631=VERTEX_POINT('',#17376);
#6632=VERTEX_POINT('',#17387);
#6633=VERTEX_POINT('',#17393);
#6634=VERTEX_POINT('',#17397);
#6635=VERTEX_POINT('',#17401);
#6636=VERTEX_POINT('',#17412);
#6637=VERTEX_POINT('',#17418);
#6638=VERTEX_POINT('',#17422);
#6639=VERTEX_POINT('',#17426);
#6640=VERTEX_POINT('',#17430);
#6641=VERTEX_POINT('',#17434);
#6642=VERTEX_POINT('',#17438);
#6643=VERTEX_POINT('',#17449);
#6644=VERTEX_POINT('',#17455);
#6645=VERTEX_POINT('',#17459);
#6646=VERTEX_POINT('',#17463);
#6647=VERTEX_POINT('',#17467);
#6648=VERTEX_POINT('',#17469);
#6649=VERTEX_POINT('',#17473);
#6650=VERTEX_POINT('',#17477);
#6651=VERTEX_POINT('',#17481);
#6652=VERTEX_POINT('',#17485);
#6653=VERTEX_POINT('',#17489);
#6654=VERTEX_POINT('',#17493);
#6655=VERTEX_POINT('',#17497);
#6656=VERTEX_POINT('',#17501);
#6657=VERTEX_POINT('',#17505);
#6658=VERTEX_POINT('',#17509);
#6659=VERTEX_POINT('',#17513);
#6660=VERTEX_POINT('',#17517);
#6661=VERTEX_POINT('',#17521);
#6662=VERTEX_POINT('',#17525);
#6663=VERTEX_POINT('',#17529);
#6664=VERTEX_POINT('',#17533);
#6665=VERTEX_POINT('',#17537);
#6666=VERTEX_POINT('',#17541);
#6667=VERTEX_POINT('',#17545);
#6668=VERTEX_POINT('',#17549);
#6669=VERTEX_POINT('',#17553);
#6670=VERTEX_POINT('',#17557);
#6671=VERTEX_POINT('',#17561);
#6672=VERTEX_POINT('',#17565);
#6673=VERTEX_POINT('',#17569);
#6674=VERTEX_POINT('',#17573);
#6675=VERTEX_POINT('',#17577);
#6676=VERTEX_POINT('',#17581);
#6677=VERTEX_POINT('',#17585);
#6678=VERTEX_POINT('',#17589);
#6679=VERTEX_POINT('',#17593);
#6680=VERTEX_POINT('',#17597);
#6681=VERTEX_POINT('',#17599);
#6682=VERTEX_POINT('',#17603);
#6683=VERTEX_POINT('',#17607);
#6684=VERTEX_POINT('',#17611);
#6685=VERTEX_POINT('',#17615);
#6686=VERTEX_POINT('',#17619);
#6687=VERTEX_POINT('',#17623);
#6688=VERTEX_POINT('',#17627);
#6689=VERTEX_POINT('',#17631);
#6690=VERTEX_POINT('',#17635);
#6691=VERTEX_POINT('',#17639);
#6692=VERTEX_POINT('',#17643);
#6693=VERTEX_POINT('',#17647);
#6694=VERTEX_POINT('',#17651);
#6695=VERTEX_POINT('',#17655);
#6696=VERTEX_POINT('',#17659);
#6697=VERTEX_POINT('',#17663);
#6698=VERTEX_POINT('',#17667);
#6699=VERTEX_POINT('',#17671);
#6700=VERTEX_POINT('',#17675);
#6701=VERTEX_POINT('',#17679);
#6702=VERTEX_POINT('',#17683);
#6703=VERTEX_POINT('',#17687);
#6704=VERTEX_POINT('',#17691);
#6705=VERTEX_POINT('',#17695);
#6706=VERTEX_POINT('',#17699);
#6707=VERTEX_POINT('',#17703);
#6708=VERTEX_POINT('',#17707);
#6709=VERTEX_POINT('',#17711);
#6710=VERTEX_POINT('',#17715);
#6711=VERTEX_POINT('',#17719);
#6712=VERTEX_POINT('',#17723);
#6713=VERTEX_POINT('',#17727);
#6714=VERTEX_POINT('',#17729);
#6715=VERTEX_POINT('',#17733);
#6716=VERTEX_POINT('',#17737);
#6717=VERTEX_POINT('',#17741);
#6718=VERTEX_POINT('',#17743);
#6719=VERTEX_POINT('',#17747);
#6720=VERTEX_POINT('',#17751);
#6721=VERTEX_POINT('',#17755);
#6722=VERTEX_POINT('',#17759);
#6723=VERTEX_POINT('',#17763);
#6724=VERTEX_POINT('',#17767);
#6725=VERTEX_POINT('',#17771);
#6726=VERTEX_POINT('',#17775);
#6727=VERTEX_POINT('',#17779);
#6728=VERTEX_POINT('',#17783);
#6729=VERTEX_POINT('',#17787);
#6730=VERTEX_POINT('',#17791);
#6731=VERTEX_POINT('',#17795);
#6732=VERTEX_POINT('',#17799);
#6733=VERTEX_POINT('',#17803);
#6734=VERTEX_POINT('',#17805);
#6735=VERTEX_POINT('',#17809);
#6736=VERTEX_POINT('',#17813);
#6737=VERTEX_POINT('',#17817);
#6738=VERTEX_POINT('',#17819);
#6739=VERTEX_POINT('',#17823);
#6740=VERTEX_POINT('',#17827);
#6741=VERTEX_POINT('',#17831);
#6742=VERTEX_POINT('',#17835);
#6743=VERTEX_POINT('',#17839);
#6744=VERTEX_POINT('',#17843);
#6745=VERTEX_POINT('',#17847);
#6746=VERTEX_POINT('',#17851);
#6747=VERTEX_POINT('',#17855);
#6748=VERTEX_POINT('',#17859);
#6749=VERTEX_POINT('',#17863);
#6750=VERTEX_POINT('',#17867);
#6751=VERTEX_POINT('',#17871);
#6752=VERTEX_POINT('',#17875);
#6753=VERTEX_POINT('',#17879);
#6754=VERTEX_POINT('',#17881);
#6755=VERTEX_POINT('',#17885);
#6756=VERTEX_POINT('',#17889);
#6757=VERTEX_POINT('',#17893);
#6758=VERTEX_POINT('',#17897);
#6759=VERTEX_POINT('',#17901);
#6760=VERTEX_POINT('',#17905);
#6761=VERTEX_POINT('',#17909);
#6762=VERTEX_POINT('',#17913);
#6763=VERTEX_POINT('',#17917);
#6764=VERTEX_POINT('',#17921);
#6765=VERTEX_POINT('',#17925);
#6766=VERTEX_POINT('',#17929);
#6767=VERTEX_POINT('',#17933);
#6768=VERTEX_POINT('',#17937);
#6769=VERTEX_POINT('',#17941);
#6770=VERTEX_POINT('',#17945);
#6771=VERTEX_POINT('',#17949);
#6772=VERTEX_POINT('',#17953);
#6773=VERTEX_POINT('',#17957);
#6774=VERTEX_POINT('',#17961);
#6775=VERTEX_POINT('',#17965);
#6776=VERTEX_POINT('',#17969);
#6777=VERTEX_POINT('',#17973);
#6778=VERTEX_POINT('',#17977);
#6779=VERTEX_POINT('',#17981);
#6780=VERTEX_POINT('',#17985);
#6781=VERTEX_POINT('',#17989);
#6782=VERTEX_POINT('',#17993);
#6783=VERTEX_POINT('',#17997);
#6784=VERTEX_POINT('',#18001);
#6785=VERTEX_POINT('',#18005);
#6786=VERTEX_POINT('',#18015);
#6787=VERTEX_POINT('',#18091);
#6788=VERTEX_POINT('',#18092);
#6789=VERTEX_POINT('',#18094);
#6790=VERTEX_POINT('',#18096);
#6791=VERTEX_POINT('',#18099);
#6792=VERTEX_POINT('',#18101);
#6793=VERTEX_POINT('',#18103);
#6794=VERTEX_POINT('',#18105);
#6795=VERTEX_POINT('',#18110);
#6796=VERTEX_POINT('',#18111);
#6797=VERTEX_POINT('',#18113);
#6798=VERTEX_POINT('',#18115);
#6799=VERTEX_POINT('',#18119);
#6800=VERTEX_POINT('',#18120);
#6801=VERTEX_POINT('',#18122);
#6802=VERTEX_POINT('',#18124);
#6803=VERTEX_POINT('',#18128);
#6804=VERTEX_POINT('',#18129);
#6805=VERTEX_POINT('',#18131);
#6806=VERTEX_POINT('',#18133);
#6807=VERTEX_POINT('',#18137);
#6808=VERTEX_POINT('',#18140);
#6809=VERTEX_POINT('',#18143);
#6810=VERTEX_POINT('',#18146);
#6811=VERTEX_POINT('',#18147);
#6812=VERTEX_POINT('',#18149);
#6813=VERTEX_POINT('',#18151);
#6814=VERTEX_POINT('',#18154);
#6815=LINE('',#14607,#7641);
#6816=LINE('',#14610,#7642);
#6817=LINE('',#14612,#7643);
#6818=LINE('',#14614,#7644);
#6819=LINE('',#14615,#7645);
#6820=LINE('',#14618,#7646);
#6821=LINE('',#14620,#7647);
#6822=LINE('',#14622,#7648);
#6823=LINE('',#14624,#7649);
#6824=LINE('',#14627,#7650);
#6825=LINE('',#14629,#7651);
#6826=LINE('',#14631,#7652);
#6827=LINE('',#14632,#7653);
#6828=LINE('',#14635,#7654);
#6829=LINE('',#14637,#7655);
#6830=LINE('',#14639,#7656);
#6831=LINE('',#14641,#7657);
#6832=LINE('',#14643,#7658);
#6833=LINE('',#14645,#7659);
#6834=LINE('',#14647,#7660);
#6835=LINE('',#14649,#7661);
#6836=LINE('',#14651,#7662);
#6837=LINE('',#14653,#7663);
#6838=LINE('',#14654,#7664);
#6839=LINE('',#14657,#7665);
#6840=LINE('',#14660,#7666);
#6841=LINE('',#14662,#7667);
#6842=LINE('',#14664,#7668);
#6843=LINE('',#14665,#7669);
#6844=LINE('',#14668,#7670);
#6845=LINE('',#14670,#7671);
#6846=LINE('',#14672,#7672);
#6847=LINE('',#14673,#7673);
#6848=LINE('',#14676,#7674);
#6849=LINE('',#14678,#7675);
#6850=LINE('',#14680,#7676);
#6851=LINE('',#14681,#7677);
#6852=LINE('',#14686,#7678);
#6853=LINE('',#14688,#7679);
#6854=LINE('',#14690,#7680);
#6855=LINE('',#14691,#7681);
#6856=LINE('',#14694,#7682);
#6857=LINE('',#14696,#7683);
#6858=LINE('',#14698,#7684);
#6859=LINE('',#14699,#7685);
#6860=LINE('',#14702,#7686);
#6861=LINE('',#14704,#7687);
#6862=LINE('',#14706,#7688);
#6863=LINE('',#14707,#7689);
#6864=LINE('',#14712,#7690);
#6865=LINE('',#14714,#7691);
#6866=LINE('',#14716,#7692);
#6867=LINE('',#14717,#7693);
#6868=LINE('',#14720,#7694);
#6869=LINE('',#14722,#7695);
#6870=LINE('',#14724,#7696);
#6871=LINE('',#14725,#7697);
#6872=LINE('',#14728,#7698);
#6873=LINE('',#14730,#7699);
#6874=LINE('',#14732,#7700);
#6875=LINE('',#14750,#7701);
#6876=LINE('',#14778,#7702);
#6877=LINE('',#14780,#7703);
#6878=LINE('',#14782,#7704);
#6879=LINE('',#14784,#7705);
#6880=LINE('',#14786,#7706);
#6881=LINE('',#14822,#7707);
#6882=LINE('',#14865,#7708);
#6883=LINE('',#14868,#7709);
#6884=LINE('',#14870,#7710);
#6885=LINE('',#14872,#7711);
#6886=LINE('',#14874,#7712);
#6887=LINE('',#14876,#7713);
#6888=LINE('',#14878,#7714);
#6889=LINE('',#14880,#7715);
#6890=LINE('',#14882,#7716);
#6891=LINE('',#14884,#7717);
#6892=LINE('',#14886,#7718);
#6893=LINE('',#14910,#7719);
#6894=LINE('',#14928,#7720);
#6895=LINE('',#14958,#7721);
#6896=LINE('',#14960,#7722);
#6897=LINE('',#14962,#7723);
#6898=LINE('',#14987,#7724);
#6899=LINE('',#14990,#7725);
#6900=LINE('',#14992,#7726);
#6901=LINE('',#14994,#7727);
#6902=LINE('',#14996,#7728);
#6903=LINE('',#14998,#7729);
#6904=LINE('',#15000,#7730);
#6905=LINE('',#15002,#7731);
#6906=LINE('',#15004,#7732);
#6907=LINE('',#15006,#7733);
#6908=LINE('',#15044,#7734);
#6909=LINE('',#15094,#7735);
#6910=LINE('',#15161,#7736);
#6911=LINE('',#15164,#7737);
#6912=LINE('',#15166,#7738);
#6913=LINE('',#15168,#7739);
#6914=LINE('',#15170,#7740);
#6915=LINE('',#15172,#7741);
#6916=LINE('',#15174,#7742);
#6917=LINE('',#15176,#7743);
#6918=LINE('',#15177,#7744);
#6919=LINE('',#15180,#7745);
#6920=LINE('',#15182,#7746);
#6921=LINE('',#15184,#7747);
#6922=LINE('',#15186,#7748);
#6923=LINE('',#15188,#7749);
#6924=LINE('',#15190,#7750);
#6925=LINE('',#15192,#7751);
#6926=LINE('',#15193,#7752);
#6927=LINE('',#15196,#7753);
#6928=LINE('',#15226,#7754);
#6929=LINE('',#15228,#7755);
#6930=LINE('',#15230,#7756);
#6931=LINE('',#15260,#7757);
#6932=LINE('',#15293,#7758);
#6933=LINE('',#15296,#7759);
#6934=LINE('',#15298,#7760);
#6935=LINE('',#15300,#7761);
#6936=LINE('',#15302,#7762);
#6937=LINE('',#15304,#7763);
#6938=LINE('',#15306,#7764);
#6939=LINE('',#15308,#7765);
#6940=LINE('',#15310,#7766);
#6941=LINE('',#15312,#7767);
#6942=LINE('',#15314,#7768);
#6943=LINE('',#15336,#7769);
#6944=LINE('',#15347,#7770);
#6945=LINE('',#15372,#7771);
#6946=LINE('',#15374,#7772);
#6947=LINE('',#15376,#7773);
#6948=LINE('',#15378,#7774);
#6949=LINE('',#15380,#7775);
#6950=LINE('',#15400,#7776);
#6951=LINE('',#15402,#7777);
#6952=LINE('',#15418,#7778);
#6953=LINE('',#15420,#7779);
#6954=LINE('',#15422,#7780);
#6955=LINE('',#15424,#7781);
#6956=LINE('',#15468,#7782);
#6957=LINE('',#15496,#7783);
#6958=LINE('',#15498,#7784);
#6959=LINE('',#15500,#7785);
#6960=LINE('',#15502,#7786);
#6961=LINE('',#15504,#7787);
#6962=LINE('',#15534,#7788);
#6963=LINE('',#15562,#7789);
#6964=LINE('',#15564,#7790);
#6965=LINE('',#15566,#7791);
#6966=LINE('',#15568,#7792);
#6967=LINE('',#15570,#7793);
#6968=LINE('',#15583,#7794);
#6969=LINE('',#15586,#7795);
#6970=LINE('',#15588,#7796);
#6971=LINE('',#15590,#7797);
#6972=LINE('',#15623,#7798);
#6973=LINE('',#15626,#7799);
#6974=LINE('',#15628,#7800);
#6975=LINE('',#15630,#7801);
#6976=LINE('',#15680,#7802);
#6977=LINE('',#15708,#7803);
#6978=LINE('',#15710,#7804);
#6979=LINE('',#15712,#7805);
#6980=LINE('',#15714,#7806);
#6981=LINE('',#15716,#7807);
#6982=LINE('',#15730,#7808);
#6983=LINE('',#15732,#7809);
#6984=LINE('',#15734,#7810);
#6985=LINE('',#15736,#7811);
#6986=LINE('',#15738,#7812);
#6987=LINE('',#15740,#7813);
#6988=LINE('',#15742,#7814);
#6989=LINE('',#15744,#7815);
#6990=LINE('',#15746,#7816);
#6991=LINE('',#15748,#7817);
#6992=LINE('',#15750,#7818);
#6993=LINE('',#15752,#7819);
#6994=LINE('',#15754,#7820);
#6995=LINE('',#15756,#7821);
#6996=LINE('',#15758,#7822);
#6997=LINE('',#15760,#7823);
#6998=LINE('',#15762,#7824);
#6999=LINE('',#15764,#7825);
#7000=LINE('',#15766,#7826);
#7001=LINE('',#15768,#7827);
#7002=LINE('',#15770,#7828);
#7003=LINE('',#15772,#7829);
#7004=LINE('',#15775,#7830);
#7005=LINE('',#15776,#7831);
#7006=LINE('',#15778,#7832);
#7007=LINE('',#15780,#7833);
#7008=LINE('',#15782,#7834);
#7009=LINE('',#15784,#7835);
#7010=LINE('',#15786,#7836);
#7011=LINE('',#15788,#7837);
#7012=LINE('',#15790,#7838);
#7013=LINE('',#15792,#7839);
#7014=LINE('',#15794,#7840);
#7015=LINE('',#15796,#7841);
#7016=LINE('',#15798,#7842);
#7017=LINE('',#15800,#7843);
#7018=LINE('',#15802,#7844);
#7019=LINE('',#15804,#7845);
#7020=LINE('',#15806,#7846);
#7021=LINE('',#15808,#7847);
#7022=LINE('',#15810,#7848);
#7023=LINE('',#15812,#7849);
#7024=LINE('',#15814,#7850);
#7025=LINE('',#15816,#7851);
#7026=LINE('',#15818,#7852);
#7027=LINE('',#15820,#7853);
#7028=LINE('',#15823,#7854);
#7029=LINE('',#15824,#7855);
#7030=LINE('',#15826,#7856);
#7031=LINE('',#15828,#7857);
#7032=LINE('',#15830,#7858);
#7033=LINE('',#15832,#7859);
#7034=LINE('',#15834,#7860);
#7035=LINE('',#15836,#7861);
#7036=LINE('',#15838,#7862);
#7037=LINE('',#15840,#7863);
#7038=LINE('',#15842,#7864);
#7039=LINE('',#15844,#7865);
#7040=LINE('',#15846,#7866);
#7041=LINE('',#15848,#7867);
#7042=LINE('',#15850,#7868);
#7043=LINE('',#15852,#7869);
#7044=LINE('',#15854,#7870);
#7045=LINE('',#15856,#7871);
#7046=LINE('',#15858,#7872);
#7047=LINE('',#15862,#7873);
#7048=LINE('',#15864,#7874);
#7049=LINE('',#15868,#7875);
#7050=LINE('',#15872,#7876);
#7051=LINE('',#15876,#7877);
#7052=LINE('',#15880,#7878);
#7053=LINE('',#15884,#7879);
#7054=LINE('',#15888,#7880);
#7055=LINE('',#15890,#7881);
#7056=LINE('',#15892,#7882);
#7057=LINE('',#15894,#7883);
#7058=LINE('',#15896,#7884);
#7059=LINE('',#15898,#7885);
#7060=LINE('',#15900,#7886);
#7061=LINE('',#15902,#7887);
#7062=LINE('',#15904,#7888);
#7063=LINE('',#15906,#7889);
#7064=LINE('',#15908,#7890);
#7065=LINE('',#15912,#7891);
#7066=LINE('',#15916,#7892);
#7067=LINE('',#15920,#7893);
#7068=LINE('',#15924,#7894);
#7069=LINE('',#15928,#7895);
#7070=LINE('',#15932,#7896);
#7071=LINE('',#15936,#7897);
#7072=LINE('',#15940,#7898);
#7073=LINE('',#15944,#7899);
#7074=LINE('',#15948,#7900);
#7075=LINE('',#15952,#7901);
#7076=LINE('',#15956,#7902);
#7077=LINE('',#15960,#7903);
#7078=LINE('',#15962,#7904);
#7079=LINE('',#15964,#7905);
#7080=LINE('',#15968,#7906);
#7081=LINE('',#15972,#7907);
#7082=LINE('',#15976,#7908);
#7083=LINE('',#15980,#7909);
#7084=LINE('',#15984,#7910);
#7085=LINE('',#15988,#7911);
#7086=LINE('',#15992,#7912);
#7087=LINE('',#15994,#7913);
#7088=LINE('',#15998,#7914);
#7089=LINE('',#16002,#7915);
#7090=LINE('',#16006,#7916);
#7091=LINE('',#16017,#7917);
#7092=LINE('',#16023,#7918);
#7093=LINE('',#16027,#7919);
#7094=LINE('',#16031,#7920);
#7095=LINE('',#16035,#7921);
#7096=LINE('',#16039,#7922);
#7097=LINE('',#16043,#7923);
#7098=LINE('',#16047,#7924);
#7099=LINE('',#16058,#7925);
#7100=LINE('',#16071,#7926);
#7101=LINE('',#16077,#7927);
#7102=LINE('',#16081,#7928);
#7103=LINE('',#16085,#7929);
#7104=LINE('',#16089,#7930);
#7105=LINE('',#16093,#7931);
#7106=LINE('',#16095,#7932);
#7107=LINE('',#16097,#7933);
#7108=LINE('',#16101,#7934);
#7109=LINE('',#16105,#7935);
#7110=LINE('',#16109,#7936);
#7111=LINE('',#16113,#7937);
#7112=LINE('',#16117,#7938);
#7113=LINE('',#16121,#7939);
#7114=LINE('',#16125,#7940);
#7115=LINE('',#16129,#7941);
#7116=LINE('',#16131,#7942);
#7117=LINE('',#16133,#7943);
#7118=LINE('',#16135,#7944);
#7119=LINE('',#16137,#7945);
#7120=LINE('',#16139,#7946);
#7121=LINE('',#16141,#7947);
#7122=LINE('',#16143,#7948);
#7123=LINE('',#16145,#7949);
#7124=LINE('',#16147,#7950);
#7125=LINE('',#16149,#7951);
#7126=LINE('',#16151,#7952);
#7127=LINE('',#16153,#7953);
#7128=LINE('',#16155,#7954);
#7129=LINE('',#16157,#7955);
#7130=LINE('',#16159,#7956);
#7131=LINE('',#16161,#7957);
#7132=LINE('',#16163,#7958);
#7133=LINE('',#16165,#7959);
#7134=LINE('',#16167,#7960);
#7135=LINE('',#16169,#7961);
#7136=LINE('',#16171,#7962);
#7137=LINE('',#16175,#7963);
#7138=LINE('',#16184,#7964);
#7139=LINE('',#16190,#7965);
#7140=LINE('',#16194,#7966);
#7141=LINE('',#16198,#7967);
#7142=LINE('',#16202,#7968);
#7143=LINE('',#16204,#7969);
#7144=LINE('',#16206,#7970);
#7145=LINE('',#16210,#7971);
#7146=LINE('',#16214,#7972);
#7147=LINE('',#16218,#7973);
#7148=LINE('',#16222,#7974);
#7149=LINE('',#16226,#7975);
#7150=LINE('',#16230,#7976);
#7151=LINE('',#16234,#7977);
#7152=LINE('',#16238,#7978);
#7153=LINE('',#16240,#7979);
#7154=LINE('',#16242,#7980);
#7155=LINE('',#16253,#7981);
#7156=LINE('',#16259,#7982);
#7157=LINE('',#16263,#7983);
#7158=LINE('',#16267,#7984);
#7159=LINE('',#16271,#7985);
#7160=LINE('',#16275,#7986);
#7161=LINE('',#16279,#7987);
#7162=LINE('',#16283,#7988);
#7163=LINE('',#16287,#7989);
#7164=LINE('',#16289,#7990);
#7165=LINE('',#16293,#7991);
#7166=LINE('',#16297,#7992);
#7167=LINE('',#16308,#7993);
#7168=LINE('',#16321,#7994);
#7169=LINE('',#16327,#7995);
#7170=LINE('',#16331,#7996);
#7171=LINE('',#16335,#7997);
#7172=LINE('',#16339,#7998);
#7173=LINE('',#16343,#7999);
#7174=LINE('',#16347,#8000);
#7175=LINE('',#16349,#8001);
#7176=LINE('',#16351,#8002);
#7177=LINE('',#16353,#8003);
#7178=LINE('',#16355,#8004);
#7179=LINE('',#16357,#8005);
#7180=LINE('',#16359,#8006);
#7181=LINE('',#16363,#8007);
#7182=LINE('',#16367,#8008);
#7183=LINE('',#16378,#8009);
#7184=LINE('',#16384,#8010);
#7185=LINE('',#16388,#8011);
#7186=LINE('',#16392,#8012);
#7187=LINE('',#16394,#8013);
#7188=LINE('',#16396,#8014);
#7189=LINE('',#16398,#8015);
#7190=LINE('',#16400,#8016);
#7191=LINE('',#16402,#8017);
#7192=LINE('',#16404,#8018);
#7193=LINE('',#16406,#8019);
#7194=LINE('',#16408,#8020);
#7195=LINE('',#16410,#8021);
#7196=LINE('',#16412,#8022);
#7197=LINE('',#16414,#8023);
#7198=LINE('',#16416,#8024);
#7199=LINE('',#16418,#8025);
#7200=LINE('',#16420,#8026);
#7201=LINE('',#16422,#8027);
#7202=LINE('',#16424,#8028);
#7203=LINE('',#16426,#8029);
#7204=LINE('',#16428,#8030);
#7205=LINE('',#16437,#8031);
#7206=LINE('',#16443,#8032);
#7207=LINE('',#16445,#8033);
#7208=LINE('',#16449,#8034);
#7209=LINE('',#16453,#8035);
#7210=LINE('',#16464,#8036);
#7211=LINE('',#16470,#8037);
#7212=LINE('',#16474,#8038);
#7213=LINE('',#16478,#8039);
#7214=LINE('',#16482,#8040);
#7215=LINE('',#16486,#8041);
#7216=LINE('',#16488,#8042);
#7217=LINE('',#16490,#8043);
#7218=LINE('',#16494,#8044);
#7219=LINE('',#16498,#8045);
#7220=LINE('',#16502,#8046);
#7221=LINE('',#16513,#8047);
#7222=LINE('',#16526,#8048);
#7223=LINE('',#16532,#8049);
#7224=LINE('',#16536,#8050);
#7225=LINE('',#16540,#8051);
#7226=LINE('',#16544,#8052);
#7227=LINE('',#16548,#8053);
#7228=LINE('',#16559,#8054);
#7229=LINE('',#16572,#8055);
#7230=LINE('',#16578,#8056);
#7231=LINE('',#16582,#8057);
#7232=LINE('',#16586,#8058);
#7233=LINE('',#16590,#8059);
#7234=LINE('',#16601,#8060);
#7235=LINE('',#16607,#8061);
#7236=LINE('',#16611,#8062);
#7237=LINE('',#16613,#8063);
#7238=LINE('',#16615,#8064);
#7239=LINE('',#16619,#8065);
#7240=LINE('',#16623,#8066);
#7241=LINE('',#16627,#8067);
#7242=LINE('',#16631,#8068);
#7243=LINE('',#16635,#8069);
#7244=LINE('',#16639,#8070);
#7245=LINE('',#16643,#8071);
#7246=LINE('',#16647,#8072);
#7247=LINE('',#16651,#8073);
#7248=LINE('',#16662,#8074);
#7249=LINE('',#16668,#8075);
#7250=LINE('',#16672,#8076);
#7251=LINE('',#16676,#8077);
#7252=LINE('',#16687,#8078);
#7253=LINE('',#16693,#8079);
#7254=LINE('',#16702,#8080);
#7255=LINE('',#16715,#8081);
#7256=LINE('',#16721,#8082);
#7257=LINE('',#16725,#8083);
#7258=LINE('',#16729,#8084);
#7259=LINE('',#16733,#8085);
#7260=LINE('',#16744,#8086);
#7261=LINE('',#16757,#8087);
#7262=LINE('',#16770,#8088);
#7263=LINE('',#16783,#8089);
#7264=LINE('',#16789,#8090);
#7265=LINE('',#16793,#8091);
#7266=LINE('',#16797,#8092);
#7267=LINE('',#16801,#8093);
#7268=LINE('',#16805,#8094);
#7269=LINE('',#16807,#8095);
#7270=LINE('',#16809,#8096);
#7271=LINE('',#16811,#8097);
#7272=LINE('',#16813,#8098);
#7273=LINE('',#16815,#8099);
#7274=LINE('',#16817,#8100);
#7275=LINE('',#16819,#8101);
#7276=LINE('',#16821,#8102);
#7277=LINE('',#16823,#8103);
#7278=LINE('',#16825,#8104);
#7279=LINE('',#16827,#8105);
#7280=LINE('',#16829,#8106);
#7281=LINE('',#16831,#8107);
#7282=LINE('',#16833,#8108);
#7283=LINE('',#16835,#8109);
#7284=LINE('',#16837,#8110);
#7285=LINE('',#16839,#8111);
#7286=LINE('',#16841,#8112);
#7287=LINE('',#16843,#8113);
#7288=LINE('',#16845,#8114);
#7289=LINE('',#16847,#8115);
#7290=LINE('',#16849,#8116);
#7291=LINE('',#16851,#8117);
#7292=LINE('',#16853,#8118);
#7293=LINE('',#16855,#8119);
#7294=LINE('',#16857,#8120);
#7295=LINE('',#16859,#8121);
#7296=LINE('',#16861,#8122);
#7297=LINE('',#16863,#8123);
#7298=LINE('',#16865,#8124);
#7299=LINE('',#16867,#8125);
#7300=LINE('',#16869,#8126);
#7301=LINE('',#16871,#8127);
#7302=LINE('',#16873,#8128);
#7303=LINE('',#16882,#8129);
#7304=LINE('',#16895,#8130);
#7305=LINE('',#16901,#8131);
#7306=LINE('',#16912,#8132);
#7307=LINE('',#16925,#8133);
#7308=LINE('',#16931,#8134);
#7309=LINE('',#16942,#8135);
#7310=LINE('',#16955,#8136);
#7311=LINE('',#16961,#8137);
#7312=LINE('',#16963,#8138);
#7313=LINE('',#16965,#8139);
#7314=LINE('',#16967,#8140);
#7315=LINE('',#16969,#8141);
#7316=LINE('',#16971,#8142);
#7317=LINE('',#16980,#8143);
#7318=LINE('',#16993,#8144);
#7319=LINE('',#17006,#8145);
#7320=LINE('',#17012,#8146);
#7321=LINE('',#17016,#8147);
#7322=LINE('',#17027,#8148);
#7323=LINE('',#17040,#8149);
#7324=LINE('',#17053,#8150);
#7325=LINE('',#17059,#8151);
#7326=LINE('',#17063,#8152);
#7327=LINE('',#17065,#8153);
#7328=LINE('',#17069,#8154);
#7329=LINE('',#17073,#8155);
#7330=LINE('',#17077,#8156);
#7331=LINE('',#17081,#8157);
#7332=LINE('',#17085,#8158);
#7333=LINE('',#17089,#8159);
#7334=LINE('',#17093,#8160);
#7335=LINE('',#17097,#8161);
#7336=LINE('',#17101,#8162);
#7337=LINE('',#17105,#8163);
#7338=LINE('',#17109,#8164);
#7339=LINE('',#17113,#8165);
#7340=LINE('',#17117,#8166);
#7341=LINE('',#17121,#8167);
#7342=LINE('',#17123,#8168);
#7343=LINE('',#17125,#8169);
#7344=LINE('',#17134,#8170);
#7345=LINE('',#17140,#8171);
#7346=LINE('',#17144,#8172);
#7347=LINE('',#17148,#8173);
#7348=LINE('',#17152,#8174);
#7349=LINE('',#17154,#8175);
#7350=LINE('',#17156,#8176);
#7351=LINE('',#17160,#8177);
#7352=LINE('',#17164,#8178);
#7353=LINE('',#17168,#8179);
#7354=LINE('',#17172,#8180);
#7355=LINE('',#17183,#8181);
#7356=LINE('',#17189,#8182);
#7357=LINE('',#17193,#8183);
#7358=LINE('',#17197,#8184);
#7359=LINE('',#17201,#8185);
#7360=LINE('',#17203,#8186);
#7361=LINE('',#17205,#8187);
#7362=LINE('',#17207,#8188);
#7363=LINE('',#17209,#8189);
#7364=LINE('',#17211,#8190);
#7365=LINE('',#17213,#8191);
#7366=LINE('',#17215,#8192);
#7367=LINE('',#17217,#8193);
#7368=LINE('',#17219,#8194);
#7369=LINE('',#17221,#8195);
#7370=LINE('',#17223,#8196);
#7371=LINE('',#17225,#8197);
#7372=LINE('',#17227,#8198);
#7373=LINE('',#17229,#8199);
#7374=LINE('',#17231,#8200);
#7375=LINE('',#17233,#8201);
#7376=LINE('',#17235,#8202);
#7377=LINE('',#17237,#8203);
#7378=LINE('',#17239,#8204);
#7379=LINE('',#17241,#8205);
#7380=LINE('',#17243,#8206);
#7381=LINE('',#17245,#8207);
#7382=LINE('',#17247,#8208);
#7383=LINE('',#17249,#8209);
#7384=LINE('',#17251,#8210);
#7385=LINE('',#17255,#8211);
#7386=LINE('',#17259,#8212);
#7387=LINE('',#17270,#8213);
#7388=LINE('',#17276,#8214);
#7389=LINE('',#17280,#8215);
#7390=LINE('',#17284,#8216);
#7391=LINE('',#17288,#8217);
#7392=LINE('',#17292,#8218);
#7393=LINE('',#17294,#8219);
#7394=LINE('',#17296,#8220);
#7395=LINE('',#17298,#8221);
#7396=LINE('',#17300,#8222);
#7397=LINE('',#17302,#8223);
#7398=LINE('',#17304,#8224);
#7399=LINE('',#17306,#8225);
#7400=LINE('',#17308,#8226);
#7401=LINE('',#17310,#8227);
#7402=LINE('',#17312,#8228);
#7403=LINE('',#17316,#8229);
#7404=LINE('',#17320,#8230);
#7405=LINE('',#17324,#8231);
#7406=LINE('',#17335,#8232);
#7407=LINE('',#17341,#8233);
#7408=LINE('',#17345,#8234);
#7409=LINE('',#17349,#8235);
#7410=LINE('',#17353,#8236);
#7411=LINE('',#17357,#8237);
#7412=LINE('',#17361,#8238);
#7413=LINE('',#17363,#8239);
#7414=LINE('',#17367,#8240);
#7415=LINE('',#17371,#8241);
#7416=LINE('',#17375,#8242);
#7417=LINE('',#17386,#8243);
#7418=LINE('',#17392,#8244);
#7419=LINE('',#17396,#8245);
#7420=LINE('',#17400,#8246);
#7421=LINE('',#17411,#8247);
#7422=LINE('',#17417,#8248);
#7423=LINE('',#17421,#8249);
#7424=LINE('',#17425,#8250);
#7425=LINE('',#17427,#8251);
#7426=LINE('',#17429,#8252);
#7427=LINE('',#17431,#8253);
#7428=LINE('',#17433,#8254);
#7429=LINE('',#17435,#8255);
#7430=LINE('',#17437,#8256);
#7431=LINE('',#17439,#8257);
#7432=LINE('',#17448,#8258);
#7433=LINE('',#17454,#8259);
#7434=LINE('',#17458,#8260);
#7435=LINE('',#17462,#8261);
#7436=LINE('',#17466,#8262);
#7437=LINE('',#17470,#8263);
#7438=LINE('',#17472,#8264);
#7439=LINE('',#17476,#8265);
#7440=LINE('',#17480,#8266);
#7441=LINE('',#17484,#8267);
#7442=LINE('',#17488,#8268);
#7443=LINE('',#17492,#8269);
#7444=LINE('',#17496,#8270);
#7445=LINE('',#17498,#8271);
#7446=LINE('',#17500,#8272);
#7447=LINE('',#17502,#8273);
#7448=LINE('',#17504,#8274);
#7449=LINE('',#17506,#8275);
#7450=LINE('',#17508,#8276);
#7451=LINE('',#17510,#8277);
#7452=LINE('',#17512,#8278);
#7453=LINE('',#17514,#8279);
#7454=LINE('',#17516,#8280);
#7455=LINE('',#17520,#8281);
#7456=LINE('',#17524,#8282);
#7457=LINE('',#17528,#8283);
#7458=LINE('',#17532,#8284);
#7459=LINE('',#17536,#8285);
#7460=LINE('',#17540,#8286);
#7461=LINE('',#17544,#8287);
#7462=LINE('',#17548,#8288);
#7463=LINE('',#17552,#8289);
#7464=LINE('',#17556,#8290);
#7465=LINE('',#17560,#8291);
#7466=LINE('',#17564,#8292);
#7467=LINE('',#17568,#8293);
#7468=LINE('',#17570,#8294);
#7469=LINE('',#17572,#8295);
#7470=LINE('',#17576,#8296);
#7471=LINE('',#17580,#8297);
#7472=LINE('',#17584,#8298);
#7473=LINE('',#17588,#8299);
#7474=LINE('',#17592,#8300);
#7475=LINE('',#17596,#8301);
#7476=LINE('',#17600,#8302);
#7477=LINE('',#17602,#8303);
#7478=LINE('',#17606,#8304);
#7479=LINE('',#17610,#8305);
#7480=LINE('',#17614,#8306);
#7481=LINE('',#17618,#8307);
#7482=LINE('',#17622,#8308);
#7483=LINE('',#17626,#8309);
#7484=LINE('',#17628,#8310);
#7485=LINE('',#17630,#8311);
#7486=LINE('',#17632,#8312);
#7487=LINE('',#17634,#8313);
#7488=LINE('',#17636,#8314);
#7489=LINE('',#17638,#8315);
#7490=LINE('',#17640,#8316);
#7491=LINE('',#17642,#8317);
#7492=LINE('',#17644,#8318);
#7493=LINE('',#17646,#8319);
#7494=LINE('',#17650,#8320);
#7495=LINE('',#17654,#8321);
#7496=LINE('',#17658,#8322);
#7497=LINE('',#17662,#8323);
#7498=LINE('',#17666,#8324);
#7499=LINE('',#17670,#8325);
#7500=LINE('',#17674,#8326);
#7501=LINE('',#17678,#8327);
#7502=LINE('',#17682,#8328);
#7503=LINE('',#17686,#8329);
#7504=LINE('',#17690,#8330);
#7505=LINE('',#17694,#8331);
#7506=LINE('',#17698,#8332);
#7507=LINE('',#17700,#8333);
#7508=LINE('',#17702,#8334);
#7509=LINE('',#17706,#8335);
#7510=LINE('',#17710,#8336);
#7511=LINE('',#17714,#8337);
#7512=LINE('',#17718,#8338);
#7513=LINE('',#17722,#8339);
#7514=LINE('',#17726,#8340);
#7515=LINE('',#17728,#8341);
#7516=LINE('',#17730,#8342);
#7517=LINE('',#17732,#8343);
#7518=LINE('',#17734,#8344);
#7519=LINE('',#17736,#8345);
#7520=LINE('',#17738,#8346);
#7521=LINE('',#17740,#8347);
#7522=LINE('',#17744,#8348);
#7523=LINE('',#17746,#8349);
#7524=LINE('',#17750,#8350);
#7525=LINE('',#17754,#8351);
#7526=LINE('',#17758,#8352);
#7527=LINE('',#17762,#8353);
#7528=LINE('',#17766,#8354);
#7529=LINE('',#17770,#8355);
#7530=LINE('',#17774,#8356);
#7531=LINE('',#17778,#8357);
#7532=LINE('',#17782,#8358);
#7533=LINE('',#17786,#8359);
#7534=LINE('',#17790,#8360);
#7535=LINE('',#17794,#8361);
#7536=LINE('',#17798,#8362);
#7537=LINE('',#17802,#8363);
#7538=LINE('',#17804,#8364);
#7539=LINE('',#17806,#8365);
#7540=LINE('',#17808,#8366);
#7541=LINE('',#17810,#8367);
#7542=LINE('',#17812,#8368);
#7543=LINE('',#17814,#8369);
#7544=LINE('',#17816,#8370);
#7545=LINE('',#17820,#8371);
#7546=LINE('',#17822,#8372);
#7547=LINE('',#17826,#8373);
#7548=LINE('',#17830,#8374);
#7549=LINE('',#17834,#8375);
#7550=LINE('',#17838,#8376);
#7551=LINE('',#17842,#8377);
#7552=LINE('',#17846,#8378);
#7553=LINE('',#17850,#8379);
#7554=LINE('',#17854,#8380);
#7555=LINE('',#17858,#8381);
#7556=LINE('',#17862,#8382);
#7557=LINE('',#17866,#8383);
#7558=LINE('',#17870,#8384);
#7559=LINE('',#17874,#8385);
#7560=LINE('',#17878,#8386);
#7561=LINE('',#17882,#8387);
#7562=LINE('',#17884,#8388);
#7563=LINE('',#17888,#8389);
#7564=LINE('',#17892,#8390);
#7565=LINE('',#17896,#8391);
#7566=LINE('',#17900,#8392);
#7567=LINE('',#17904,#8393);
#7568=LINE('',#17908,#8394);
#7569=LINE('',#17910,#8395);
#7570=LINE('',#17912,#8396);
#7571=LINE('',#17914,#8397);
#7572=LINE('',#17916,#8398);
#7573=LINE('',#17918,#8399);
#7574=LINE('',#17920,#8400);
#7575=LINE('',#17922,#8401);
#7576=LINE('',#17924,#8402);
#7577=LINE('',#17926,#8403);
#7578=LINE('',#17928,#8404);
#7579=LINE('',#17932,#8405);
#7580=LINE('',#17936,#8406);
#7581=LINE('',#17940,#8407);
#7582=LINE('',#17944,#8408);
#7583=LINE('',#17948,#8409);
#7584=LINE('',#17952,#8410);
#7585=LINE('',#17956,#8411);
#7586=LINE('',#17960,#8412);
#7587=LINE('',#17964,#8413);
#7588=LINE('',#17968,#8414);
#7589=LINE('',#17972,#8415);
#7590=LINE('',#17976,#8416);
#7591=LINE('',#17980,#8417);
#7592=LINE('',#17982,#8418);
#7593=LINE('',#17984,#8419);
#7594=LINE('',#17988,#8420);
#7595=LINE('',#17992,#8421);
#7596=LINE('',#17996,#8422);
#7597=LINE('',#18000,#8423);
#7598=LINE('',#18004,#8424);
#7599=LINE('',#18008,#8425);
#7600=LINE('',#18010,#8426);
#7601=LINE('',#18012,#8427);
#7602=LINE('',#18014,#8428);
#7603=LINE('',#18016,#8429);
#7604=LINE('',#18018,#8430);
#7605=LINE('',#18020,#8431);
#7606=LINE('',#18022,#8432);
#7607=LINE('',#18024,#8433);
#7608=LINE('',#18026,#8434);
#7609=LINE('',#18041,#8435);
#7610=LINE('',#18047,#8436);
#7611=LINE('',#18062,#8437);
#7612=LINE('',#18064,#8438);
#7613=LINE('',#18066,#8439);
#7614=LINE('',#18070,#8440);
#7615=LINE('',#18080,#8441);
#7616=LINE('',#18084,#8442);
#7617=LINE('',#18090,#8443);
#7618=LINE('',#18093,#8444);
#7619=LINE('',#18095,#8445);
#7620=LINE('',#18097,#8446);
#7621=LINE('',#18109,#8447);
#7622=LINE('',#18112,#8448);
#7623=LINE('',#18114,#8449);
#7624=LINE('',#18116,#8450);
#7625=LINE('',#18118,#8451);
#7626=LINE('',#18121,#8452);
#7627=LINE('',#18123,#8453);
#7628=LINE('',#18125,#8454);
#7629=LINE('',#18127,#8455);
#7630=LINE('',#18130,#8456);
#7631=LINE('',#18132,#8457);
#7632=LINE('',#18134,#8458);
#7633=LINE('',#18145,#8459);
#7634=LINE('',#18148,#8460);
#7635=LINE('',#18150,#8461);
#7636=LINE('',#18152,#8462);
#7637=LINE('',#18169,#8463);
#7638=LINE('',#18170,#8464);
#7639=LINE('',#18172,#8465);
#7640=LINE('',#18174,#8466);
#7641=VECTOR('',#11521,1.);
#7642=VECTOR('',#11522,1.);
#7643=VECTOR('',#11523,1.);
#7644=VECTOR('',#11524,1.);
#7645=VECTOR('',#11525,1.);
#7646=VECTOR('',#11526,1.);
#7647=VECTOR('',#11527,1.);
#7648=VECTOR('',#11528,1.);
#7649=VECTOR('',#11531,1.);
#7650=VECTOR('',#11532,1.);
#7651=VECTOR('',#11533,1.);
#7652=VECTOR('',#11534,1.);
#7653=VECTOR('',#11535,1.);
#7654=VECTOR('',#11536,1.);
#7655=VECTOR('',#11537,1.);
#7656=VECTOR('',#11538,1.);
#7657=VECTOR('',#11541,1.);
#7658=VECTOR('',#11542,1.);
#7659=VECTOR('',#11543,1.);
#7660=VECTOR('',#11546,1.);
#7661=VECTOR('',#11547,1.);
#7662=VECTOR('',#11548,1.);
#7663=VECTOR('',#11551,1.);
#7664=VECTOR('',#11552,1.);
#7665=VECTOR('',#11557,1.);
#7666=VECTOR('',#11558,1.);
#7667=VECTOR('',#11559,1.);
#7668=VECTOR('',#11560,1.);
#7669=VECTOR('',#11561,1.);
#7670=VECTOR('',#11562,1.);
#7671=VECTOR('',#11563,1.);
#7672=VECTOR('',#11564,1.);
#7673=VECTOR('',#11565,1.);
#7674=VECTOR('',#11566,1.);
#7675=VECTOR('',#11567,1.);
#7676=VECTOR('',#11568,1.);
#7677=VECTOR('',#11569,1.);
#7678=VECTOR('',#11572,1.);
#7679=VECTOR('',#11573,1.);
#7680=VECTOR('',#11574,1.);
#7681=VECTOR('',#11575,1.);
#7682=VECTOR('',#11576,1.);
#7683=VECTOR('',#11577,1.);
#7684=VECTOR('',#11578,1.);
#7685=VECTOR('',#11579,1.);
#7686=VECTOR('',#11580,1.);
#7687=VECTOR('',#11581,1.);
#7688=VECTOR('',#11582,1.);
#7689=VECTOR('',#11583,1.);
#7690=VECTOR('',#11586,1.);
#7691=VECTOR('',#11587,1.);
#7692=VECTOR('',#11588,1.);
#7693=VECTOR('',#11589,1.);
#7694=VECTOR('',#11590,1.);
#7695=VECTOR('',#11591,1.);
#7696=VECTOR('',#11592,1.);
#7697=VECTOR('',#11593,1.);
#7698=VECTOR('',#11594,1.);
#7699=VECTOR('',#11595,1.);
#7700=VECTOR('',#11596,1.);
#7701=VECTOR('',#11613,1.);
#7702=VECTOR('',#11640,1.);
#7703=VECTOR('',#11641,1.);
#7704=VECTOR('',#11642,1.);
#7705=VECTOR('',#11643,1.);
#7706=VECTOR('',#11644,1.);
#7707=VECTOR('',#11675,1.);
#7708=VECTOR('',#11706,1.);
#7709=VECTOR('',#11707,1.);
#7710=VECTOR('',#11708,1.);
#7711=VECTOR('',#11709,1.);
#7712=VECTOR('',#11710,1.);
#7713=VECTOR('',#11711,1.);
#7714=VECTOR('',#11712,1.);
#7715=VECTOR('',#11713,1.);
#7716=VECTOR('',#11714,1.);
#7717=VECTOR('',#11715,1.);
#7718=VECTOR('',#11716,1.);
#7719=VECTOR('',#11735,1.);
#7720=VECTOR('',#11752,1.);
#7721=VECTOR('',#11773,1.);
#7722=VECTOR('',#11774,1.);
#7723=VECTOR('',#11775,1.);
#7724=VECTOR('',#11792,1.);
#7725=VECTOR('',#11793,1.);
#7726=VECTOR('',#11794,1.);
#7727=VECTOR('',#11795,1.);
#7728=VECTOR('',#11796,1.);
#7729=VECTOR('',#11797,1.);
#7730=VECTOR('',#11798,1.);
#7731=VECTOR('',#11799,1.);
#7732=VECTOR('',#11800,1.);
#7733=VECTOR('',#11801,1.);
#7734=VECTOR('',#11830,1.);
#7735=VECTOR('',#11859,1.);
#7736=VECTOR('',#11890,1.);
#7737=VECTOR('',#11891,1.);
#7738=VECTOR('',#11892,1.);
#7739=VECTOR('',#11893,1.);
#7740=VECTOR('',#11894,1.);
#7741=VECTOR('',#11895,1.);
#7742=VECTOR('',#11896,1.);
#7743=VECTOR('',#11897,1.);
#7744=VECTOR('',#11898,1.);
#7745=VECTOR('',#11899,1.);
#7746=VECTOR('',#11900,1.);
#7747=VECTOR('',#11901,1.);
#7748=VECTOR('',#11902,1.);
#7749=VECTOR('',#11903,1.);
#7750=VECTOR('',#11904,1.);
#7751=VECTOR('',#11905,1.);
#7752=VECTOR('',#11906,1.);
#7753=VECTOR('',#11907,1.);
#7754=VECTOR('',#11912,1.);
#7755=VECTOR('',#11913,1.);
#7756=VECTOR('',#11914,1.);
#7757=VECTOR('',#11919,1.);
#7758=VECTOR('',#11952,1.);
#7759=VECTOR('',#11953,1.);
#7760=VECTOR('',#11954,1.);
#7761=VECTOR('',#11955,1.);
#7762=VECTOR('',#11956,1.);
#7763=VECTOR('',#11957,1.);
#7764=VECTOR('',#11958,1.);
#7765=VECTOR('',#11959,1.);
#7766=VECTOR('',#11960,1.);
#7767=VECTOR('',#11961,1.);
#7768=VECTOR('',#11962,1.);
#7769=VECTOR('',#11979,1.);
#7770=VECTOR('',#11986,1.);
#7771=VECTOR('',#12005,1.);
#7772=VECTOR('',#12006,1.);
#7773=VECTOR('',#12007,1.);
#7774=VECTOR('',#12008,1.);
#7775=VECTOR('',#12009,1.);
#7776=VECTOR('',#12024,1.);
#7777=VECTOR('',#12025,1.);
#7778=VECTOR('',#12036,1.);
#7779=VECTOR('',#12037,1.);
#7780=VECTOR('',#12038,1.);
#7781=VECTOR('',#12039,1.);
#7782=VECTOR('',#12074,1.);
#7783=VECTOR('',#12101,1.);
#7784=VECTOR('',#12102,1.);
#7785=VECTOR('',#12103,1.);
#7786=VECTOR('',#12104,1.);
#7787=VECTOR('',#12105,1.);
#7788=VECTOR('',#12134,1.);
#7789=VECTOR('',#12161,1.);
#7790=VECTOR('',#12162,1.);
#7791=VECTOR('',#12163,1.);
#7792=VECTOR('',#12164,1.);
#7793=VECTOR('',#12165,1.);
#7794=VECTOR('',#12178,1.);
#7795=VECTOR('',#12179,1.);
#7796=VECTOR('',#12180,1.);
#7797=VECTOR('',#12181,1.);
#7798=VECTOR('',#12214,1.);
#7799=VECTOR('',#12215,1.);
#7800=VECTOR('',#12216,1.);
#7801=VECTOR('',#12217,1.);
#7802=VECTOR('',#12266,1.);
#7803=VECTOR('',#12293,1.);
#7804=VECTOR('',#12294,1.);
#7805=VECTOR('',#12295,1.);
#7806=VECTOR('',#12296,1.);
#7807=VECTOR('',#12297,1.);
#7808=VECTOR('',#12312,1.);
#7809=VECTOR('',#12313,1.);
#7810=VECTOR('',#12314,1.);
#7811=VECTOR('',#12317,1.);
#7812=VECTOR('',#12318,1.);
#7813=VECTOR('',#12321,1.);
#7814=VECTOR('',#12322,1.);
#7815=VECTOR('',#12325,1.);
#7816=VECTOR('',#12326,1.);
#7817=VECTOR('',#12327,1.);
#7818=VECTOR('',#12330,1.);
#7819=VECTOR('',#12331,1.);
#7820=VECTOR('',#12334,1.);
#7821=VECTOR('',#12335,1.);
#7822=VECTOR('',#12338,1.);
#7823=VECTOR('',#12339,1.);
#7824=VECTOR('',#12340,1.);
#7825=VECTOR('',#12343,1.);
#7826=VECTOR('',#12344,1.);
#7827=VECTOR('',#12347,1.);
#7828=VECTOR('',#12348,1.);
#7829=VECTOR('',#12351,1.);
#7830=VECTOR('',#12352,1.);
#7831=VECTOR('',#12353,1.);
#7832=VECTOR('',#12356,1.);
#7833=VECTOR('',#12357,1.);
#7834=VECTOR('',#12360,1.);
#7835=VECTOR('',#12361,1.);
#7836=VECTOR('',#12364,1.);
#7837=VECTOR('',#12365,1.);
#7838=VECTOR('',#12366,1.);
#7839=VECTOR('',#12369,1.);
#7840=VECTOR('',#12370,1.);
#7841=VECTOR('',#12373,1.);
#7842=VECTOR('',#12374,1.);
#7843=VECTOR('',#12377,1.);
#7844=VECTOR('',#12378,1.);
#7845=VECTOR('',#12379,1.);
#7846=VECTOR('',#12382,1.);
#7847=VECTOR('',#12383,1.);
#7848=VECTOR('',#12386,1.);
#7849=VECTOR('',#12387,1.);
#7850=VECTOR('',#12390,1.);
#7851=VECTOR('',#12391,1.);
#7852=VECTOR('',#12392,1.);
#7853=VECTOR('',#12395,1.);
#7854=VECTOR('',#12396,1.);
#7855=VECTOR('',#12397,1.);
#7856=VECTOR('',#12400,1.);
#7857=VECTOR('',#12401,1.);
#7858=VECTOR('',#12404,1.);
#7859=VECTOR('',#12405,1.);
#7860=VECTOR('',#12406,1.);
#7861=VECTOR('',#12409,1.);
#7862=VECTOR('',#12410,1.);
#7863=VECTOR('',#12413,1.);
#7864=VECTOR('',#12414,1.);
#7865=VECTOR('',#12417,1.);
#7866=VECTOR('',#12418,1.);
#7867=VECTOR('',#12419,1.);
#7868=VECTOR('',#12422,1.);
#7869=VECTOR('',#12423,1.);
#7870=VECTOR('',#12426,1.);
#7871=VECTOR('',#12427,1.);
#7872=VECTOR('',#12430,1.);
#7873=VECTOR('',#12433,1.);
#7874=VECTOR('',#12436,1.);
#7875=VECTOR('',#12441,1.);
#7876=VECTOR('',#12446,1.);
#7877=VECTOR('',#12451,1.);
#7878=VECTOR('',#12456,1.);
#7879=VECTOR('',#12461,1.);
#7880=VECTOR('',#12466,1.);
#7881=VECTOR('',#12467,1.);
#7882=VECTOR('',#12470,1.);
#7883=VECTOR('',#12471,1.);
#7884=VECTOR('',#12474,1.);
#7885=VECTOR('',#12475,1.);
#7886=VECTOR('',#12478,1.);
#7887=VECTOR('',#12479,1.);
#7888=VECTOR('',#12482,1.);
#7889=VECTOR('',#12483,1.);
#7890=VECTOR('',#12486,1.);
#7891=VECTOR('',#12491,1.);
#7892=VECTOR('',#12496,1.);
#7893=VECTOR('',#12501,1.);
#7894=VECTOR('',#12506,1.);
#7895=VECTOR('',#12511,1.);
#7896=VECTOR('',#12516,1.);
#7897=VECTOR('',#12521,1.);
#7898=VECTOR('',#12526,1.);
#7899=VECTOR('',#12531,1.);
#7900=VECTOR('',#12536,1.);
#7901=VECTOR('',#12541,1.);
#7902=VECTOR('',#12546,1.);
#7903=VECTOR('',#12551,1.);
#7904=VECTOR('',#12552,1.);
#7905=VECTOR('',#12555,1.);
#7906=VECTOR('',#12560,1.);
#7907=VECTOR('',#12565,1.);
#7908=VECTOR('',#12570,1.);
#7909=VECTOR('',#12575,1.);
#7910=VECTOR('',#12580,1.);
#7911=VECTOR('',#12585,1.);
#7912=VECTOR('',#12588,1.);
#7913=VECTOR('',#12591,1.);
#7914=VECTOR('',#12596,1.);
#7915=VECTOR('',#12601,1.);
#7916=VECTOR('',#12606,1.);
#7917=VECTOR('',#12609,1.);
#7918=VECTOR('',#12612,1.);
#7919=VECTOR('',#12617,1.);
#7920=VECTOR('',#12622,1.);
#7921=VECTOR('',#12627,1.);
#7922=VECTOR('',#12632,1.);
#7923=VECTOR('',#12637,1.);
#7924=VECTOR('',#12642,1.);
#7925=VECTOR('',#12645,1.);
#7926=VECTOR('',#12646,1.);
#7927=VECTOR('',#12649,1.);
#7928=VECTOR('',#12654,1.);
#7929=VECTOR('',#12659,1.);
#7930=VECTOR('',#12664,1.);
#7931=VECTOR('',#12669,1.);
#7932=VECTOR('',#12670,1.);
#7933=VECTOR('',#12673,1.);
#7934=VECTOR('',#12678,1.);
#7935=VECTOR('',#12683,1.);
#7936=VECTOR('',#12688,1.);
#7937=VECTOR('',#12693,1.);
#7938=VECTOR('',#12698,1.);
#7939=VECTOR('',#12703,1.);
#7940=VECTOR('',#12708,1.);
#7941=VECTOR('',#12713,1.);
#7942=VECTOR('',#12714,1.);
#7943=VECTOR('',#12715,1.);
#7944=VECTOR('',#12718,1.);
#7945=VECTOR('',#12719,1.);
#7946=VECTOR('',#12722,1.);
#7947=VECTOR('',#12723,1.);
#7948=VECTOR('',#12726,1.);
#7949=VECTOR('',#12727,1.);
#7950=VECTOR('',#12730,1.);
#7951=VECTOR('',#12731,1.);
#7952=VECTOR('',#12734,1.);
#7953=VECTOR('',#12735,1.);
#7954=VECTOR('',#12738,1.);
#7955=VECTOR('',#12739,1.);
#7956=VECTOR('',#12742,1.);
#7957=VECTOR('',#12743,1.);
#7958=VECTOR('',#12746,1.);
#7959=VECTOR('',#12747,1.);
#7960=VECTOR('',#12750,1.);
#7961=VECTOR('',#12751,1.);
#7962=VECTOR('',#12754,1.);
#7963=VECTOR('',#12757,1.);
#7964=VECTOR('',#12758,1.);
#7965=VECTOR('',#12761,1.);
#7966=VECTOR('',#12766,1.);
#7967=VECTOR('',#12771,1.);
#7968=VECTOR('',#12776,1.);
#7969=VECTOR('',#12777,1.);
#7970=VECTOR('',#12780,1.);
#7971=VECTOR('',#12785,1.);
#7972=VECTOR('',#12790,1.);
#7973=VECTOR('',#12795,1.);
#7974=VECTOR('',#12800,1.);
#7975=VECTOR('',#12805,1.);
#7976=VECTOR('',#12810,1.);
#7977=VECTOR('',#12815,1.);
#7978=VECTOR('',#12820,1.);
#7979=VECTOR('',#12821,1.);
#7980=VECTOR('',#12824,1.);
#7981=VECTOR('',#12827,1.);
#7982=VECTOR('',#12830,1.);
#7983=VECTOR('',#12835,1.);
#7984=VECTOR('',#12840,1.);
#7985=VECTOR('',#12845,1.);
#7986=VECTOR('',#12850,1.);
#7987=VECTOR('',#12855,1.);
#7988=VECTOR('',#12860,1.);
#7989=VECTOR('',#12863,1.);
#7990=VECTOR('',#12866,1.);
#7991=VECTOR('',#12871,1.);
#7992=VECTOR('',#12876,1.);
#7993=VECTOR('',#12879,1.);
#7994=VECTOR('',#12880,1.);
#7995=VECTOR('',#12883,1.);
#7996=VECTOR('',#12888,1.);
#7997=VECTOR('',#12893,1.);
#7998=VECTOR('',#12898,1.);
#7999=VECTOR('',#12903,1.);
#8000=VECTOR('',#12908,1.);
#8001=VECTOR('',#12909,1.);
#8002=VECTOR('',#12912,1.);
#8003=VECTOR('',#12913,1.);
#8004=VECTOR('',#12916,1.);
#8005=VECTOR('',#12917,1.);
#8006=VECTOR('',#12920,1.);
#8007=VECTOR('',#12925,1.);
#8008=VECTOR('',#12930,1.);
#8009=VECTOR('',#12933,1.);
#8010=VECTOR('',#12936,1.);
#8011=VECTOR('',#12941,1.);
#8012=VECTOR('',#12946,1.);
#8013=VECTOR('',#12947,1.);
#8014=VECTOR('',#12948,1.);
#8015=VECTOR('',#12951,1.);
#8016=VECTOR('',#12952,1.);
#8017=VECTOR('',#12955,1.);
#8018=VECTOR('',#12956,1.);
#8019=VECTOR('',#12959,1.);
#8020=VECTOR('',#12960,1.);
#8021=VECTOR('',#12963,1.);
#8022=VECTOR('',#12964,1.);
#8023=VECTOR('',#12967,1.);
#8024=VECTOR('',#12968,1.);
#8025=VECTOR('',#12971,1.);
#8026=VECTOR('',#12972,1.);
#8027=VECTOR('',#12975,1.);
#8028=VECTOR('',#12976,1.);
#8029=VECTOR('',#12979,1.);
#8030=VECTOR('',#12980,1.);
#8031=VECTOR('',#12981,1.);
#8032=VECTOR('',#12982,1.);
#8033=VECTOR('',#12985,1.);
#8034=VECTOR('',#12990,1.);
#8035=VECTOR('',#12995,1.);
#8036=VECTOR('',#12998,1.);
#8037=VECTOR('',#13001,1.);
#8038=VECTOR('',#13006,1.);
#8039=VECTOR('',#13011,1.);
#8040=VECTOR('',#13016,1.);
#8041=VECTOR('',#13021,1.);
#8042=VECTOR('',#13022,1.);
#8043=VECTOR('',#13025,1.);
#8044=VECTOR('',#13030,1.);
#8045=VECTOR('',#13035,1.);
#8046=VECTOR('',#13040,1.);
#8047=VECTOR('',#13043,1.);
#8048=VECTOR('',#13044,1.);
#8049=VECTOR('',#13047,1.);
#8050=VECTOR('',#13052,1.);
#8051=VECTOR('',#13057,1.);
#8052=VECTOR('',#13062,1.);
#8053=VECTOR('',#13067,1.);
#8054=VECTOR('',#13070,1.);
#8055=VECTOR('',#13071,1.);
#8056=VECTOR('',#13074,1.);
#8057=VECTOR('',#13079,1.);
#8058=VECTOR('',#13084,1.);
#8059=VECTOR('',#13089,1.);
#8060=VECTOR('',#13092,1.);
#8061=VECTOR('',#13095,1.);
#8062=VECTOR('',#13100,1.);
#8063=VECTOR('',#13101,1.);
#8064=VECTOR('',#13104,1.);
#8065=VECTOR('',#13109,1.);
#8066=VECTOR('',#13114,1.);
#8067=VECTOR('',#13119,1.);
#8068=VECTOR('',#13124,1.);
#8069=VECTOR('',#13129,1.);
#8070=VECTOR('',#13134,1.);
#8071=VECTOR('',#13139,1.);
#8072=VECTOR('',#13144,1.);
#8073=VECTOR('',#13149,1.);
#8074=VECTOR('',#13152,1.);
#8075=VECTOR('',#13155,1.);
#8076=VECTOR('',#13160,1.);
#8077=VECTOR('',#13165,1.);
#8078=VECTOR('',#13168,1.);
#8079=VECTOR('',#13169,1.);
#8080=VECTOR('',#13170,1.);
#8081=VECTOR('',#13171,1.);
#8082=VECTOR('',#13174,1.);
#8083=VECTOR('',#13179,1.);
#8084=VECTOR('',#13184,1.);
#8085=VECTOR('',#13189,1.);
#8086=VECTOR('',#13192,1.);
#8087=VECTOR('',#13193,1.);
#8088=VECTOR('',#13194,1.);
#8089=VECTOR('',#13195,1.);
#8090=VECTOR('',#13198,1.);
#8091=VECTOR('',#13203,1.);
#8092=VECTOR('',#13208,1.);
#8093=VECTOR('',#13213,1.);
#8094=VECTOR('',#13218,1.);
#8095=VECTOR('',#13219,1.);
#8096=VECTOR('',#13220,1.);
#8097=VECTOR('',#13223,1.);
#8098=VECTOR('',#13224,1.);
#8099=VECTOR('',#13227,1.);
#8100=VECTOR('',#13228,1.);
#8101=VECTOR('',#13231,1.);
#8102=VECTOR('',#13232,1.);
#8103=VECTOR('',#13235,1.);
#8104=VECTOR('',#13236,1.);
#8105=VECTOR('',#13239,1.);
#8106=VECTOR('',#13240,1.);
#8107=VECTOR('',#13243,1.);
#8108=VECTOR('',#13244,1.);
#8109=VECTOR('',#13247,1.);
#8110=VECTOR('',#13248,1.);
#8111=VECTOR('',#13249,1.);
#8112=VECTOR('',#13252,1.);
#8113=VECTOR('',#13253,1.);
#8114=VECTOR('',#13256,1.);
#8115=VECTOR('',#13257,1.);
#8116=VECTOR('',#13260,1.);
#8117=VECTOR('',#13261,1.);
#8118=VECTOR('',#13264,1.);
#8119=VECTOR('',#13265,1.);
#8120=VECTOR('',#13268,1.);
#8121=VECTOR('',#13269,1.);
#8122=VECTOR('',#13272,1.);
#8123=VECTOR('',#13273,1.);
#8124=VECTOR('',#13276,1.);
#8125=VECTOR('',#13277,1.);
#8126=VECTOR('',#13278,1.);
#8127=VECTOR('',#13281,1.);
#8128=VECTOR('',#13282,1.);
#8129=VECTOR('',#13283,1.);
#8130=VECTOR('',#13284,1.);
#8131=VECTOR('',#13287,1.);
#8132=VECTOR('',#13290,1.);
#8133=VECTOR('',#13291,1.);
#8134=VECTOR('',#13294,1.);
#8135=VECTOR('',#13297,1.);
#8136=VECTOR('',#13298,1.);
#8137=VECTOR('',#13301,1.);
#8138=VECTOR('',#13302,1.);
#8139=VECTOR('',#13305,1.);
#8140=VECTOR('',#13306,1.);
#8141=VECTOR('',#13309,1.);
#8142=VECTOR('',#13310,1.);
#8143=VECTOR('',#13311,1.);
#8144=VECTOR('',#13312,1.);
#8145=VECTOR('',#13313,1.);
#8146=VECTOR('',#13316,1.);
#8147=VECTOR('',#13321,1.);
#8148=VECTOR('',#13324,1.);
#8149=VECTOR('',#13325,1.);
#8150=VECTOR('',#13326,1.);
#8151=VECTOR('',#13329,1.);
#8152=VECTOR('',#13332,1.);
#8153=VECTOR('',#13335,1.);
#8154=VECTOR('',#13340,1.);
#8155=VECTOR('',#13345,1.);
#8156=VECTOR('',#13350,1.);
#8157=VECTOR('',#13355,1.);
#8158=VECTOR('',#13360,1.);
#8159=VECTOR('',#13365,1.);
#8160=VECTOR('',#13370,1.);
#8161=VECTOR('',#13375,1.);
#8162=VECTOR('',#13380,1.);
#8163=VECTOR('',#13385,1.);
#8164=VECTOR('',#13390,1.);
#8165=VECTOR('',#13395,1.);
#8166=VECTOR('',#13400,1.);
#8167=VECTOR('',#13405,1.);
#8168=VECTOR('',#13406,1.);
#8169=VECTOR('',#13407,1.);
#8170=VECTOR('',#13408,1.);
#8171=VECTOR('',#13411,1.);
#8172=VECTOR('',#13416,1.);
#8173=VECTOR('',#13421,1.);
#8174=VECTOR('',#13426,1.);
#8175=VECTOR('',#13427,1.);
#8176=VECTOR('',#13430,1.);
#8177=VECTOR('',#13435,1.);
#8178=VECTOR('',#13440,1.);
#8179=VECTOR('',#13445,1.);
#8180=VECTOR('',#13450,1.);
#8181=VECTOR('',#13453,1.);
#8182=VECTOR('',#13456,1.);
#8183=VECTOR('',#13461,1.);
#8184=VECTOR('',#13466,1.);
#8185=VECTOR('',#13471,1.);
#8186=VECTOR('',#13472,1.);
#8187=VECTOR('',#13475,1.);
#8188=VECTOR('',#13476,1.);
#8189=VECTOR('',#13479,1.);
#8190=VECTOR('',#13480,1.);
#8191=VECTOR('',#13483,1.);
#8192=VECTOR('',#13484,1.);
#8193=VECTOR('',#13487,1.);
#8194=VECTOR('',#13488,1.);
#8195=VECTOR('',#13491,1.);
#8196=VECTOR('',#13492,1.);
#8197=VECTOR('',#13495,1.);
#8198=VECTOR('',#13496,1.);
#8199=VECTOR('',#13499,1.);
#8200=VECTOR('',#13500,1.);
#8201=VECTOR('',#13503,1.);
#8202=VECTOR('',#13504,1.);
#8203=VECTOR('',#13507,1.);
#8204=VECTOR('',#13508,1.);
#8205=VECTOR('',#13509,1.);
#8206=VECTOR('',#13512,1.);
#8207=VECTOR('',#13513,1.);
#8208=VECTOR('',#13516,1.);
#8209=VECTOR('',#13517,1.);
#8210=VECTOR('',#13520,1.);
#8211=VECTOR('',#13525,1.);
#8212=VECTOR('',#13530,1.);
#8213=VECTOR('',#13533,1.);
#8214=VECTOR('',#13536,1.);
#8215=VECTOR('',#13541,1.);
#8216=VECTOR('',#13546,1.);
#8217=VECTOR('',#13551,1.);
#8218=VECTOR('',#13556,1.);
#8219=VECTOR('',#13557,1.);
#8220=VECTOR('',#13560,1.);
#8221=VECTOR('',#13561,1.);
#8222=VECTOR('',#13564,1.);
#8223=VECTOR('',#13565,1.);
#8224=VECTOR('',#13568,1.);
#8225=VECTOR('',#13569,1.);
#8226=VECTOR('',#13572,1.);
#8227=VECTOR('',#13573,1.);
#8228=VECTOR('',#13576,1.);
#8229=VECTOR('',#13581,1.);
#8230=VECTOR('',#13586,1.);
#8231=VECTOR('',#13591,1.);
#8232=VECTOR('',#13594,1.);
#8233=VECTOR('',#13597,1.);
#8234=VECTOR('',#13602,1.);
#8235=VECTOR('',#13607,1.);
#8236=VECTOR('',#13612,1.);
#8237=VECTOR('',#13617,1.);
#8238=VECTOR('',#13620,1.);
#8239=VECTOR('',#13623,1.);
#8240=VECTOR('',#13628,1.);
#8241=VECTOR('',#13633,1.);
#8242=VECTOR('',#13638,1.);
#8243=VECTOR('',#13641,1.);
#8244=VECTOR('',#13644,1.);
#8245=VECTOR('',#13649,1.);
#8246=VECTOR('',#13654,1.);
#8247=VECTOR('',#13657,1.);
#8248=VECTOR('',#13660,1.);
#8249=VECTOR('',#13665,1.);
#8250=VECTOR('',#13670,1.);
#8251=VECTOR('',#13671,1.);
#8252=VECTOR('',#13674,1.);
#8253=VECTOR('',#13675,1.);
#8254=VECTOR('',#13678,1.);
#8255=VECTOR('',#13679,1.);
#8256=VECTOR('',#13682,1.);
#8257=VECTOR('',#13683,1.);
#8258=VECTOR('',#13684,1.);
#8259=VECTOR('',#13687,1.);
#8260=VECTOR('',#13692,1.);
#8261=VECTOR('',#13697,1.);
#8262=VECTOR('',#13702,1.);
#8263=VECTOR('',#13705,1.);
#8264=VECTOR('',#13708,1.);
#8265=VECTOR('',#13713,1.);
#8266=VECTOR('',#13718,1.);
#8267=VECTOR('',#13723,1.);
#8268=VECTOR('',#13728,1.);
#8269=VECTOR('',#13733,1.);
#8270=VECTOR('',#13738,1.);
#8271=VECTOR('',#13739,1.);
#8272=VECTOR('',#13742,1.);
#8273=VECTOR('',#13743,1.);
#8274=VECTOR('',#13746,1.);
#8275=VECTOR('',#13747,1.);
#8276=VECTOR('',#13750,1.);
#8277=VECTOR('',#13751,1.);
#8278=VECTOR('',#13754,1.);
#8279=VECTOR('',#13755,1.);
#8280=VECTOR('',#13758,1.);
#8281=VECTOR('',#13763,1.);
#8282=VECTOR('',#13768,1.);
#8283=VECTOR('',#13773,1.);
#8284=VECTOR('',#13778,1.);
#8285=VECTOR('',#13783,1.);
#8286=VECTOR('',#13788,1.);
#8287=VECTOR('',#13793,1.);
#8288=VECTOR('',#13798,1.);
#8289=VECTOR('',#13803,1.);
#8290=VECTOR('',#13808,1.);
#8291=VECTOR('',#13813,1.);
#8292=VECTOR('',#13818,1.);
#8293=VECTOR('',#13823,1.);
#8294=VECTOR('',#13824,1.);
#8295=VECTOR('',#13827,1.);
#8296=VECTOR('',#13832,1.);
#8297=VECTOR('',#13837,1.);
#8298=VECTOR('',#13842,1.);
#8299=VECTOR('',#13847,1.);
#8300=VECTOR('',#13852,1.);
#8301=VECTOR('',#13857,1.);
#8302=VECTOR('',#13860,1.);
#8303=VECTOR('',#13863,1.);
#8304=VECTOR('',#13868,1.);
#8305=VECTOR('',#13873,1.);
#8306=VECTOR('',#13878,1.);
#8307=VECTOR('',#13883,1.);
#8308=VECTOR('',#13888,1.);
#8309=VECTOR('',#13893,1.);
#8310=VECTOR('',#13894,1.);
#8311=VECTOR('',#13897,1.);
#8312=VECTOR('',#13898,1.);
#8313=VECTOR('',#13901,1.);
#8314=VECTOR('',#13902,1.);
#8315=VECTOR('',#13905,1.);
#8316=VECTOR('',#13906,1.);
#8317=VECTOR('',#13909,1.);
#8318=VECTOR('',#13910,1.);
#8319=VECTOR('',#13913,1.);
#8320=VECTOR('',#13918,1.);
#8321=VECTOR('',#13923,1.);
#8322=VECTOR('',#13928,1.);
#8323=VECTOR('',#13933,1.);
#8324=VECTOR('',#13938,1.);
#8325=VECTOR('',#13943,1.);
#8326=VECTOR('',#13948,1.);
#8327=VECTOR('',#13953,1.);
#8328=VECTOR('',#13958,1.);
#8329=VECTOR('',#13963,1.);
#8330=VECTOR('',#13968,1.);
#8331=VECTOR('',#13973,1.);
#8332=VECTOR('',#13978,1.);
#8333=VECTOR('',#13979,1.);
#8334=VECTOR('',#13982,1.);
#8335=VECTOR('',#13987,1.);
#8336=VECTOR('',#13992,1.);
#8337=VECTOR('',#13997,1.);
#8338=VECTOR('',#14002,1.);
#8339=VECTOR('',#14007,1.);
#8340=VECTOR('',#14012,1.);
#8341=VECTOR('',#14013,1.);
#8342=VECTOR('',#14014,1.);
#8343=VECTOR('',#14017,1.);
#8344=VECTOR('',#14018,1.);
#8345=VECTOR('',#14021,1.);
#8346=VECTOR('',#14022,1.);
#8347=VECTOR('',#14025,1.);
#8348=VECTOR('',#14028,1.);
#8349=VECTOR('',#14031,1.);
#8350=VECTOR('',#14036,1.);
#8351=VECTOR('',#14041,1.);
#8352=VECTOR('',#14046,1.);
#8353=VECTOR('',#14051,1.);
#8354=VECTOR('',#14056,1.);
#8355=VECTOR('',#14061,1.);
#8356=VECTOR('',#14066,1.);
#8357=VECTOR('',#14071,1.);
#8358=VECTOR('',#14076,1.);
#8359=VECTOR('',#14081,1.);
#8360=VECTOR('',#14086,1.);
#8361=VECTOR('',#14091,1.);
#8362=VECTOR('',#14096,1.);
#8363=VECTOR('',#14101,1.);
#8364=VECTOR('',#14102,1.);
#8365=VECTOR('',#14103,1.);
#8366=VECTOR('',#14106,1.);
#8367=VECTOR('',#14107,1.);
#8368=VECTOR('',#14110,1.);
#8369=VECTOR('',#14111,1.);
#8370=VECTOR('',#14114,1.);
#8371=VECTOR('',#14117,1.);
#8372=VECTOR('',#14120,1.);
#8373=VECTOR('',#14125,1.);
#8374=VECTOR('',#14130,1.);
#8375=VECTOR('',#14135,1.);
#8376=VECTOR('',#14140,1.);
#8377=VECTOR('',#14145,1.);
#8378=VECTOR('',#14150,1.);
#8379=VECTOR('',#14155,1.);
#8380=VECTOR('',#14160,1.);
#8381=VECTOR('',#14165,1.);
#8382=VECTOR('',#14170,1.);
#8383=VECTOR('',#14175,1.);
#8384=VECTOR('',#14180,1.);
#8385=VECTOR('',#14185,1.);
#8386=VECTOR('',#14190,1.);
#8387=VECTOR('',#14193,1.);
#8388=VECTOR('',#14196,1.);
#8389=VECTOR('',#14201,1.);
#8390=VECTOR('',#14206,1.);
#8391=VECTOR('',#14211,1.);
#8392=VECTOR('',#14216,1.);
#8393=VECTOR('',#14221,1.);
#8394=VECTOR('',#14226,1.);
#8395=VECTOR('',#14227,1.);
#8396=VECTOR('',#14230,1.);
#8397=VECTOR('',#14231,1.);
#8398=VECTOR('',#14234,1.);
#8399=VECTOR('',#14235,1.);
#8400=VECTOR('',#14238,1.);
#8401=VECTOR('',#14239,1.);
#8402=VECTOR('',#14242,1.);
#8403=VECTOR('',#14243,1.);
#8404=VECTOR('',#14246,1.);
#8405=VECTOR('',#14251,1.);
#8406=VECTOR('',#14256,1.);
#8407=VECTOR('',#14261,1.);
#8408=VECTOR('',#14266,1.);
#8409=VECTOR('',#14271,1.);
#8410=VECTOR('',#14276,1.);
#8411=VECTOR('',#14281,1.);
#8412=VECTOR('',#14286,1.);
#8413=VECTOR('',#14291,1.);
#8414=VECTOR('',#14296,1.);
#8415=VECTOR('',#14301,1.);
#8416=VECTOR('',#14306,1.);
#8417=VECTOR('',#14311,1.);
#8418=VECTOR('',#14312,1.);
#8419=VECTOR('',#14315,1.);
#8420=VECTOR('',#14320,1.);
#8421=VECTOR('',#14325,1.);
#8422=VECTOR('',#14330,1.);
#8423=VECTOR('',#14335,1.);
#8424=VECTOR('',#14340,1.);
#8425=VECTOR('',#14345,1.);
#8426=VECTOR('',#14348,1.);
#8427=VECTOR('',#14351,1.);
#8428=VECTOR('',#14354,1.);
#8429=VECTOR('',#14355,1.);
#8430=VECTOR('',#14358,1.);
#8431=VECTOR('',#14361,1.);
#8432=VECTOR('',#14364,1.);
#8433=VECTOR('',#14367,1.);
#8434=VECTOR('',#14370,1.);
#8435=VECTOR('',#14377,1.);
#8436=VECTOR('',#14388,1.);
#8437=VECTOR('',#14395,1.);
#8438=VECTOR('',#14398,1.);
#8439=VECTOR('',#14401,1.);
#8440=VECTOR('',#14408,1.);
#8441=VECTOR('',#14427,1.);
#8442=VECTOR('',#14434,1.);
#8443=VECTOR('',#14445,1.);
#8444=VECTOR('',#14446,1.);
#8445=VECTOR('',#14447,1.);
#8446=VECTOR('',#14448,1.);
#8447=VECTOR('',#14463,1.);
#8448=VECTOR('',#14464,1.);
#8449=VECTOR('',#14465,1.);
#8450=VECTOR('',#14466,1.);
#8451=VECTOR('',#14469,1.);
#8452=VECTOR('',#14470,1.);
#8453=VECTOR('',#14471,1.);
#8454=VECTOR('',#14472,1.);
#8455=VECTOR('',#14475,1.);
#8456=VECTOR('',#14476,1.);
#8457=VECTOR('',#14477,1.);
#8458=VECTOR('',#14478,1.);
#8459=VECTOR('',#14493,1.);
#8460=VECTOR('',#14494,1.);
#8461=VECTOR('',#14495,1.);
#8462=VECTOR('',#14496,1.);
#8463=VECTOR('',#14527,1.);
#8464=VECTOR('',#14528,1.);
#8465=VECTOR('',#14531,1.);
#8466=VECTOR('',#14534,1.);
#8467=EDGE_LOOP('',(#1115,#1116,#1117,#1118));
#8468=EDGE_LOOP('',(#1119,#1120,#1121,#1122));
#8469=EDGE_LOOP('',(#1123,#1124,#1125,#1126));
#8470=EDGE_LOOP('',(#1127,#1128,#1129,#1130));
#8471=EDGE_LOOP('',(#1131,#1132,#1133,#1134));
#8472=EDGE_LOOP('',(#1135,#1136,#1137,#1138));
#8473=EDGE_LOOP('',(#1139,#1140,#1141,#1142));
#8474=EDGE_LOOP('',(#1143,#1144,#1145,#1146));
#8475=EDGE_LOOP('',(#1147,#1148,#1149,#1150));
#8476=EDGE_LOOP('',(#1151,#1152,#1153,#1154));
#8477=EDGE_LOOP('',(#1155,#1156,#1157,#1158));
#8478=EDGE_LOOP('',(#1159,#1160,#1161,#1162,#1163));
#8479=EDGE_LOOP('',(#1164,#1165,#1166,#1167));
#8480=EDGE_LOOP('',(#1168,#1169,#1170,#1171));
#8481=EDGE_LOOP('',(#1172,#1173,#1174,#1175,#1176));
#8482=EDGE_LOOP('',(#1177,#1178,#1179,#1180));
#8483=EDGE_LOOP('',(#1181,#1182,#1183,#1184));
#8484=EDGE_LOOP('',(#1185,#1186,#1187,#1188,#1189,#1190,#1191,#1192,#1193,
#1194,#1195,#1196,#1197,#1198,#1199,#1200,#1201,#1202,#1203,#1204,#1205,
#1206,#1207,#1208,#1209,#1210,#1211,#1212,#1213,#1214,#1215,#1216,#1217));
#8485=EDGE_LOOP('',(#1218,#1219,#1220,#1221,#1222,#1223,#1224,#1225,#1226,
#1227,#1228,#1229,#1230,#1231,#1232,#1233,#1234,#1235,#1236,#1237,#1238,
#1239,#1240,#1241,#1242,#1243,#1244,#1245,#1246));
#8486=EDGE_LOOP('',(#1247,#1248,#1249,#1250,#1251,#1252,#1253,#1254,#1255,
#1256,#1257));
#8487=EDGE_LOOP('',(#1258,#1259,#1260,#1261,#1262,#1263,#1264,#1265,#1266,
#1267,#1268,#1269,#1270,#1271,#1272,#1273,#1274,#1275,#1276,#1277,#1278,
#1279,#1280,#1281));
#8488=EDGE_LOOP('',(#1282,#1283,#1284,#1285,#1286,#1287,#1288,#1289,#1290,
#1291,#1292,#1293,#1294,#1295,#1296,#1297,#1298,#1299,#1300,#1301,#1302));
#8489=EDGE_LOOP('',(#1303,#1304,#1305,#1306,#1307,#1308,#1309,#1310,#1311,
#1312));
#8490=EDGE_LOOP('',(#1313,#1314,#1315,#1316,#1317,#1318,#1319,#1320,#1321,
#1322,#1323,#1324,#1325,#1326,#1327,#1328,#1329,#1330,#1331,#1332,#1333,
#1334,#1335,#1336,#1337,#1338,#1339,#1340,#1341,#1342,#1343,#1344,#1345,
#1346,#1347,#1348,#1349,#1350,#1351,#1352,#1353,#1354,#1355,#1356,#1357));
#8491=EDGE_LOOP('',(#1358,#1359,#1360,#1361,#1362,#1363,#1364,#1365,#1366,
#1367,#1368,#1369,#1370,#1371,#1372,#1373));
#8492=EDGE_LOOP('',(#1374,#1375,#1376,#1377,#1378,#1379,#1380,#1381));
#8493=EDGE_LOOP('',(#1382,#1383,#1384,#1385,#1386,#1387,#1388,#1389));
#8494=EDGE_LOOP('',(#1390,#1391,#1392,#1393,#1394,#1395,#1396,#1397,#1398,
#1399,#1400,#1401,#1402,#1403,#1404,#1405,#1406,#1407,#1408,#1409,#1410,
#1411));
#8495=EDGE_LOOP('',(#1412,#1413,#1414,#1415,#1416,#1417,#1418,#1419,#1420,
#1421,#1422,#1423,#1424,#1425,#1426,#1427));
#8496=EDGE_LOOP('',(#1428,#1429,#1430,#1431,#1432,#1433,#1434,#1435,#1436,
#1437,#1438,#1439,#1440,#1441,#1442,#1443,#1444,#1445,#1446,#1447,#1448,
#1449,#1450,#1451,#1452));
#8497=EDGE_LOOP('',(#1453,#1454,#1455,#1456,#1457,#1458,#1459,#1460,#1461,
#1462,#1463,#1464,#1465,#1466,#1467,#1468,#1469,#1470,#1471,#1472,#1473,
#1474,#1475,#1476,#1477,#1478));
#8498=EDGE_LOOP('',(#1479,#1480,#1481,#1482,#1483,#1484,#1485,#1486,#1487,
#1488,#1489,#1490,#1491,#1492,#1493,#1494,#1495,#1496,#1497,#1498,#1499));
#8499=EDGE_LOOP('',(#1500,#1501,#1502,#1503,#1504,#1505,#1506,#1507,#1508,
#1509,#1510,#1511,#1512,#1513,#1514,#1515,#1516,#1517,#1518,#1519,#1520,
#1521,#1522,#1523,#1524,#1525,#1526,#1527,#1528,#1529,#1530,#1531,#1532));
#8500=EDGE_LOOP('',(#1533,#1534,#1535,#1536,#1537,#1538,#1539,#1540,#1541,
#1542,#1543,#1544,#1545,#1546,#1547,#1548,#1549,#1550,#1551,#1552,#1553,
#1554,#1555,#1556,#1557,#1558,#1559,#1560,#1561,#1562,#1563,#1564,#1565));
#8501=EDGE_LOOP('',(#1566,#1567,#1568,#1569));
#8502=EDGE_LOOP('',(#1570,#1571,#1572,#1573,#1574,#1575,#1576,#1577,#1578,
#1579,#1580,#1581,#1582,#1583,#1584,#1585));
#8503=EDGE_LOOP('',(#1586,#1587,#1588,#1589));
#8504=EDGE_LOOP('',(#1590,#1591,#1592,#1593,#1594,#1595,#1596,#1597,#1598,
#1599,#1600,#1601,#1602,#1603,#1604,#1605));
#8505=EDGE_LOOP('',(#1606,#1607,#1608,#1609,#1610,#1611,#1612,#1613,#1614,
#1615,#1616,#1617,#1618,#1619,#1620,#1621,#1622,#1623,#1624,#1625,#1626,
#1627,#1628,#1629,#1630,#1631,#1632,#1633,#1634,#1635,#1636,#1637,#1638));
#8506=EDGE_LOOP('',(#1639,#1640,#1641,#1642));
#8507=EDGE_LOOP('',(#1643,#1644,#1645,#1646));
#8508=EDGE_LOOP('',(#1647,#1648,#1649,#1650));
#8509=EDGE_LOOP('',(#1651,#1652,#1653,#1654));
#8510=EDGE_LOOP('',(#1655,#1656,#1657,#1658));
#8511=EDGE_LOOP('',(#1659,#1660,#1661,#1662));
#8512=EDGE_LOOP('',(#1663,#1664,#1665,#1666));
#8513=EDGE_LOOP('',(#1667,#1668,#1669,#1670));
#8514=EDGE_LOOP('',(#1671,#1672,#1673,#1674));
#8515=EDGE_LOOP('',(#1675,#1676,#1677,#1678));
#8516=EDGE_LOOP('',(#1679,#1680,#1681,#1682));
#8517=EDGE_LOOP('',(#1683,#1684,#1685,#1686));
#8518=EDGE_LOOP('',(#1687,#1688,#1689,#1690));
#8519=EDGE_LOOP('',(#1691,#1692,#1693,#1694));
#8520=EDGE_LOOP('',(#1695,#1696,#1697,#1698));
#8521=EDGE_LOOP('',(#1699,#1700,#1701,#1702));
#8522=EDGE_LOOP('',(#1703,#1704,#1705,#1706));
#8523=EDGE_LOOP('',(#1707,#1708,#1709,#1710));
#8524=EDGE_LOOP('',(#1711,#1712,#1713,#1714));
#8525=EDGE_LOOP('',(#1715,#1716,#1717,#1718));
#8526=EDGE_LOOP('',(#1719,#1720,#1721,#1722));
#8527=EDGE_LOOP('',(#1723,#1724,#1725,#1726));
#8528=EDGE_LOOP('',(#1727,#1728,#1729,#1730));
#8529=EDGE_LOOP('',(#1731,#1732,#1733,#1734));
#8530=EDGE_LOOP('',(#1735,#1736,#1737,#1738));
#8531=EDGE_LOOP('',(#1739,#1740,#1741,#1742));
#8532=EDGE_LOOP('',(#1743,#1744,#1745,#1746));
#8533=EDGE_LOOP('',(#1747,#1748,#1749,#1750));
#8534=EDGE_LOOP('',(#1751,#1752,#1753,#1754));
#8535=EDGE_LOOP('',(#1755,#1756,#1757,#1758));
#8536=EDGE_LOOP('',(#1759,#1760,#1761,#1762));
#8537=EDGE_LOOP('',(#1763,#1764,#1765,#1766));
#8538=EDGE_LOOP('',(#1767,#1768,#1769,#1770));
#8539=EDGE_LOOP('',(#1771,#1772,#1773,#1774));
#8540=EDGE_LOOP('',(#1775,#1776,#1777,#1778));
#8541=EDGE_LOOP('',(#1779,#1780,#1781,#1782));
#8542=EDGE_LOOP('',(#1783,#1784,#1785,#1786));
#8543=EDGE_LOOP('',(#1787,#1788,#1789,#1790));
#8544=EDGE_LOOP('',(#1791,#1792,#1793,#1794));
#8545=EDGE_LOOP('',(#1795,#1796,#1797,#1798));
#8546=EDGE_LOOP('',(#1799,#1800,#1801,#1802));
#8547=EDGE_LOOP('',(#1803,#1804,#1805,#1806));
#8548=EDGE_LOOP('',(#1807,#1808,#1809,#1810));
#8549=EDGE_LOOP('',(#1811,#1812,#1813,#1814));
#8550=EDGE_LOOP('',(#1815,#1816,#1817,#1818));
#8551=EDGE_LOOP('',(#1819,#1820,#1821,#1822));
#8552=EDGE_LOOP('',(#1823,#1824,#1825,#1826));
#8553=EDGE_LOOP('',(#1827,#1828,#1829,#1830));
#8554=EDGE_LOOP('',(#1831,#1832,#1833,#1834));
#8555=EDGE_LOOP('',(#1835,#1836,#1837,#1838));
#8556=EDGE_LOOP('',(#1839,#1840,#1841,#1842));
#8557=EDGE_LOOP('',(#1843,#1844,#1845,#1846));
#8558=EDGE_LOOP('',(#1847,#1848,#1849,#1850));
#8559=EDGE_LOOP('',(#1851,#1852,#1853,#1854));
#8560=EDGE_LOOP('',(#1855,#1856,#1857,#1858));
#8561=EDGE_LOOP('',(#1859,#1860,#1861,#1862));
#8562=EDGE_LOOP('',(#1863,#1864,#1865,#1866));
#8563=EDGE_LOOP('',(#1867,#1868,#1869,#1870));
#8564=EDGE_LOOP('',(#1871,#1872,#1873,#1874));
#8565=EDGE_LOOP('',(#1875,#1876,#1877,#1878));
#8566=EDGE_LOOP('',(#1879,#1880,#1881,#1882));
#8567=EDGE_LOOP('',(#1883,#1884,#1885,#1886));
#8568=EDGE_LOOP('',(#1887,#1888,#1889,#1890));
#8569=EDGE_LOOP('',(#1891,#1892,#1893,#1894));
#8570=EDGE_LOOP('',(#1895,#1896,#1897,#1898));
#8571=EDGE_LOOP('',(#1899,#1900,#1901,#1902));
#8572=EDGE_LOOP('',(#1903,#1904,#1905,#1906));
#8573=EDGE_LOOP('',(#1907,#1908,#1909,#1910));
#8574=EDGE_LOOP('',(#1911,#1912,#1913,#1914));
#8575=EDGE_LOOP('',(#1915,#1916,#1917,#1918));
#8576=EDGE_LOOP('',(#1919,#1920,#1921,#1922));
#8577=EDGE_LOOP('',(#1923,#1924,#1925,#1926));
#8578=EDGE_LOOP('',(#1927,#1928,#1929,#1930));
#8579=EDGE_LOOP('',(#1931,#1932,#1933,#1934));
#8580=EDGE_LOOP('',(#1935,#1936,#1937,#1938));
#8581=EDGE_LOOP('',(#1939,#1940,#1941,#1942));
#8582=EDGE_LOOP('',(#1943,#1944,#1945,#1946));
#8583=EDGE_LOOP('',(#1947,#1948,#1949,#1950));
#8584=EDGE_LOOP('',(#1951,#1952,#1953,#1954));
#8585=EDGE_LOOP('',(#1955,#1956,#1957,#1958));
#8586=EDGE_LOOP('',(#1959,#1960,#1961,#1962));
#8587=EDGE_LOOP('',(#1963,#1964,#1965,#1966));
#8588=EDGE_LOOP('',(#1967,#1968,#1969,#1970));
#8589=EDGE_LOOP('',(#1971,#1972,#1973,#1974));
#8590=EDGE_LOOP('',(#1975,#1976,#1977,#1978));
#8591=EDGE_LOOP('',(#1979,#1980,#1981,#1982));
#8592=EDGE_LOOP('',(#1983,#1984,#1985,#1986));
#8593=EDGE_LOOP('',(#1987,#1988,#1989,#1990));
#8594=EDGE_LOOP('',(#1991,#1992,#1993,#1994));
#8595=EDGE_LOOP('',(#1995,#1996,#1997,#1998));
#8596=EDGE_LOOP('',(#1999,#2000,#2001,#2002));
#8597=EDGE_LOOP('',(#2003,#2004,#2005,#2006));
#8598=EDGE_LOOP('',(#2007,#2008,#2009,#2010));
#8599=EDGE_LOOP('',(#2011,#2012,#2013,#2014));
#8600=EDGE_LOOP('',(#2015,#2016,#2017,#2018));
#8601=EDGE_LOOP('',(#2019,#2020,#2021,#2022));
#8602=EDGE_LOOP('',(#2023,#2024,#2025,#2026));
#8603=EDGE_LOOP('',(#2027,#2028,#2029,#2030));
#8604=EDGE_LOOP('',(#2031,#2032,#2033,#2034));
#8605=EDGE_LOOP('',(#2035,#2036,#2037,#2038));
#8606=EDGE_LOOP('',(#2039,#2040,#2041,#2042));
#8607=EDGE_LOOP('',(#2043,#2044,#2045,#2046));
#8608=EDGE_LOOP('',(#2047,#2048,#2049,#2050));
#8609=EDGE_LOOP('',(#2051,#2052,#2053,#2054));
#8610=EDGE_LOOP('',(#2055,#2056,#2057,#2058));
#8611=EDGE_LOOP('',(#2059,#2060,#2061,#2062));
#8612=EDGE_LOOP('',(#2063,#2064,#2065,#2066));
#8613=EDGE_LOOP('',(#2067,#2068,#2069,#2070));
#8614=EDGE_LOOP('',(#2071,#2072,#2073,#2074));
#8615=EDGE_LOOP('',(#2075,#2076,#2077,#2078));
#8616=EDGE_LOOP('',(#2079,#2080,#2081,#2082));
#8617=EDGE_LOOP('',(#2083,#2084,#2085,#2086));
#8618=EDGE_LOOP('',(#2087,#2088,#2089,#2090));
#8619=EDGE_LOOP('',(#2091,#2092,#2093,#2094));
#8620=EDGE_LOOP('',(#2095,#2096,#2097,#2098));
#8621=EDGE_LOOP('',(#2099,#2100,#2101,#2102));
#8622=EDGE_LOOP('',(#2103,#2104,#2105,#2106));
#8623=EDGE_LOOP('',(#2107,#2108,#2109,#2110));
#8624=EDGE_LOOP('',(#2111,#2112,#2113,#2114));
#8625=EDGE_LOOP('',(#2115,#2116,#2117,#2118));
#8626=EDGE_LOOP('',(#2119,#2120,#2121,#2122));
#8627=EDGE_LOOP('',(#2123,#2124,#2125,#2126));
#8628=EDGE_LOOP('',(#2127,#2128,#2129,#2130));
#8629=EDGE_LOOP('',(#2131,#2132,#2133,#2134));
#8630=EDGE_LOOP('',(#2135,#2136,#2137,#2138));
#8631=EDGE_LOOP('',(#2139,#2140,#2141,#2142));
#8632=EDGE_LOOP('',(#2143,#2144,#2145,#2146));
#8633=EDGE_LOOP('',(#2147,#2148,#2149,#2150));
#8634=EDGE_LOOP('',(#2151,#2152,#2153,#2154));
#8635=EDGE_LOOP('',(#2155,#2156,#2157,#2158));
#8636=EDGE_LOOP('',(#2159,#2160,#2161,#2162));
#8637=EDGE_LOOP('',(#2163,#2164,#2165,#2166));
#8638=EDGE_LOOP('',(#2167,#2168,#2169,#2170));
#8639=EDGE_LOOP('',(#2171,#2172,#2173,#2174));
#8640=EDGE_LOOP('',(#2175,#2176,#2177,#2178));
#8641=EDGE_LOOP('',(#2179,#2180,#2181,#2182));
#8642=EDGE_LOOP('',(#2183,#2184,#2185,#2186));
#8643=EDGE_LOOP('',(#2187,#2188,#2189,#2190));
#8644=EDGE_LOOP('',(#2191,#2192,#2193,#2194));
#8645=EDGE_LOOP('',(#2195,#2196,#2197,#2198));
#8646=EDGE_LOOP('',(#2199,#2200,#2201,#2202));
#8647=EDGE_LOOP('',(#2203,#2204,#2205,#2206));
#8648=EDGE_LOOP('',(#2207,#2208,#2209,#2210));
#8649=EDGE_LOOP('',(#2211,#2212,#2213,#2214));
#8650=EDGE_LOOP('',(#2215,#2216,#2217,#2218));
#8651=EDGE_LOOP('',(#2219,#2220,#2221,#2222));
#8652=EDGE_LOOP('',(#2223,#2224,#2225,#2226));
#8653=EDGE_LOOP('',(#2227,#2228,#2229,#2230));
#8654=EDGE_LOOP('',(#2231,#2232,#2233,#2234));
#8655=EDGE_LOOP('',(#2235,#2236,#2237,#2238));
#8656=EDGE_LOOP('',(#2239,#2240,#2241,#2242));
#8657=EDGE_LOOP('',(#2243,#2244,#2245,#2246));
#8658=EDGE_LOOP('',(#2247,#2248,#2249,#2250));
#8659=EDGE_LOOP('',(#2251,#2252,#2253,#2254));
#8660=EDGE_LOOP('',(#2255,#2256,#2257,#2258));
#8661=EDGE_LOOP('',(#2259,#2260,#2261,#2262));
#8662=EDGE_LOOP('',(#2263,#2264,#2265,#2266));
#8663=EDGE_LOOP('',(#2267,#2268,#2269,#2270));
#8664=EDGE_LOOP('',(#2271,#2272,#2273,#2274));
#8665=EDGE_LOOP('',(#2275,#2276,#2277,#2278));
#8666=EDGE_LOOP('',(#2279,#2280,#2281,#2282));
#8667=EDGE_LOOP('',(#2283,#2284,#2285,#2286));
#8668=EDGE_LOOP('',(#2287,#2288,#2289,#2290));
#8669=EDGE_LOOP('',(#2291,#2292,#2293,#2294));
#8670=EDGE_LOOP('',(#2295,#2296,#2297,#2298));
#8671=EDGE_LOOP('',(#2299,#2300,#2301,#2302));
#8672=EDGE_LOOP('',(#2303,#2304,#2305,#2306));
#8673=EDGE_LOOP('',(#2307,#2308,#2309,#2310));
#8674=EDGE_LOOP('',(#2311,#2312,#2313,#2314));
#8675=EDGE_LOOP('',(#2315,#2316,#2317,#2318));
#8676=EDGE_LOOP('',(#2319,#2320,#2321,#2322));
#8677=EDGE_LOOP('',(#2323,#2324,#2325,#2326));
#8678=EDGE_LOOP('',(#2327,#2328,#2329,#2330));
#8679=EDGE_LOOP('',(#2331,#2332,#2333,#2334));
#8680=EDGE_LOOP('',(#2335,#2336,#2337,#2338));
#8681=EDGE_LOOP('',(#2339,#2340,#2341,#2342));
#8682=EDGE_LOOP('',(#2343,#2344,#2345,#2346));
#8683=EDGE_LOOP('',(#2347,#2348,#2349,#2350));
#8684=EDGE_LOOP('',(#2351,#2352,#2353,#2354));
#8685=EDGE_LOOP('',(#2355,#2356,#2357,#2358));
#8686=EDGE_LOOP('',(#2359,#2360,#2361,#2362));
#8687=EDGE_LOOP('',(#2363,#2364,#2365,#2366));
#8688=EDGE_LOOP('',(#2367,#2368,#2369,#2370));
#8689=EDGE_LOOP('',(#2371,#2372,#2373,#2374));
#8690=EDGE_LOOP('',(#2375,#2376,#2377,#2378));
#8691=EDGE_LOOP('',(#2379,#2380,#2381,#2382));
#8692=EDGE_LOOP('',(#2383,#2384,#2385,#2386));
#8693=EDGE_LOOP('',(#2387,#2388,#2389,#2390));
#8694=EDGE_LOOP('',(#2391,#2392,#2393,#2394));
#8695=EDGE_LOOP('',(#2395,#2396,#2397,#2398));
#8696=EDGE_LOOP('',(#2399,#2400,#2401,#2402));
#8697=EDGE_LOOP('',(#2403,#2404,#2405,#2406));
#8698=EDGE_LOOP('',(#2407,#2408,#2409,#2410));
#8699=EDGE_LOOP('',(#2411,#2412,#2413,#2414));
#8700=EDGE_LOOP('',(#2415,#2416,#2417,#2418));
#8701=EDGE_LOOP('',(#2419,#2420,#2421,#2422));
#8702=EDGE_LOOP('',(#2423,#2424,#2425,#2426));
#8703=EDGE_LOOP('',(#2427,#2428,#2429,#2430));
#8704=EDGE_LOOP('',(#2431,#2432,#2433,#2434));
#8705=EDGE_LOOP('',(#2435,#2436,#2437,#2438));
#8706=EDGE_LOOP('',(#2439,#2440,#2441,#2442));
#8707=EDGE_LOOP('',(#2443,#2444,#2445,#2446));
#8708=EDGE_LOOP('',(#2447,#2448,#2449,#2450));
#8709=EDGE_LOOP('',(#2451,#2452,#2453,#2454));
#8710=EDGE_LOOP('',(#2455,#2456,#2457,#2458));
#8711=EDGE_LOOP('',(#2459,#2460,#2461,#2462));
#8712=EDGE_LOOP('',(#2463,#2464,#2465,#2466));
#8713=EDGE_LOOP('',(#2467,#2468,#2469,#2470));
#8714=EDGE_LOOP('',(#2471,#2472,#2473,#2474));
#8715=EDGE_LOOP('',(#2475,#2476,#2477,#2478));
#8716=EDGE_LOOP('',(#2479,#2480,#2481,#2482));
#8717=EDGE_LOOP('',(#2483,#2484,#2485,#2486));
#8718=EDGE_LOOP('',(#2487,#2488,#2489,#2490));
#8719=EDGE_LOOP('',(#2491,#2492,#2493,#2494));
#8720=EDGE_LOOP('',(#2495,#2496,#2497,#2498));
#8721=EDGE_LOOP('',(#2499,#2500,#2501,#2502));
#8722=EDGE_LOOP('',(#2503,#2504,#2505,#2506));
#8723=EDGE_LOOP('',(#2507,#2508,#2509,#2510));
#8724=EDGE_LOOP('',(#2511,#2512,#2513,#2514));
#8725=EDGE_LOOP('',(#2515,#2516,#2517,#2518));
#8726=EDGE_LOOP('',(#2519,#2520,#2521,#2522));
#8727=EDGE_LOOP('',(#2523,#2524,#2525,#2526));
#8728=EDGE_LOOP('',(#2527,#2528,#2529,#2530));
#8729=EDGE_LOOP('',(#2531,#2532,#2533,#2534));
#8730=EDGE_LOOP('',(#2535,#2536,#2537,#2538));
#8731=EDGE_LOOP('',(#2539,#2540,#2541,#2542));
#8732=EDGE_LOOP('',(#2543,#2544,#2545,#2546));
#8733=EDGE_LOOP('',(#2547,#2548,#2549,#2550));
#8734=EDGE_LOOP('',(#2551,#2552,#2553,#2554));
#8735=EDGE_LOOP('',(#2555,#2556,#2557,#2558));
#8736=EDGE_LOOP('',(#2559,#2560,#2561,#2562));
#8737=EDGE_LOOP('',(#2563,#2564,#2565,#2566));
#8738=EDGE_LOOP('',(#2567,#2568,#2569,#2570));
#8739=EDGE_LOOP('',(#2571,#2572,#2573,#2574));
#8740=EDGE_LOOP('',(#2575,#2576,#2577,#2578));
#8741=EDGE_LOOP('',(#2579,#2580,#2581,#2582));
#8742=EDGE_LOOP('',(#2583,#2584,#2585,#2586));
#8743=EDGE_LOOP('',(#2587,#2588,#2589,#2590));
#8744=EDGE_LOOP('',(#2591,#2592,#2593,#2594));
#8745=EDGE_LOOP('',(#2595,#2596,#2597,#2598));
#8746=EDGE_LOOP('',(#2599,#2600,#2601,#2602));
#8747=EDGE_LOOP('',(#2603,#2604,#2605,#2606));
#8748=EDGE_LOOP('',(#2607,#2608,#2609,#2610));
#8749=EDGE_LOOP('',(#2611,#2612,#2613,#2614));
#8750=EDGE_LOOP('',(#2615,#2616,#2617,#2618));
#8751=EDGE_LOOP('',(#2619,#2620,#2621,#2622));
#8752=EDGE_LOOP('',(#2623,#2624,#2625,#2626));
#8753=EDGE_LOOP('',(#2627,#2628,#2629,#2630));
#8754=EDGE_LOOP('',(#2631,#2632,#2633,#2634));
#8755=EDGE_LOOP('',(#2635,#2636,#2637,#2638));
#8756=EDGE_LOOP('',(#2639,#2640,#2641,#2642));
#8757=EDGE_LOOP('',(#2643,#2644,#2645,#2646));
#8758=EDGE_LOOP('',(#2647,#2648,#2649,#2650));
#8759=EDGE_LOOP('',(#2651,#2652,#2653,#2654));
#8760=EDGE_LOOP('',(#2655,#2656,#2657,#2658));
#8761=EDGE_LOOP('',(#2659,#2660,#2661,#2662));
#8762=EDGE_LOOP('',(#2663,#2664,#2665,#2666));
#8763=EDGE_LOOP('',(#2667,#2668,#2669,#2670));
#8764=EDGE_LOOP('',(#2671,#2672,#2673,#2674));
#8765=EDGE_LOOP('',(#2675,#2676,#2677,#2678));
#8766=EDGE_LOOP('',(#2679,#2680,#2681,#2682));
#8767=EDGE_LOOP('',(#2683,#2684,#2685,#2686));
#8768=EDGE_LOOP('',(#2687,#2688,#2689,#2690));
#8769=EDGE_LOOP('',(#2691,#2692,#2693,#2694));
#8770=EDGE_LOOP('',(#2695,#2696,#2697,#2698));
#8771=EDGE_LOOP('',(#2699,#2700,#2701,#2702));
#8772=EDGE_LOOP('',(#2703,#2704,#2705,#2706));
#8773=EDGE_LOOP('',(#2707,#2708,#2709,#2710));
#8774=EDGE_LOOP('',(#2711,#2712,#2713,#2714));
#8775=EDGE_LOOP('',(#2715,#2716,#2717,#2718));
#8776=EDGE_LOOP('',(#2719,#2720,#2721,#2722));
#8777=EDGE_LOOP('',(#2723,#2724,#2725,#2726));
#8778=EDGE_LOOP('',(#2727,#2728,#2729,#2730));
#8779=EDGE_LOOP('',(#2731,#2732,#2733,#2734));
#8780=EDGE_LOOP('',(#2735,#2736,#2737,#2738));
#8781=EDGE_LOOP('',(#2739,#2740,#2741,#2742));
#8782=EDGE_LOOP('',(#2743,#2744,#2745,#2746));
#8783=EDGE_LOOP('',(#2747,#2748,#2749,#2750));
#8784=EDGE_LOOP('',(#2751,#2752,#2753,#2754));
#8785=EDGE_LOOP('',(#2755,#2756,#2757,#2758));
#8786=EDGE_LOOP('',(#2759,#2760,#2761,#2762));
#8787=EDGE_LOOP('',(#2763,#2764,#2765,#2766));
#8788=EDGE_LOOP('',(#2767,#2768,#2769,#2770));
#8789=EDGE_LOOP('',(#2771,#2772,#2773,#2774));
#8790=EDGE_LOOP('',(#2775,#2776,#2777,#2778));
#8791=EDGE_LOOP('',(#2779,#2780,#2781,#2782));
#8792=EDGE_LOOP('',(#2783,#2784,#2785,#2786));
#8793=EDGE_LOOP('',(#2787,#2788,#2789,#2790));
#8794=EDGE_LOOP('',(#2791,#2792,#2793,#2794));
#8795=EDGE_LOOP('',(#2795,#2796,#2797,#2798));
#8796=EDGE_LOOP('',(#2799,#2800,#2801,#2802));
#8797=EDGE_LOOP('',(#2803,#2804,#2805,#2806));
#8798=EDGE_LOOP('',(#2807,#2808,#2809,#2810));
#8799=EDGE_LOOP('',(#2811,#2812,#2813,#2814));
#8800=EDGE_LOOP('',(#2815,#2816,#2817,#2818));
#8801=EDGE_LOOP('',(#2819,#2820,#2821,#2822));
#8802=EDGE_LOOP('',(#2823,#2824,#2825,#2826));
#8803=EDGE_LOOP('',(#2827,#2828,#2829,#2830));
#8804=EDGE_LOOP('',(#2831,#2832,#2833,#2834));
#8805=EDGE_LOOP('',(#2835,#2836,#2837,#2838));
#8806=EDGE_LOOP('',(#2839,#2840,#2841,#2842));
#8807=EDGE_LOOP('',(#2843,#2844,#2845,#2846));
#8808=EDGE_LOOP('',(#2847,#2848,#2849,#2850));
#8809=EDGE_LOOP('',(#2851,#2852,#2853,#2854));
#8810=EDGE_LOOP('',(#2855,#2856,#2857,#2858));
#8811=EDGE_LOOP('',(#2859,#2860,#2861,#2862));
#8812=EDGE_LOOP('',(#2863,#2864,#2865,#2866));
#8813=EDGE_LOOP('',(#2867,#2868,#2869,#2870));
#8814=EDGE_LOOP('',(#2871,#2872,#2873,#2874));
#8815=EDGE_LOOP('',(#2875,#2876,#2877,#2878));
#8816=EDGE_LOOP('',(#2879,#2880,#2881,#2882));
#8817=EDGE_LOOP('',(#2883,#2884,#2885,#2886));
#8818=EDGE_LOOP('',(#2887,#2888,#2889,#2890));
#8819=EDGE_LOOP('',(#2891,#2892,#2893,#2894));
#8820=EDGE_LOOP('',(#2895,#2896,#2897,#2898));
#8821=EDGE_LOOP('',(#2899,#2900,#2901,#2902));
#8822=EDGE_LOOP('',(#2903,#2904,#2905,#2906));
#8823=EDGE_LOOP('',(#2907,#2908,#2909,#2910));
#8824=EDGE_LOOP('',(#2911,#2912,#2913,#2914));
#8825=EDGE_LOOP('',(#2915,#2916,#2917,#2918));
#8826=EDGE_LOOP('',(#2919,#2920,#2921,#2922));
#8827=EDGE_LOOP('',(#2923,#2924,#2925,#2926));
#8828=EDGE_LOOP('',(#2927,#2928,#2929,#2930));
#8829=EDGE_LOOP('',(#2931,#2932,#2933,#2934));
#8830=EDGE_LOOP('',(#2935,#2936,#2937,#2938));
#8831=EDGE_LOOP('',(#2939,#2940,#2941,#2942));
#8832=EDGE_LOOP('',(#2943,#2944,#2945,#2946));
#8833=EDGE_LOOP('',(#2947,#2948,#2949,#2950));
#8834=EDGE_LOOP('',(#2951,#2952,#2953,#2954));
#8835=EDGE_LOOP('',(#2955,#2956,#2957,#2958));
#8836=EDGE_LOOP('',(#2959,#2960,#2961,#2962));
#8837=EDGE_LOOP('',(#2963,#2964,#2965,#2966));
#8838=EDGE_LOOP('',(#2967,#2968,#2969,#2970));
#8839=EDGE_LOOP('',(#2971,#2972,#2973,#2974));
#8840=EDGE_LOOP('',(#2975,#2976,#2977,#2978));
#8841=EDGE_LOOP('',(#2979,#2980,#2981,#2982));
#8842=EDGE_LOOP('',(#2983,#2984,#2985,#2986));
#8843=EDGE_LOOP('',(#2987,#2988,#2989,#2990));
#8844=EDGE_LOOP('',(#2991,#2992,#2993,#2994));
#8845=EDGE_LOOP('',(#2995,#2996,#2997,#2998));
#8846=EDGE_LOOP('',(#2999,#3000,#3001,#3002));
#8847=EDGE_LOOP('',(#3003,#3004,#3005,#3006));
#8848=EDGE_LOOP('',(#3007,#3008,#3009,#3010));
#8849=EDGE_LOOP('',(#3011,#3012,#3013,#3014));
#8850=EDGE_LOOP('',(#3015,#3016,#3017,#3018));
#8851=EDGE_LOOP('',(#3019,#3020,#3021,#3022));
#8852=EDGE_LOOP('',(#3023,#3024,#3025,#3026));
#8853=EDGE_LOOP('',(#3027,#3028,#3029,#3030));
#8854=EDGE_LOOP('',(#3031,#3032,#3033,#3034));
#8855=EDGE_LOOP('',(#3035,#3036,#3037,#3038));
#8856=EDGE_LOOP('',(#3039,#3040,#3041,#3042));
#8857=EDGE_LOOP('',(#3043,#3044,#3045,#3046));
#8858=EDGE_LOOP('',(#3047,#3048,#3049,#3050));
#8859=EDGE_LOOP('',(#3051,#3052,#3053,#3054));
#8860=EDGE_LOOP('',(#3055,#3056,#3057,#3058));
#8861=EDGE_LOOP('',(#3059,#3060,#3061,#3062));
#8862=EDGE_LOOP('',(#3063,#3064,#3065,#3066));
#8863=EDGE_LOOP('',(#3067,#3068,#3069,#3070));
#8864=EDGE_LOOP('',(#3071,#3072,#3073,#3074));
#8865=EDGE_LOOP('',(#3075,#3076,#3077,#3078));
#8866=EDGE_LOOP('',(#3079,#3080,#3081,#3082));
#8867=EDGE_LOOP('',(#3083,#3084,#3085,#3086));
#8868=EDGE_LOOP('',(#3087,#3088,#3089,#3090));
#8869=EDGE_LOOP('',(#3091,#3092,#3093,#3094));
#8870=EDGE_LOOP('',(#3095,#3096,#3097,#3098));
#8871=EDGE_LOOP('',(#3099,#3100,#3101,#3102));
#8872=EDGE_LOOP('',(#3103,#3104,#3105,#3106));
#8873=EDGE_LOOP('',(#3107,#3108,#3109,#3110));
#8874=EDGE_LOOP('',(#3111,#3112,#3113,#3114));
#8875=EDGE_LOOP('',(#3115,#3116,#3117,#3118));
#8876=EDGE_LOOP('',(#3119,#3120,#3121,#3122));
#8877=EDGE_LOOP('',(#3123,#3124,#3125,#3126));
#8878=EDGE_LOOP('',(#3127,#3128,#3129,#3130));
#8879=EDGE_LOOP('',(#3131,#3132,#3133,#3134));
#8880=EDGE_LOOP('',(#3135,#3136,#3137,#3138));
#8881=EDGE_LOOP('',(#3139,#3140,#3141,#3142));
#8882=EDGE_LOOP('',(#3143,#3144,#3145,#3146));
#8883=EDGE_LOOP('',(#3147,#3148,#3149,#3150));
#8884=EDGE_LOOP('',(#3151,#3152,#3153,#3154));
#8885=EDGE_LOOP('',(#3155,#3156,#3157,#3158));
#8886=EDGE_LOOP('',(#3159,#3160,#3161,#3162));
#8887=EDGE_LOOP('',(#3163,#3164,#3165,#3166));
#8888=EDGE_LOOP('',(#3167,#3168,#3169,#3170));
#8889=EDGE_LOOP('',(#3171,#3172,#3173,#3174));
#8890=EDGE_LOOP('',(#3175,#3176,#3177,#3178));
#8891=EDGE_LOOP('',(#3179,#3180,#3181,#3182));
#8892=EDGE_LOOP('',(#3183,#3184,#3185,#3186));
#8893=EDGE_LOOP('',(#3187,#3188,#3189,#3190));
#8894=EDGE_LOOP('',(#3191,#3192,#3193,#3194));
#8895=EDGE_LOOP('',(#3195,#3196,#3197,#3198));
#8896=EDGE_LOOP('',(#3199,#3200,#3201,#3202));
#8897=EDGE_LOOP('',(#3203,#3204,#3205,#3206));
#8898=EDGE_LOOP('',(#3207,#3208,#3209,#3210));
#8899=EDGE_LOOP('',(#3211,#3212,#3213,#3214));
#8900=EDGE_LOOP('',(#3215,#3216,#3217,#3218));
#8901=EDGE_LOOP('',(#3219,#3220,#3221,#3222));
#8902=EDGE_LOOP('',(#3223,#3224,#3225,#3226));
#8903=EDGE_LOOP('',(#3227,#3228,#3229,#3230));
#8904=EDGE_LOOP('',(#3231,#3232,#3233,#3234));
#8905=EDGE_LOOP('',(#3235,#3236,#3237,#3238));
#8906=EDGE_LOOP('',(#3239,#3240,#3241,#3242));
#8907=EDGE_LOOP('',(#3243,#3244,#3245,#3246));
#8908=EDGE_LOOP('',(#3247,#3248,#3249,#3250));
#8909=EDGE_LOOP('',(#3251,#3252,#3253,#3254));
#8910=EDGE_LOOP('',(#3255,#3256,#3257,#3258));
#8911=EDGE_LOOP('',(#3259,#3260,#3261,#3262));
#8912=EDGE_LOOP('',(#3263,#3264,#3265,#3266));
#8913=EDGE_LOOP('',(#3267,#3268,#3269,#3270));
#8914=EDGE_LOOP('',(#3271,#3272,#3273,#3274));
#8915=EDGE_LOOP('',(#3275,#3276,#3277,#3278));
#8916=EDGE_LOOP('',(#3279,#3280,#3281,#3282));
#8917=EDGE_LOOP('',(#3283,#3284,#3285,#3286));
#8918=EDGE_LOOP('',(#3287,#3288,#3289,#3290));
#8919=EDGE_LOOP('',(#3291,#3292,#3293,#3294));
#8920=EDGE_LOOP('',(#3295,#3296,#3297,#3298));
#8921=EDGE_LOOP('',(#3299,#3300,#3301,#3302));
#8922=EDGE_LOOP('',(#3303,#3304,#3305,#3306));
#8923=EDGE_LOOP('',(#3307,#3308,#3309,#3310));
#8924=EDGE_LOOP('',(#3311,#3312,#3313,#3314));
#8925=EDGE_LOOP('',(#3315,#3316,#3317,#3318));
#8926=EDGE_LOOP('',(#3319,#3320,#3321,#3322));
#8927=EDGE_LOOP('',(#3323,#3324,#3325,#3326));
#8928=EDGE_LOOP('',(#3327,#3328,#3329,#3330));
#8929=EDGE_LOOP('',(#3331,#3332,#3333,#3334));
#8930=EDGE_LOOP('',(#3335,#3336,#3337,#3338));
#8931=EDGE_LOOP('',(#3339,#3340,#3341,#3342));
#8932=EDGE_LOOP('',(#3343,#3344,#3345,#3346));
#8933=EDGE_LOOP('',(#3347,#3348,#3349,#3350));
#8934=EDGE_LOOP('',(#3351,#3352,#3353,#3354));
#8935=EDGE_LOOP('',(#3355,#3356,#3357,#3358));
#8936=EDGE_LOOP('',(#3359,#3360,#3361,#3362));
#8937=EDGE_LOOP('',(#3363,#3364,#3365,#3366));
#8938=EDGE_LOOP('',(#3367,#3368,#3369,#3370));
#8939=EDGE_LOOP('',(#3371,#3372,#3373,#3374));
#8940=EDGE_LOOP('',(#3375,#3376,#3377,#3378));
#8941=EDGE_LOOP('',(#3379,#3380,#3381,#3382));
#8942=EDGE_LOOP('',(#3383,#3384,#3385,#3386));
#8943=EDGE_LOOP('',(#3387,#3388,#3389,#3390));
#8944=EDGE_LOOP('',(#3391,#3392,#3393,#3394));
#8945=EDGE_LOOP('',(#3395,#3396,#3397,#3398));
#8946=EDGE_LOOP('',(#3399,#3400,#3401,#3402));
#8947=EDGE_LOOP('',(#3403,#3404,#3405,#3406));
#8948=EDGE_LOOP('',(#3407,#3408,#3409,#3410));
#8949=EDGE_LOOP('',(#3411,#3412,#3413,#3414));
#8950=EDGE_LOOP('',(#3415,#3416,#3417,#3418));
#8951=EDGE_LOOP('',(#3419,#3420,#3421,#3422));
#8952=EDGE_LOOP('',(#3423,#3424,#3425,#3426));
#8953=EDGE_LOOP('',(#3427,#3428,#3429,#3430));
#8954=EDGE_LOOP('',(#3431,#3432,#3433,#3434));
#8955=EDGE_LOOP('',(#3435,#3436,#3437,#3438));
#8956=EDGE_LOOP('',(#3439,#3440,#3441,#3442));
#8957=EDGE_LOOP('',(#3443,#3444,#3445,#3446));
#8958=EDGE_LOOP('',(#3447,#3448,#3449,#3450));
#8959=EDGE_LOOP('',(#3451,#3452,#3453,#3454));
#8960=EDGE_LOOP('',(#3455,#3456,#3457,#3458));
#8961=EDGE_LOOP('',(#3459,#3460,#3461,#3462));
#8962=EDGE_LOOP('',(#3463,#3464,#3465,#3466));
#8963=EDGE_LOOP('',(#3467,#3468,#3469,#3470));
#8964=EDGE_LOOP('',(#3471,#3472,#3473,#3474));
#8965=EDGE_LOOP('',(#3475,#3476,#3477,#3478));
#8966=EDGE_LOOP('',(#3479,#3480,#3481,#3482));
#8967=EDGE_LOOP('',(#3483,#3484,#3485,#3486));
#8968=EDGE_LOOP('',(#3487,#3488,#3489,#3490));
#8969=EDGE_LOOP('',(#3491,#3492,#3493,#3494));
#8970=EDGE_LOOP('',(#3495,#3496,#3497,#3498));
#8971=EDGE_LOOP('',(#3499,#3500,#3501,#3502));
#8972=EDGE_LOOP('',(#3503,#3504,#3505,#3506));
#8973=EDGE_LOOP('',(#3507,#3508,#3509,#3510));
#8974=EDGE_LOOP('',(#3511,#3512,#3513,#3514));
#8975=EDGE_LOOP('',(#3515,#3516,#3517,#3518));
#8976=EDGE_LOOP('',(#3519,#3520,#3521,#3522));
#8977=EDGE_LOOP('',(#3523,#3524,#3525,#3526));
#8978=EDGE_LOOP('',(#3527,#3528,#3529,#3530));
#8979=EDGE_LOOP('',(#3531,#3532,#3533,#3534));
#8980=EDGE_LOOP('',(#3535,#3536,#3537,#3538));
#8981=EDGE_LOOP('',(#3539,#3540,#3541,#3542));
#8982=EDGE_LOOP('',(#3543,#3544,#3545,#3546));
#8983=EDGE_LOOP('',(#3547,#3548,#3549,#3550));
#8984=EDGE_LOOP('',(#3551,#3552,#3553,#3554));
#8985=EDGE_LOOP('',(#3555,#3556,#3557,#3558));
#8986=EDGE_LOOP('',(#3559,#3560,#3561,#3562));
#8987=EDGE_LOOP('',(#3563,#3564,#3565,#3566));
#8988=EDGE_LOOP('',(#3567,#3568,#3569,#3570));
#8989=EDGE_LOOP('',(#3571,#3572,#3573,#3574));
#8990=EDGE_LOOP('',(#3575,#3576,#3577,#3578));
#8991=EDGE_LOOP('',(#3579,#3580,#3581,#3582));
#8992=EDGE_LOOP('',(#3583,#3584,#3585,#3586));
#8993=EDGE_LOOP('',(#3587,#3588,#3589,#3590));
#8994=EDGE_LOOP('',(#3591,#3592,#3593,#3594));
#8995=EDGE_LOOP('',(#3595,#3596,#3597,#3598));
#8996=EDGE_LOOP('',(#3599,#3600,#3601,#3602));
#8997=EDGE_LOOP('',(#3603,#3604,#3605,#3606));
#8998=EDGE_LOOP('',(#3607,#3608,#3609,#3610,#3611,#3612,#3613,#3614,#3615,
#3616,#3617,#3618,#3619,#3620,#3621,#3622,#3623,#3624,#3625,#3626,#3627,
#3628,#3629,#3630,#3631,#3632,#3633,#3634,#3635,#3636,#3637,#3638,#3639));
#8999=EDGE_LOOP('',(#3640,#3641,#3642,#3643,#3644,#3645,#3646,#3647,#3648,
#3649,#3650,#3651,#3652,#3653,#3654,#3655));
#9000=EDGE_LOOP('',(#3656,#3657,#3658,#3659));
#9001=EDGE_LOOP('',(#3660,#3661,#3662,#3663,#3664,#3665,#3666,#3667,#3668,
#3669,#3670,#3671,#3672,#3673,#3674,#3675));
#9002=EDGE_LOOP('',(#3676,#3677,#3678,#3679));
#9003=EDGE_LOOP('',(#3680,#3681,#3682,#3683,#3684,#3685,#3686,#3687,#3688,
#3689,#3690,#3691,#3692,#3693,#3694,#3695,#3696,#3697,#3698,#3699,#3700,
#3701,#3702,#3703,#3704,#3705,#3706,#3707,#3708,#3709,#3710,#3711,#3712));
#9004=EDGE_LOOP('',(#3713,#3714,#3715,#3716,#3717,#3718,#3719,#3720,#3721,
#3722,#3723,#3724,#3725,#3726,#3727,#3728,#3729,#3730,#3731,#3732,#3733,
#3734,#3735,#3736,#3737,#3738,#3739,#3740,#3741,#3742,#3743,#3744,#3745));
#9005=EDGE_LOOP('',(#3746,#3747,#3748,#3749,#3750,#3751,#3752,#3753,#3754,
#3755,#3756,#3757,#3758,#3759,#3760,#3761,#3762,#3763,#3764,#3765,#3766));
#9006=EDGE_LOOP('',(#3767,#3768,#3769,#3770,#3771,#3772,#3773,#3774,#3775,
#3776,#3777,#3778,#3779,#3780,#3781,#3782,#3783,#3784,#3785,#3786,#3787,
#3788,#3789,#3790,#3791,#3792));
#9007=EDGE_LOOP('',(#3793,#3794,#3795,#3796,#3797,#3798,#3799,#3800,#3801,
#3802,#3803,#3804,#3805,#3806,#3807,#3808,#3809,#3810,#3811,#3812,#3813,
#3814,#3815,#3816,#3817));
#9008=EDGE_LOOP('',(#3818,#3819,#3820,#3821,#3822,#3823,#3824,#3825,#3826,
#3827,#3828,#3829,#3830,#3831,#3832,#3833));
#9009=EDGE_LOOP('',(#3834,#3835,#3836,#3837,#3838,#3839,#3840,#3841,#3842,
#3843,#3844,#3845,#3846,#3847,#3848,#3849,#3850,#3851,#3852,#3853,#3854,
#3855));
#9010=EDGE_LOOP('',(#3856,#3857,#3858,#3859,#3860,#3861,#3862,#3863));
#9011=EDGE_LOOP('',(#3864,#3865,#3866,#3867,#3868,#3869,#3870,#3871));
#9012=EDGE_LOOP('',(#3872,#3873,#3874,#3875,#3876,#3877,#3878,#3879,#3880,
#3881,#3882,#3883,#3884,#3885,#3886,#3887));
#9013=EDGE_LOOP('',(#3888));
#9014=EDGE_LOOP('',(#3889));
#9015=EDGE_LOOP('',(#3890));
#9016=EDGE_LOOP('',(#3891));
#9017=EDGE_LOOP('',(#3892,#3893,#3894,#3895,#3896,#3897,#3898,#3899,#3900,
#3901,#3902,#3903,#3904,#3905,#3906,#3907,#3908,#3909,#3910,#3911,#3912,
#3913,#3914,#3915,#3916,#3917,#3918,#3919,#3920,#3921,#3922,#3923,#3924,
#3925,#3926,#3927,#3928,#3929,#3930,#3931,#3932,#3933,#3934,#3935,#3936));
#9018=EDGE_LOOP('',(#3937,#3938,#3939,#3940,#3941,#3942,#3943,#3944,#3945,
#3946));
#9019=EDGE_LOOP('',(#3947,#3948,#3949,#3950,#3951,#3952,#3953,#3954,#3955,
#3956,#3957,#3958,#3959,#3960,#3961,#3962,#3963,#3964,#3965,#3966,#3967));
#9020=EDGE_LOOP('',(#3968,#3969,#3970,#3971,#3972,#3973,#3974,#3975,#3976,
#3977,#3978,#3979,#3980,#3981,#3982,#3983,#3984,#3985,#3986,#3987,#3988,
#3989,#3990,#3991));
#9021=EDGE_LOOP('',(#3992,#3993,#3994,#3995,#3996,#3997,#3998,#3999,#4000,
#4001,#4002));
#9022=EDGE_LOOP('',(#4003,#4004,#4005,#4006,#4007,#4008,#4009,#4010,#4011,
#4012,#4013,#4014,#4015,#4016,#4017,#4018,#4019,#4020,#4021,#4022,#4023,
#4024,#4025,#4026,#4027,#4028,#4029,#4030,#4031));
#9023=EDGE_LOOP('',(#4032,#4033,#4034,#4035,#4036,#4037,#4038,#4039,#4040,
#4041,#4042,#4043,#4044,#4045,#4046,#4047,#4048,#4049,#4050,#4051,#4052,
#4053,#4054,#4055,#4056,#4057,#4058,#4059,#4060,#4061,#4062,#4063,#4064));
#9024=EDGE_LOOP('',(#4065,#4066,#4067,#4068));
#9025=EDGE_LOOP('',(#4069,#4070,#4071,#4072));
#9026=EDGE_LOOP('',(#4073,#4074,#4075,#4076,#4077));
#9027=EDGE_LOOP('',(#4078,#4079,#4080,#4081));
#9028=EDGE_LOOP('',(#4082,#4083,#4084,#4085));
#9029=EDGE_LOOP('',(#4086,#4087,#4088,#4089,#4090));
#9030=EDGE_LOOP('',(#4091,#4092,#4093,#4094));
#9031=EDGE_LOOP('',(#4095,#4096,#4097,#4098));
#9032=EDGE_LOOP('',(#4099,#4100,#4101,#4102));
#9033=EDGE_LOOP('',(#4103,#4104,#4105,#4106));
#9034=EDGE_LOOP('',(#4107,#4108,#4109,#4110));
#9035=EDGE_LOOP('',(#4111,#4112,#4113,#4114));
#9036=EDGE_LOOP('',(#4115));
#9037=EDGE_LOOP('',(#4116));
#9038=EDGE_LOOP('',(#4117));
#9039=EDGE_LOOP('',(#4118));
#9040=EDGE_LOOP('',(#4119));
#9041=EDGE_LOOP('',(#4120));
#9042=EDGE_LOOP('',(#4121,#4122,#4123,#4124));
#9043=EDGE_LOOP('',(#4125));
#9044=EDGE_LOOP('',(#4126));
#9045=EDGE_LOOP('',(#4127));
#9046=EDGE_LOOP('',(#4128));
#9047=EDGE_LOOP('',(#4129));
#9048=EDGE_LOOP('',(#4130));
#9049=EDGE_LOOP('',(#4131,#4132,#4133,#4134));
#9050=EDGE_LOOP('',(#4135,#4136,#4137,#4138));
#9051=EDGE_LOOP('',(#4139,#4140,#4141,#4142));
#9052=EDGE_LOOP('',(#4143,#4144,#4145,#4146));
#9053=EDGE_LOOP('',(#4147,#4148,#4149,#4150));
#9054=EDGE_LOOP('',(#4151,#4152,#4153,#4154));
#9055=EDGE_LOOP('',(#4155,#4156,#4157,#4158));
#9056=EDGE_LOOP('',(#4159,#4160,#4161,#4162));
#9057=EDGE_LOOP('',(#4163,#4164,#4165));
#9058=EDGE_LOOP('',(#4166,#4167,#4168,#4169));
#9059=EDGE_LOOP('',(#4170,#4171,#4172));
#9060=EDGE_LOOP('',(#4173,#4174,#4175));
#9061=EDGE_LOOP('',(#4176,#4177,#4178));
#9062=EDGE_LOOP('',(#4179,#4180,#4181,#4182));
#9063=EDGE_LOOP('',(#4183,#4184,#4185,#4186));
#9064=EDGE_LOOP('',(#4187,#4188,#4189,#4190));
#9065=EDGE_LOOP('',(#4191,#4192,#4193,#4194));
#9066=EDGE_LOOP('',(#4195,#4196,#4197));
#9067=EDGE_LOOP('',(#4198,#4199,#4200));
#9068=EDGE_LOOP('',(#4201,#4202,#4203,#4204));
#9069=EDGE_LOOP('',(#4205,#4206,#4207,#4208));
#9070=EDGE_LOOP('',(#4209,#4210,#4211));
#9071=EDGE_LOOP('',(#4212,#4213,#4214,#4215));
#9072=EDGE_LOOP('',(#4216,#4217,#4218));
#9073=EDGE_LOOP('',(#4219,#4220,#4221,#4222));
#9074=EDGE_LOOP('',(#4223,#4224,#4225,#4226));
#9075=FACE_BOUND('',#8467,.T.);
#9076=FACE_BOUND('',#8468,.T.);
#9077=FACE_BOUND('',#8469,.T.);
#9078=FACE_BOUND('',#8470,.T.);
#9079=FACE_BOUND('',#8471,.T.);
#9080=FACE_BOUND('',#8472,.T.);
#9081=FACE_BOUND('',#8473,.T.);
#9082=FACE_BOUND('',#8474,.T.);
#9083=FACE_BOUND('',#8475,.T.);
#9084=FACE_BOUND('',#8476,.T.);
#9085=FACE_BOUND('',#8477,.T.);
#9086=FACE_BOUND('',#8478,.T.);
#9087=FACE_BOUND('',#8479,.T.);
#9088=FACE_BOUND('',#8480,.T.);
#9089=FACE_BOUND('',#8481,.T.);
#9090=FACE_BOUND('',#8482,.T.);
#9091=FACE_BOUND('',#8483,.T.);
#9092=FACE_BOUND('',#8484,.T.);
#9093=FACE_BOUND('',#8485,.T.);
#9094=FACE_BOUND('',#8486,.T.);
#9095=FACE_BOUND('',#8487,.T.);
#9096=FACE_BOUND('',#8488,.T.);
#9097=FACE_BOUND('',#8489,.T.);
#9098=FACE_BOUND('',#8490,.T.);
#9099=FACE_BOUND('',#8491,.T.);
#9100=FACE_BOUND('',#8492,.T.);
#9101=FACE_BOUND('',#8493,.T.);
#9102=FACE_BOUND('',#8494,.T.);
#9103=FACE_BOUND('',#8495,.T.);
#9104=FACE_BOUND('',#8496,.T.);
#9105=FACE_BOUND('',#8497,.T.);
#9106=FACE_BOUND('',#8498,.T.);
#9107=FACE_BOUND('',#8499,.T.);
#9108=FACE_BOUND('',#8500,.T.);
#9109=FACE_BOUND('',#8501,.T.);
#9110=FACE_BOUND('',#8502,.T.);
#9111=FACE_BOUND('',#8503,.T.);
#9112=FACE_BOUND('',#8504,.T.);
#9113=FACE_BOUND('',#8505,.T.);
#9114=FACE_BOUND('',#8506,.T.);
#9115=FACE_BOUND('',#8507,.T.);
#9116=FACE_BOUND('',#8508,.T.);
#9117=FACE_BOUND('',#8509,.T.);
#9118=FACE_BOUND('',#8510,.T.);
#9119=FACE_BOUND('',#8511,.T.);
#9120=FACE_BOUND('',#8512,.T.);
#9121=FACE_BOUND('',#8513,.T.);
#9122=FACE_BOUND('',#8514,.T.);
#9123=FACE_BOUND('',#8515,.T.);
#9124=FACE_BOUND('',#8516,.T.);
#9125=FACE_BOUND('',#8517,.T.);
#9126=FACE_BOUND('',#8518,.T.);
#9127=FACE_BOUND('',#8519,.T.);
#9128=FACE_BOUND('',#8520,.T.);
#9129=FACE_BOUND('',#8521,.T.);
#9130=FACE_BOUND('',#8522,.T.);
#9131=FACE_BOUND('',#8523,.T.);
#9132=FACE_BOUND('',#8524,.T.);
#9133=FACE_BOUND('',#8525,.T.);
#9134=FACE_BOUND('',#8526,.T.);
#9135=FACE_BOUND('',#8527,.T.);
#9136=FACE_BOUND('',#8528,.T.);
#9137=FACE_BOUND('',#8529,.T.);
#9138=FACE_BOUND('',#8530,.T.);
#9139=FACE_BOUND('',#8531,.T.);
#9140=FACE_BOUND('',#8532,.T.);
#9141=FACE_BOUND('',#8533,.T.);
#9142=FACE_BOUND('',#8534,.T.);
#9143=FACE_BOUND('',#8535,.T.);
#9144=FACE_BOUND('',#8536,.T.);
#9145=FACE_BOUND('',#8537,.T.);
#9146=FACE_BOUND('',#8538,.T.);
#9147=FACE_BOUND('',#8539,.T.);
#9148=FACE_BOUND('',#8540,.T.);
#9149=FACE_BOUND('',#8541,.T.);
#9150=FACE_BOUND('',#8542,.T.);
#9151=FACE_BOUND('',#8543,.T.);
#9152=FACE_BOUND('',#8544,.T.);
#9153=FACE_BOUND('',#8545,.T.);
#9154=FACE_BOUND('',#8546,.T.);
#9155=FACE_BOUND('',#8547,.T.);
#9156=FACE_BOUND('',#8548,.T.);
#9157=FACE_BOUND('',#8549,.T.);
#9158=FACE_BOUND('',#8550,.T.);
#9159=FACE_BOUND('',#8551,.T.);
#9160=FACE_BOUND('',#8552,.T.);
#9161=FACE_BOUND('',#8553,.T.);
#9162=FACE_BOUND('',#8554,.T.);
#9163=FACE_BOUND('',#8555,.T.);
#9164=FACE_BOUND('',#8556,.T.);
#9165=FACE_BOUND('',#8557,.T.);
#9166=FACE_BOUND('',#8558,.T.);
#9167=FACE_BOUND('',#8559,.T.);
#9168=FACE_BOUND('',#8560,.T.);
#9169=FACE_BOUND('',#8561,.T.);
#9170=FACE_BOUND('',#8562,.T.);
#9171=FACE_BOUND('',#8563,.T.);
#9172=FACE_BOUND('',#8564,.T.);
#9173=FACE_BOUND('',#8565,.T.);
#9174=FACE_BOUND('',#8566,.T.);
#9175=FACE_BOUND('',#8567,.T.);
#9176=FACE_BOUND('',#8568,.T.);
#9177=FACE_BOUND('',#8569,.T.);
#9178=FACE_BOUND('',#8570,.T.);
#9179=FACE_BOUND('',#8571,.T.);
#9180=FACE_BOUND('',#8572,.T.);
#9181=FACE_BOUND('',#8573,.T.);
#9182=FACE_BOUND('',#8574,.T.);
#9183=FACE_BOUND('',#8575,.T.);
#9184=FACE_BOUND('',#8576,.T.);
#9185=FACE_BOUND('',#8577,.T.);
#9186=FACE_BOUND('',#8578,.T.);
#9187=FACE_BOUND('',#8579,.T.);
#9188=FACE_BOUND('',#8580,.T.);
#9189=FACE_BOUND('',#8581,.T.);
#9190=FACE_BOUND('',#8582,.T.);
#9191=FACE_BOUND('',#8583,.T.);
#9192=FACE_BOUND('',#8584,.T.);
#9193=FACE_BOUND('',#8585,.T.);
#9194=FACE_BOUND('',#8586,.T.);
#9195=FACE_BOUND('',#8587,.T.);
#9196=FACE_BOUND('',#8588,.T.);
#9197=FACE_BOUND('',#8589,.T.);
#9198=FACE_BOUND('',#8590,.T.);
#9199=FACE_BOUND('',#8591,.T.);
#9200=FACE_BOUND('',#8592,.T.);
#9201=FACE_BOUND('',#8593,.T.);
#9202=FACE_BOUND('',#8594,.T.);
#9203=FACE_BOUND('',#8595,.T.);
#9204=FACE_BOUND('',#8596,.T.);
#9205=FACE_BOUND('',#8597,.T.);
#9206=FACE_BOUND('',#8598,.T.);
#9207=FACE_BOUND('',#8599,.T.);
#9208=FACE_BOUND('',#8600,.T.);
#9209=FACE_BOUND('',#8601,.T.);
#9210=FACE_BOUND('',#8602,.T.);
#9211=FACE_BOUND('',#8603,.T.);
#9212=FACE_BOUND('',#8604,.T.);
#9213=FACE_BOUND('',#8605,.T.);
#9214=FACE_BOUND('',#8606,.T.);
#9215=FACE_BOUND('',#8607,.T.);
#9216=FACE_BOUND('',#8608,.T.);
#9217=FACE_BOUND('',#8609,.T.);
#9218=FACE_BOUND('',#8610,.T.);
#9219=FACE_BOUND('',#8611,.T.);
#9220=FACE_BOUND('',#8612,.T.);
#9221=FACE_BOUND('',#8613,.T.);
#9222=FACE_BOUND('',#8614,.T.);
#9223=FACE_BOUND('',#8615,.T.);
#9224=FACE_BOUND('',#8616,.T.);
#9225=FACE_BOUND('',#8617,.T.);
#9226=FACE_BOUND('',#8618,.T.);
#9227=FACE_BOUND('',#8619,.T.);
#9228=FACE_BOUND('',#8620,.T.);
#9229=FACE_BOUND('',#8621,.T.);
#9230=FACE_BOUND('',#8622,.T.);
#9231=FACE_BOUND('',#8623,.T.);
#9232=FACE_BOUND('',#8624,.T.);
#9233=FACE_BOUND('',#8625,.T.);
#9234=FACE_BOUND('',#8626,.T.);
#9235=FACE_BOUND('',#8627,.T.);
#9236=FACE_BOUND('',#8628,.T.);
#9237=FACE_BOUND('',#8629,.T.);
#9238=FACE_BOUND('',#8630,.T.);
#9239=FACE_BOUND('',#8631,.T.);
#9240=FACE_BOUND('',#8632,.T.);
#9241=FACE_BOUND('',#8633,.T.);
#9242=FACE_BOUND('',#8634,.T.);
#9243=FACE_BOUND('',#8635,.T.);
#9244=FACE_BOUND('',#8636,.T.);
#9245=FACE_BOUND('',#8637,.T.);
#9246=FACE_BOUND('',#8638,.T.);
#9247=FACE_BOUND('',#8639,.T.);
#9248=FACE_BOUND('',#8640,.T.);
#9249=FACE_BOUND('',#8641,.T.);
#9250=FACE_BOUND('',#8642,.T.);
#9251=FACE_BOUND('',#8643,.T.);
#9252=FACE_BOUND('',#8644,.T.);
#9253=FACE_BOUND('',#8645,.T.);
#9254=FACE_BOUND('',#8646,.T.);
#9255=FACE_BOUND('',#8647,.T.);
#9256=FACE_BOUND('',#8648,.T.);
#9257=FACE_BOUND('',#8649,.T.);
#9258=FACE_BOUND('',#8650,.T.);
#9259=FACE_BOUND('',#8651,.T.);
#9260=FACE_BOUND('',#8652,.T.);
#9261=FACE_BOUND('',#8653,.T.);
#9262=FACE_BOUND('',#8654,.T.);
#9263=FACE_BOUND('',#8655,.T.);
#9264=FACE_BOUND('',#8656,.T.);
#9265=FACE_BOUND('',#8657,.T.);
#9266=FACE_BOUND('',#8658,.T.);
#9267=FACE_BOUND('',#8659,.T.);
#9268=FACE_BOUND('',#8660,.T.);
#9269=FACE_BOUND('',#8661,.T.);
#9270=FACE_BOUND('',#8662,.T.);
#9271=FACE_BOUND('',#8663,.T.);
#9272=FACE_BOUND('',#8664,.T.);
#9273=FACE_BOUND('',#8665,.T.);
#9274=FACE_BOUND('',#8666,.T.);
#9275=FACE_BOUND('',#8667,.T.);
#9276=FACE_BOUND('',#8668,.T.);
#9277=FACE_BOUND('',#8669,.T.);
#9278=FACE_BOUND('',#8670,.T.);
#9279=FACE_BOUND('',#8671,.T.);
#9280=FACE_BOUND('',#8672,.T.);
#9281=FACE_BOUND('',#8673,.T.);
#9282=FACE_BOUND('',#8674,.T.);
#9283=FACE_BOUND('',#8675,.T.);
#9284=FACE_BOUND('',#8676,.T.);
#9285=FACE_BOUND('',#8677,.T.);
#9286=FACE_BOUND('',#8678,.T.);
#9287=FACE_BOUND('',#8679,.T.);
#9288=FACE_BOUND('',#8680,.T.);
#9289=FACE_BOUND('',#8681,.T.);
#9290=FACE_BOUND('',#8682,.T.);
#9291=FACE_BOUND('',#8683,.T.);
#9292=FACE_BOUND('',#8684,.T.);
#9293=FACE_BOUND('',#8685,.T.);
#9294=FACE_BOUND('',#8686,.T.);
#9295=FACE_BOUND('',#8687,.T.);
#9296=FACE_BOUND('',#8688,.T.);
#9297=FACE_BOUND('',#8689,.T.);
#9298=FACE_BOUND('',#8690,.T.);
#9299=FACE_BOUND('',#8691,.T.);
#9300=FACE_BOUND('',#8692,.T.);
#9301=FACE_BOUND('',#8693,.T.);
#9302=FACE_BOUND('',#8694,.T.);
#9303=FACE_BOUND('',#8695,.T.);
#9304=FACE_BOUND('',#8696,.T.);
#9305=FACE_BOUND('',#8697,.T.);
#9306=FACE_BOUND('',#8698,.T.);
#9307=FACE_BOUND('',#8699,.T.);
#9308=FACE_BOUND('',#8700,.T.);
#9309=FACE_BOUND('',#8701,.T.);
#9310=FACE_BOUND('',#8702,.T.);
#9311=FACE_BOUND('',#8703,.T.);
#9312=FACE_BOUND('',#8704,.T.);
#9313=FACE_BOUND('',#8705,.T.);
#9314=FACE_BOUND('',#8706,.T.);
#9315=FACE_BOUND('',#8707,.T.);
#9316=FACE_BOUND('',#8708,.T.);
#9317=FACE_BOUND('',#8709,.T.);
#9318=FACE_BOUND('',#8710,.T.);
#9319=FACE_BOUND('',#8711,.T.);
#9320=FACE_BOUND('',#8712,.T.);
#9321=FACE_BOUND('',#8713,.T.);
#9322=FACE_BOUND('',#8714,.T.);
#9323=FACE_BOUND('',#8715,.T.);
#9324=FACE_BOUND('',#8716,.T.);
#9325=FACE_BOUND('',#8717,.T.);
#9326=FACE_BOUND('',#8718,.T.);
#9327=FACE_BOUND('',#8719,.T.);
#9328=FACE_BOUND('',#8720,.T.);
#9329=FACE_BOUND('',#8721,.T.);
#9330=FACE_BOUND('',#8722,.T.);
#9331=FACE_BOUND('',#8723,.T.);
#9332=FACE_BOUND('',#8724,.T.);
#9333=FACE_BOUND('',#8725,.T.);
#9334=FACE_BOUND('',#8726,.T.);
#9335=FACE_BOUND('',#8727,.T.);
#9336=FACE_BOUND('',#8728,.T.);
#9337=FACE_BOUND('',#8729,.T.);
#9338=FACE_BOUND('',#8730,.T.);
#9339=FACE_BOUND('',#8731,.T.);
#9340=FACE_BOUND('',#8732,.T.);
#9341=FACE_BOUND('',#8733,.T.);
#9342=FACE_BOUND('',#8734,.T.);
#9343=FACE_BOUND('',#8735,.T.);
#9344=FACE_BOUND('',#8736,.T.);
#9345=FACE_BOUND('',#8737,.T.);
#9346=FACE_BOUND('',#8738,.T.);
#9347=FACE_BOUND('',#8739,.T.);
#9348=FACE_BOUND('',#8740,.T.);
#9349=FACE_BOUND('',#8741,.T.);
#9350=FACE_BOUND('',#8742,.T.);
#9351=FACE_BOUND('',#8743,.T.);
#9352=FACE_BOUND('',#8744,.T.);
#9353=FACE_BOUND('',#8745,.T.);
#9354=FACE_BOUND('',#8746,.T.);
#9355=FACE_BOUND('',#8747,.T.);
#9356=FACE_BOUND('',#8748,.T.);
#9357=FACE_BOUND('',#8749,.T.);
#9358=FACE_BOUND('',#8750,.T.);
#9359=FACE_BOUND('',#8751,.T.);
#9360=FACE_BOUND('',#8752,.T.);
#9361=FACE_BOUND('',#8753,.T.);
#9362=FACE_BOUND('',#8754,.T.);
#9363=FACE_BOUND('',#8755,.T.);
#9364=FACE_BOUND('',#8756,.T.);
#9365=FACE_BOUND('',#8757,.T.);
#9366=FACE_BOUND('',#8758,.T.);
#9367=FACE_BOUND('',#8759,.T.);
#9368=FACE_BOUND('',#8760,.T.);
#9369=FACE_BOUND('',#8761,.T.);
#9370=FACE_BOUND('',#8762,.T.);
#9371=FACE_BOUND('',#8763,.T.);
#9372=FACE_BOUND('',#8764,.T.);
#9373=FACE_BOUND('',#8765,.T.);
#9374=FACE_BOUND('',#8766,.T.);
#9375=FACE_BOUND('',#8767,.T.);
#9376=FACE_BOUND('',#8768,.T.);
#9377=FACE_BOUND('',#8769,.T.);
#9378=FACE_BOUND('',#8770,.T.);
#9379=FACE_BOUND('',#8771,.T.);
#9380=FACE_BOUND('',#8772,.T.);
#9381=FACE_BOUND('',#8773,.T.);
#9382=FACE_BOUND('',#8774,.T.);
#9383=FACE_BOUND('',#8775,.T.);
#9384=FACE_BOUND('',#8776,.T.);
#9385=FACE_BOUND('',#8777,.T.);
#9386=FACE_BOUND('',#8778,.T.);
#9387=FACE_BOUND('',#8779,.T.);
#9388=FACE_BOUND('',#8780,.T.);
#9389=FACE_BOUND('',#8781,.T.);
#9390=FACE_BOUND('',#8782,.T.);
#9391=FACE_BOUND('',#8783,.T.);
#9392=FACE_BOUND('',#8784,.T.);
#9393=FACE_BOUND('',#8785,.T.);
#9394=FACE_BOUND('',#8786,.T.);
#9395=FACE_BOUND('',#8787,.T.);
#9396=FACE_BOUND('',#8788,.T.);
#9397=FACE_BOUND('',#8789,.T.);
#9398=FACE_BOUND('',#8790,.T.);
#9399=FACE_BOUND('',#8791,.T.);
#9400=FACE_BOUND('',#8792,.T.);
#9401=FACE_BOUND('',#8793,.T.);
#9402=FACE_BOUND('',#8794,.T.);
#9403=FACE_BOUND('',#8795,.T.);
#9404=FACE_BOUND('',#8796,.T.);
#9405=FACE_BOUND('',#8797,.T.);
#9406=FACE_BOUND('',#8798,.T.);
#9407=FACE_BOUND('',#8799,.T.);
#9408=FACE_BOUND('',#8800,.T.);
#9409=FACE_BOUND('',#8801,.T.);
#9410=FACE_BOUND('',#8802,.T.);
#9411=FACE_BOUND('',#8803,.T.);
#9412=FACE_BOUND('',#8804,.T.);
#9413=FACE_BOUND('',#8805,.T.);
#9414=FACE_BOUND('',#8806,.T.);
#9415=FACE_BOUND('',#8807,.T.);
#9416=FACE_BOUND('',#8808,.T.);
#9417=FACE_BOUND('',#8809,.T.);
#9418=FACE_BOUND('',#8810,.T.);
#9419=FACE_BOUND('',#8811,.T.);
#9420=FACE_BOUND('',#8812,.T.);
#9421=FACE_BOUND('',#8813,.T.);
#9422=FACE_BOUND('',#8814,.T.);
#9423=FACE_BOUND('',#8815,.T.);
#9424=FACE_BOUND('',#8816,.T.);
#9425=FACE_BOUND('',#8817,.T.);
#9426=FACE_BOUND('',#8818,.T.);
#9427=FACE_BOUND('',#8819,.T.);
#9428=FACE_BOUND('',#8820,.T.);
#9429=FACE_BOUND('',#8821,.T.);
#9430=FACE_BOUND('',#8822,.T.);
#9431=FACE_BOUND('',#8823,.T.);
#9432=FACE_BOUND('',#8824,.T.);
#9433=FACE_BOUND('',#8825,.T.);
#9434=FACE_BOUND('',#8826,.T.);
#9435=FACE_BOUND('',#8827,.T.);
#9436=FACE_BOUND('',#8828,.T.);
#9437=FACE_BOUND('',#8829,.T.);
#9438=FACE_BOUND('',#8830,.T.);
#9439=FACE_BOUND('',#8831,.T.);
#9440=FACE_BOUND('',#8832,.T.);
#9441=FACE_BOUND('',#8833,.T.);
#9442=FACE_BOUND('',#8834,.T.);
#9443=FACE_BOUND('',#8835,.T.);
#9444=FACE_BOUND('',#8836,.T.);
#9445=FACE_BOUND('',#8837,.T.);
#9446=FACE_BOUND('',#8838,.T.);
#9447=FACE_BOUND('',#8839,.T.);
#9448=FACE_BOUND('',#8840,.T.);
#9449=FACE_BOUND('',#8841,.T.);
#9450=FACE_BOUND('',#8842,.T.);
#9451=FACE_BOUND('',#8843,.T.);
#9452=FACE_BOUND('',#8844,.T.);
#9453=FACE_BOUND('',#8845,.T.);
#9454=FACE_BOUND('',#8846,.T.);
#9455=FACE_BOUND('',#8847,.T.);
#9456=FACE_BOUND('',#8848,.T.);
#9457=FACE_BOUND('',#8849,.T.);
#9458=FACE_BOUND('',#8850,.T.);
#9459=FACE_BOUND('',#8851,.T.);
#9460=FACE_BOUND('',#8852,.T.);
#9461=FACE_BOUND('',#8853,.T.);
#9462=FACE_BOUND('',#8854,.T.);
#9463=FACE_BOUND('',#8855,.T.);
#9464=FACE_BOUND('',#8856,.T.);
#9465=FACE_BOUND('',#8857,.T.);
#9466=FACE_BOUND('',#8858,.T.);
#9467=FACE_BOUND('',#8859,.T.);
#9468=FACE_BOUND('',#8860,.T.);
#9469=FACE_BOUND('',#8861,.T.);
#9470=FACE_BOUND('',#8862,.T.);
#9471=FACE_BOUND('',#8863,.T.);
#9472=FACE_BOUND('',#8864,.T.);
#9473=FACE_BOUND('',#8865,.T.);
#9474=FACE_BOUND('',#8866,.T.);
#9475=FACE_BOUND('',#8867,.T.);
#9476=FACE_BOUND('',#8868,.T.);
#9477=FACE_BOUND('',#8869,.T.);
#9478=FACE_BOUND('',#8870,.T.);
#9479=FACE_BOUND('',#8871,.T.);
#9480=FACE_BOUND('',#8872,.T.);
#9481=FACE_BOUND('',#8873,.T.);
#9482=FACE_BOUND('',#8874,.T.);
#9483=FACE_BOUND('',#8875,.T.);
#9484=FACE_BOUND('',#8876,.T.);
#9485=FACE_BOUND('',#8877,.T.);
#9486=FACE_BOUND('',#8878,.T.);
#9487=FACE_BOUND('',#8879,.T.);
#9488=FACE_BOUND('',#8880,.T.);
#9489=FACE_BOUND('',#8881,.T.);
#9490=FACE_BOUND('',#8882,.T.);
#9491=FACE_BOUND('',#8883,.T.);
#9492=FACE_BOUND('',#8884,.T.);
#9493=FACE_BOUND('',#8885,.T.);
#9494=FACE_BOUND('',#8886,.T.);
#9495=FACE_BOUND('',#8887,.T.);
#9496=FACE_BOUND('',#8888,.T.);
#9497=FACE_BOUND('',#8889,.T.);
#9498=FACE_BOUND('',#8890,.T.);
#9499=FACE_BOUND('',#8891,.T.);
#9500=FACE_BOUND('',#8892,.T.);
#9501=FACE_BOUND('',#8893,.T.);
#9502=FACE_BOUND('',#8894,.T.);
#9503=FACE_BOUND('',#8895,.T.);
#9504=FACE_BOUND('',#8896,.T.);
#9505=FACE_BOUND('',#8897,.T.);
#9506=FACE_BOUND('',#8898,.T.);
#9507=FACE_BOUND('',#8899,.T.);
#9508=FACE_BOUND('',#8900,.T.);
#9509=FACE_BOUND('',#8901,.T.);
#9510=FACE_BOUND('',#8902,.T.);
#9511=FACE_BOUND('',#8903,.T.);
#9512=FACE_BOUND('',#8904,.T.);
#9513=FACE_BOUND('',#8905,.T.);
#9514=FACE_BOUND('',#8906,.T.);
#9515=FACE_BOUND('',#8907,.T.);
#9516=FACE_BOUND('',#8908,.T.);
#9517=FACE_BOUND('',#8909,.T.);
#9518=FACE_BOUND('',#8910,.T.);
#9519=FACE_BOUND('',#8911,.T.);
#9520=FACE_BOUND('',#8912,.T.);
#9521=FACE_BOUND('',#8913,.T.);
#9522=FACE_BOUND('',#8914,.T.);
#9523=FACE_BOUND('',#8915,.T.);
#9524=FACE_BOUND('',#8916,.T.);
#9525=FACE_BOUND('',#8917,.T.);
#9526=FACE_BOUND('',#8918,.T.);
#9527=FACE_BOUND('',#8919,.T.);
#9528=FACE_BOUND('',#8920,.T.);
#9529=FACE_BOUND('',#8921,.T.);
#9530=FACE_BOUND('',#8922,.T.);
#9531=FACE_BOUND('',#8923,.T.);
#9532=FACE_BOUND('',#8924,.T.);
#9533=FACE_BOUND('',#8925,.T.);
#9534=FACE_BOUND('',#8926,.T.);
#9535=FACE_BOUND('',#8927,.T.);
#9536=FACE_BOUND('',#8928,.T.);
#9537=FACE_BOUND('',#8929,.T.);
#9538=FACE_BOUND('',#8930,.T.);
#9539=FACE_BOUND('',#8931,.T.);
#9540=FACE_BOUND('',#8932,.T.);
#9541=FACE_BOUND('',#8933,.T.);
#9542=FACE_BOUND('',#8934,.T.);
#9543=FACE_BOUND('',#8935,.T.);
#9544=FACE_BOUND('',#8936,.T.);
#9545=FACE_BOUND('',#8937,.T.);
#9546=FACE_BOUND('',#8938,.T.);
#9547=FACE_BOUND('',#8939,.T.);
#9548=FACE_BOUND('',#8940,.T.);
#9549=FACE_BOUND('',#8941,.T.);
#9550=FACE_BOUND('',#8942,.T.);
#9551=FACE_BOUND('',#8943,.T.);
#9552=FACE_BOUND('',#8944,.T.);
#9553=FACE_BOUND('',#8945,.T.);
#9554=FACE_BOUND('',#8946,.T.);
#9555=FACE_BOUND('',#8947,.T.);
#9556=FACE_BOUND('',#8948,.T.);
#9557=FACE_BOUND('',#8949,.T.);
#9558=FACE_BOUND('',#8950,.T.);
#9559=FACE_BOUND('',#8951,.T.);
#9560=FACE_BOUND('',#8952,.T.);
#9561=FACE_BOUND('',#8953,.T.);
#9562=FACE_BOUND('',#8954,.T.);
#9563=FACE_BOUND('',#8955,.T.);
#9564=FACE_BOUND('',#8956,.T.);
#9565=FACE_BOUND('',#8957,.T.);
#9566=FACE_BOUND('',#8958,.T.);
#9567=FACE_BOUND('',#8959,.T.);
#9568=FACE_BOUND('',#8960,.T.);
#9569=FACE_BOUND('',#8961,.T.);
#9570=FACE_BOUND('',#8962,.T.);
#9571=FACE_BOUND('',#8963,.T.);
#9572=FACE_BOUND('',#8964,.T.);
#9573=FACE_BOUND('',#8965,.T.);
#9574=FACE_BOUND('',#8966,.T.);
#9575=FACE_BOUND('',#8967,.T.);
#9576=FACE_BOUND('',#8968,.T.);
#9577=FACE_BOUND('',#8969,.T.);
#9578=FACE_BOUND('',#8970,.T.);
#9579=FACE_BOUND('',#8971,.T.);
#9580=FACE_BOUND('',#8972,.T.);
#9581=FACE_BOUND('',#8973,.T.);
#9582=FACE_BOUND('',#8974,.T.);
#9583=FACE_BOUND('',#8975,.T.);
#9584=FACE_BOUND('',#8976,.T.);
#9585=FACE_BOUND('',#8977,.T.);
#9586=FACE_BOUND('',#8978,.T.);
#9587=FACE_BOUND('',#8979,.T.);
#9588=FACE_BOUND('',#8980,.T.);
#9589=FACE_BOUND('',#8981,.T.);
#9590=FACE_BOUND('',#8982,.T.);
#9591=FACE_BOUND('',#8983,.T.);
#9592=FACE_BOUND('',#8984,.T.);
#9593=FACE_BOUND('',#8985,.T.);
#9594=FACE_BOUND('',#8986,.T.);
#9595=FACE_BOUND('',#8987,.T.);
#9596=FACE_BOUND('',#8988,.T.);
#9597=FACE_BOUND('',#8989,.T.);
#9598=FACE_BOUND('',#8990,.T.);
#9599=FACE_BOUND('',#8991,.T.);
#9600=FACE_BOUND('',#8992,.T.);
#9601=FACE_BOUND('',#8993,.T.);
#9602=FACE_BOUND('',#8994,.T.);
#9603=FACE_BOUND('',#8995,.T.);
#9604=FACE_BOUND('',#8996,.T.);
#9605=FACE_BOUND('',#8997,.T.);
#9606=FACE_BOUND('',#8998,.T.);
#9607=FACE_BOUND('',#8999,.T.);
#9608=FACE_BOUND('',#9000,.T.);
#9609=FACE_BOUND('',#9001,.T.);
#9610=FACE_BOUND('',#9002,.T.);
#9611=FACE_BOUND('',#9003,.T.);
#9612=FACE_BOUND('',#9004,.T.);
#9613=FACE_BOUND('',#9005,.T.);
#9614=FACE_BOUND('',#9006,.T.);
#9615=FACE_BOUND('',#9007,.T.);
#9616=FACE_BOUND('',#9008,.T.);
#9617=FACE_BOUND('',#9009,.T.);
#9618=FACE_BOUND('',#9010,.T.);
#9619=FACE_BOUND('',#9011,.T.);
#9620=FACE_BOUND('',#9012,.T.);
#9621=FACE_BOUND('',#9013,.T.);
#9622=FACE_BOUND('',#9014,.T.);
#9623=FACE_BOUND('',#9015,.T.);
#9624=FACE_BOUND('',#9016,.T.);
#9625=FACE_BOUND('',#9017,.T.);
#9626=FACE_BOUND('',#9018,.T.);
#9627=FACE_BOUND('',#9019,.T.);
#9628=FACE_BOUND('',#9020,.T.);
#9629=FACE_BOUND('',#9021,.T.);
#9630=FACE_BOUND('',#9022,.T.);
#9631=FACE_BOUND('',#9023,.T.);
#9632=FACE_BOUND('',#9024,.T.);
#9633=FACE_BOUND('',#9025,.T.);
#9634=FACE_BOUND('',#9026,.T.);
#9635=FACE_BOUND('',#9027,.T.);
#9636=FACE_BOUND('',#9028,.T.);
#9637=FACE_BOUND('',#9029,.T.);
#9638=FACE_BOUND('',#9030,.T.);
#9639=FACE_BOUND('',#9031,.T.);
#9640=FACE_BOUND('',#9032,.T.);
#9641=FACE_BOUND('',#9033,.T.);
#9642=FACE_BOUND('',#9034,.T.);
#9643=FACE_BOUND('',#9035,.T.);
#9644=FACE_BOUND('',#9036,.T.);
#9645=FACE_BOUND('',#9037,.T.);
#9646=FACE_BOUND('',#9038,.T.);
#9647=FACE_BOUND('',#9039,.T.);
#9648=FACE_BOUND('',#9040,.T.);
#9649=FACE_BOUND('',#9041,.T.);
#9650=FACE_BOUND('',#9042,.T.);
#9651=FACE_BOUND('',#9043,.T.);
#9652=FACE_BOUND('',#9044,.T.);
#9653=FACE_BOUND('',#9045,.T.);
#9654=FACE_BOUND('',#9046,.T.);
#9655=FACE_BOUND('',#9047,.T.);
#9656=FACE_BOUND('',#9048,.T.);
#9657=FACE_BOUND('',#9049,.T.);
#9658=FACE_BOUND('',#9050,.T.);
#9659=FACE_BOUND('',#9051,.T.);
#9660=FACE_BOUND('',#9052,.T.);
#9661=FACE_BOUND('',#9053,.T.);
#9662=FACE_BOUND('',#9054,.T.);
#9663=FACE_BOUND('',#9055,.T.);
#9664=FACE_BOUND('',#9056,.T.);
#9665=FACE_BOUND('',#9057,.T.);
#9666=FACE_BOUND('',#9058,.T.);
#9667=FACE_BOUND('',#9059,.T.);
#9668=FACE_BOUND('',#9060,.T.);
#9669=FACE_BOUND('',#9061,.T.);
#9670=FACE_BOUND('',#9062,.T.);
#9671=FACE_BOUND('',#9063,.T.);
#9672=FACE_BOUND('',#9064,.T.);
#9673=FACE_BOUND('',#9065,.T.);
#9674=FACE_BOUND('',#9066,.T.);
#9675=FACE_BOUND('',#9067,.T.);
#9676=FACE_BOUND('',#9068,.T.);
#9677=FACE_BOUND('',#9069,.T.);
#9678=FACE_BOUND('',#9070,.T.);
#9679=FACE_BOUND('',#9071,.T.);
#9680=FACE_BOUND('',#9072,.T.);
#9681=FACE_BOUND('',#9073,.T.);
#9682=FACE_BOUND('',#9074,.T.);
#9683=PLANE('',#10387);
#9684=PLANE('',#10388);
#9685=PLANE('',#10389);
#9686=PLANE('',#10390);
#9687=PLANE('',#10391);
#9688=PLANE('',#10392);
#9689=PLANE('',#10393);
#9690=PLANE('',#10699);
#9691=PLANE('',#10700);
#9692=PLANE('',#10701);
#9693=PLANE('',#10702);
#9694=PLANE('',#10703);
#9695=PLANE('',#10704);
#9696=PLANE('',#10705);
#9697=PLANE('',#10706);
#9698=PLANE('',#10707);
#9699=PLANE('',#10708);
#9700=PLANE('',#10709);
#9701=PLANE('',#10710);
#9702=PLANE('',#10711);
#9703=PLANE('',#10712);
#9704=PLANE('',#10713);
#9705=PLANE('',#10714);
#9706=PLANE('',#10715);
#9707=PLANE('',#10716);
#9708=PLANE('',#10717);
#9709=PLANE('',#10718);
#9710=PLANE('',#10719);
#9711=PLANE('',#10720);
#9712=PLANE('',#10721);
#9713=PLANE('',#10722);
#9714=PLANE('',#10723);
#9715=PLANE('',#10724);
#9716=PLANE('',#10725);
#9717=PLANE('',#10740);
#9718=PLANE('',#10741);
#9719=PLANE('',#10742);
#9720=PLANE('',#10743);
#9721=PLANE('',#10744);
#9722=PLANE('',#10771);
#9723=PLANE('',#10816);
#9724=PLANE('',#10833);
#9725=PLANE('',#10834);
#9726=PLANE('',#10835);
#9727=PLANE('',#10836);
#9728=PLANE('',#10837);
#9729=PLANE('',#10838);
#9730=PLANE('',#10839);
#9731=PLANE('',#10840);
#9732=PLANE('',#10841);
#9733=PLANE('',#10842);
#9734=PLANE('',#10851);
#9735=PLANE('',#10868);
#9736=PLANE('',#10901);
#9737=PLANE('',#10902);
#9738=PLANE('',#10903);
#9739=PLANE('',#10914);
#9740=PLANE('',#10915);
#9741=PLANE('',#10916);
#9742=PLANE('',#10917);
#9743=PLANE('',#10918);
#9744=PLANE('',#10919);
#9745=PLANE('',#10920);
#9746=PLANE('',#10921);
#9747=PLANE('',#10922);
#9748=PLANE('',#10937);
#9749=PLANE('',#10966);
#9750=PLANE('',#11009);
#9751=PLANE('',#11010);
#9752=PLANE('',#11011);
#9753=PLANE('',#11012);
#9754=PLANE('',#11013);
#9755=PLANE('',#11014);
#9756=PLANE('',#11015);
#9757=PLANE('',#11016);
#9758=PLANE('',#11017);
#9759=PLANE('',#11018);
#9760=PLANE('',#11019);
#9761=PLANE('',#11020);
#9762=PLANE('',#11021);
#9763=PLANE('',#11022);
#9764=PLANE('',#11023);
#9765=PLANE('',#11024);
#9766=PLANE('',#11029);
#9767=PLANE('',#11030);
#9768=PLANE('',#11031);
#9769=PLANE('',#11066);
#9770=PLANE('',#11073);
#9771=PLANE('',#11090);
#9772=PLANE('',#11091);
#9773=PLANE('',#11092);
#9774=PLANE('',#11093);
#9775=PLANE('',#11094);
#9776=PLANE('',#11095);
#9777=PLANE('',#11096);
#9778=PLANE('',#11097);
#9779=PLANE('',#11098);
#9780=PLANE('',#11099);
#9781=PLANE('',#11100);
#9782=PLANE('',#11101);
#9783=PLANE('',#11116);
#9784=PLANE('',#11117);
#9785=PLANE('',#11118);
#9786=PLANE('',#11119);
#9787=PLANE('',#11120);
#9788=PLANE('',#11157);
#9789=PLANE('',#11158);
#9790=PLANE('',#11159);
#9791=PLANE('',#11160);
#9792=PLANE('',#11181);
#9793=PLANE('',#11182);
#9794=PLANE('',#11183);
#9795=PLANE('',#11184);
#9796=PLANE('',#11185);
#9797=PLANE('',#11212);
#9798=PLANE('',#11239);
#9799=PLANE('',#11240);
#9800=PLANE('',#11241);
#9801=PLANE('',#11242);
#9802=PLANE('',#11243);
#9803=PLANE('',#11270);
#9804=PLANE('',#11283);
#9805=PLANE('',#11284);
#9806=PLANE('',#11285);
#9807=PLANE('',#11316);
#9808=PLANE('',#11317);
#9809=PLANE('',#11318);
#9810=PLANE('',#11363);
#9811=PLANE('',#11364);
#9812=PLANE('',#11365);
#9813=PLANE('',#11366);
#9814=PLANE('',#11367);
#9815=PLANE('',#11394);
#9816=PLANE('',#11407);
#9817=PLANE('',#11408);
#9818=PLANE('',#11409);
#9819=PLANE('',#11410);
#9820=PLANE('',#11411);
#9821=PLANE('',#11412);
#9822=PLANE('',#11413);
#9823=PLANE('',#11414);
#9824=PLANE('',#11415);
#9825=PLANE('',#11418);
#9826=PLANE('',#11423);
#9827=PLANE('',#11426);
#9828=PLANE('',#11427);
#9829=PLANE('',#11428);
#9830=PLANE('',#11431);
#9831=PLANE('',#11440);
#9832=PLANE('',#11443);
#9833=PLANE('',#11448);
#9834=PLANE('',#11455);
#9835=PLANE('',#11456);
#9836=PLANE('',#11457);
#9837=PLANE('',#11464);
#9838=PLANE('',#11479);
#9839=PLANE('',#11480);
#9840=PLANE('',#11481);
#9841=PLANE('',#11482);
#9842=ADVANCED_FACE('',(#9075,#9076),#9683,.F.);
#9843=ADVANCED_FACE('',(#9077,#9078),#9684,.T.);
#9844=ADVANCED_FACE('',(#9079),#9685,.T.);
#9845=ADVANCED_FACE('',(#9080),#9686,.T.);
#9846=ADVANCED_FACE('',(#9081),#9687,.F.);
#9847=ADVANCED_FACE('',(#9082),#9688,.T.);
#9848=ADVANCED_FACE('',(#9083,#9084,#9085,#9086,#9087,#9088,#9089,#9090,
#9091,#9092,#9093,#9094,#9095,#9096,#9097,#9098,#9099,#9100,#9101,#9102,
#9103,#9104,#9105,#9106,#9107,#9108,#9109,#9110,#9111,#9112,#9113,#9114),
#9689,.F.);
#9849=ADVANCED_FACE('',(#9115),#9690,.T.);
#9850=ADVANCED_FACE('',(#9116),#9691,.F.);
#9851=ADVANCED_FACE('',(#9117),#9692,.F.);
#9852=ADVANCED_FACE('',(#9118),#9693,.T.);
#9853=ADVANCED_FACE('',(#9119),#9694,.F.);
#9854=ADVANCED_FACE('',(#9120),#9695,.F.);
#9855=ADVANCED_FACE('',(#9121),#9696,.T.);
#9856=ADVANCED_FACE('',(#9122),#9697,.F.);
#9857=ADVANCED_FACE('',(#9123),#9698,.F.);
#9858=ADVANCED_FACE('',(#9124),#9699,.T.);
#9859=ADVANCED_FACE('',(#9125),#9700,.F.);
#9860=ADVANCED_FACE('',(#9126),#9701,.F.);
#9861=ADVANCED_FACE('',(#9127),#9702,.T.);
#9862=ADVANCED_FACE('',(#9128),#9703,.F.);
#9863=ADVANCED_FACE('',(#9129),#9704,.F.);
#9864=ADVANCED_FACE('',(#9130),#9705,.T.);
#9865=ADVANCED_FACE('',(#9131),#9706,.F.);
#9866=ADVANCED_FACE('',(#9132),#9707,.F.);
#9867=ADVANCED_FACE('',(#9133),#9708,.T.);
#9868=ADVANCED_FACE('',(#9134),#9709,.F.);
#9869=ADVANCED_FACE('',(#9135),#9710,.F.);
#9870=ADVANCED_FACE('',(#9136),#9711,.T.);
#9871=ADVANCED_FACE('',(#9137),#9712,.F.);
#9872=ADVANCED_FACE('',(#9138),#9713,.F.);
#9873=ADVANCED_FACE('',(#9139),#9714,.T.);
#9874=ADVANCED_FACE('',(#9140),#9715,.F.);
#9875=ADVANCED_FACE('',(#9141),#9716,.F.);
#9876=ADVANCED_FACE('',(#9142),#64,.F.);
#9877=ADVANCED_FACE('',(#9143),#65,.F.);
#9878=ADVANCED_FACE('',(#9144),#66,.F.);
#9879=ADVANCED_FACE('',(#9145),#67,.F.);
#9880=ADVANCED_FACE('',(#9146),#68,.F.);
#9881=ADVANCED_FACE('',(#9147),#69,.F.);
#9882=ADVANCED_FACE('',(#9148),#70,.T.);
#9883=ADVANCED_FACE('',(#9149),#9717,.F.);
#9884=ADVANCED_FACE('',(#9150),#9718,.F.);
#9885=ADVANCED_FACE('',(#9151),#9719,.F.);
#9886=ADVANCED_FACE('',(#9152),#9720,.F.);
#9887=ADVANCED_FACE('',(#9153),#9721,.F.);
#9888=ADVANCED_FACE('',(#9154),#71,.T.);
#9889=ADVANCED_FACE('',(#9155),#72,.T.);
#9890=ADVANCED_FACE('',(#9156),#73,.T.);
#9891=ADVANCED_FACE('',(#9157),#74,.T.);
#9892=ADVANCED_FACE('',(#9158),#75,.T.);
#9893=ADVANCED_FACE('',(#9159),#76,.T.);
#9894=ADVANCED_FACE('',(#9160),#77,.T.);
#9895=ADVANCED_FACE('',(#9161),#78,.T.);
#9896=ADVANCED_FACE('',(#9162),#79,.T.);
#9897=ADVANCED_FACE('',(#9163),#80,.T.);
#9898=ADVANCED_FACE('',(#9164),#81,.T.);
#9899=ADVANCED_FACE('',(#9165),#82,.T.);
#9900=ADVANCED_FACE('',(#9166),#83,.T.);
#9901=ADVANCED_FACE('',(#9167),#9722,.F.);
#9902=ADVANCED_FACE('',(#9168),#84,.F.);
#9903=ADVANCED_FACE('',(#9169),#85,.F.);
#9904=ADVANCED_FACE('',(#9170),#86,.F.);
#9905=ADVANCED_FACE('',(#9171),#87,.F.);
#9906=ADVANCED_FACE('',(#9172),#88,.F.);
#9907=ADVANCED_FACE('',(#9173),#89,.F.);
#9908=ADVANCED_FACE('',(#9174),#90,.F.);
#9909=ADVANCED_FACE('',(#9175),#91,.F.);
#9910=ADVANCED_FACE('',(#9176),#92,.F.);
#9911=ADVANCED_FACE('',(#9177),#93,.F.);
#9912=ADVANCED_FACE('',(#9178),#94,.F.);
#9913=ADVANCED_FACE('',(#9179),#20,.F.);
#9914=ADVANCED_FACE('',(#9180),#95,.F.);
#9915=ADVANCED_FACE('',(#9181),#96,.F.);
#9916=ADVANCED_FACE('',(#9182),#97,.F.);
#9917=ADVANCED_FACE('',(#9183),#98,.F.);
#9918=ADVANCED_FACE('',(#9184),#99,.F.);
#9919=ADVANCED_FACE('',(#9185),#100,.F.);
#9920=ADVANCED_FACE('',(#9186),#101,.F.);
#9921=ADVANCED_FACE('',(#9187),#21,.F.);
#9922=ADVANCED_FACE('',(#9188),#22,.F.);
#9923=ADVANCED_FACE('',(#9189),#102,.F.);
#9924=ADVANCED_FACE('',(#9190),#103,.F.);
#9925=ADVANCED_FACE('',(#9191),#104,.F.);
#9926=ADVANCED_FACE('',(#9192),#105,.F.);
#9927=ADVANCED_FACE('',(#9193),#9723,.F.);
#9928=ADVANCED_FACE('',(#9194),#106,.T.);
#9929=ADVANCED_FACE('',(#9195),#107,.T.);
#9930=ADVANCED_FACE('',(#9196),#108,.T.);
#9931=ADVANCED_FACE('',(#9197),#109,.T.);
#9932=ADVANCED_FACE('',(#9198),#110,.T.);
#9933=ADVANCED_FACE('',(#9199),#111,.T.);
#9934=ADVANCED_FACE('',(#9200),#112,.F.);
#9935=ADVANCED_FACE('',(#9201),#113,.T.);
#9936=ADVANCED_FACE('',(#9202),#9724,.F.);
#9937=ADVANCED_FACE('',(#9203),#9725,.F.);
#9938=ADVANCED_FACE('',(#9204),#9726,.F.);
#9939=ADVANCED_FACE('',(#9205),#9727,.F.);
#9940=ADVANCED_FACE('',(#9206),#9728,.F.);
#9941=ADVANCED_FACE('',(#9207),#9729,.F.);
#9942=ADVANCED_FACE('',(#9208),#9730,.F.);
#9943=ADVANCED_FACE('',(#9209),#9731,.F.);
#9944=ADVANCED_FACE('',(#9210),#9732,.F.);
#9945=ADVANCED_FACE('',(#9211),#9733,.F.);
#9946=ADVANCED_FACE('',(#9212),#114,.F.);
#9947=ADVANCED_FACE('',(#9213),#23,.F.);
#9948=ADVANCED_FACE('',(#9214),#115,.F.);
#9949=ADVANCED_FACE('',(#9215),#116,.F.);
#9950=ADVANCED_FACE('',(#9216),#117,.F.);
#9951=ADVANCED_FACE('',(#9217),#9734,.F.);
#9952=ADVANCED_FACE('',(#9218),#118,.T.);
#9953=ADVANCED_FACE('',(#9219),#119,.T.);
#9954=ADVANCED_FACE('',(#9220),#120,.T.);
#9955=ADVANCED_FACE('',(#9221),#121,.T.);
#9956=ADVANCED_FACE('',(#9222),#122,.T.);
#9957=ADVANCED_FACE('',(#9223),#123,.T.);
#9958=ADVANCED_FACE('',(#9224),#124,.T.);
#9959=ADVANCED_FACE('',(#9225),#125,.T.);
#9960=ADVANCED_FACE('',(#9226),#9735,.F.);
#9961=ADVANCED_FACE('',(#9227),#126,.F.);
#9962=ADVANCED_FACE('',(#9228),#24,.F.);
#9963=ADVANCED_FACE('',(#9229),#127,.F.);
#9964=ADVANCED_FACE('',(#9230),#128,.F.);
#9965=ADVANCED_FACE('',(#9231),#129,.F.);
#9966=ADVANCED_FACE('',(#9232),#130,.F.);
#9967=ADVANCED_FACE('',(#9233),#131,.F.);
#9968=ADVANCED_FACE('',(#9234),#132,.F.);
#9969=ADVANCED_FACE('',(#9235),#133,.F.);
#9970=ADVANCED_FACE('',(#9236),#134,.F.);
#9971=ADVANCED_FACE('',(#9237),#135,.F.);
#9972=ADVANCED_FACE('',(#9238),#136,.F.);
#9973=ADVANCED_FACE('',(#9239),#25,.F.);
#9974=ADVANCED_FACE('',(#9240),#26,.F.);
#9975=ADVANCED_FACE('',(#9241),#137,.F.);
#9976=ADVANCED_FACE('',(#9242),#138,.F.);
#9977=ADVANCED_FACE('',(#9243),#139,.F.);
#9978=ADVANCED_FACE('',(#9244),#140,.F.);
#9979=ADVANCED_FACE('',(#9245),#141,.F.);
#9980=ADVANCED_FACE('',(#9246),#9736,.F.);
#9981=ADVANCED_FACE('',(#9247),#9737,.F.);
#9982=ADVANCED_FACE('',(#9248),#9738,.F.);
#9983=ADVANCED_FACE('',(#9249),#142,.F.);
#9984=ADVANCED_FACE('',(#9250),#143,.F.);
#9985=ADVANCED_FACE('',(#9251),#144,.F.);
#9986=ADVANCED_FACE('',(#9252),#27,.F.);
#9987=ADVANCED_FACE('',(#9253),#145,.F.);
#9988=ADVANCED_FACE('',(#9254),#146,.F.);
#9989=ADVANCED_FACE('',(#9255),#9739,.F.);
#9990=ADVANCED_FACE('',(#9256),#9740,.F.);
#9991=ADVANCED_FACE('',(#9257),#9741,.F.);
#9992=ADVANCED_FACE('',(#9258),#9742,.F.);
#9993=ADVANCED_FACE('',(#9259),#9743,.F.);
#9994=ADVANCED_FACE('',(#9260),#9744,.F.);
#9995=ADVANCED_FACE('',(#9261),#9745,.F.);
#9996=ADVANCED_FACE('',(#9262),#9746,.F.);
#9997=ADVANCED_FACE('',(#9263),#9747,.F.);
#9998=ADVANCED_FACE('',(#9264),#28,.F.);
#9999=ADVANCED_FACE('',(#9265),#147,.F.);
#10000=ADVANCED_FACE('',(#9266),#148,.F.);
#10001=ADVANCED_FACE('',(#9267),#149,.F.);
#10002=ADVANCED_FACE('',(#9268),#29,.F.);
#10003=ADVANCED_FACE('',(#9269),#150,.F.);
#10004=ADVANCED_FACE('',(#9270),#151,.F.);
#10005=ADVANCED_FACE('',(#9271),#152,.F.);
#10006=ADVANCED_FACE('',(#9272),#153,.F.);
#10007=ADVANCED_FACE('',(#9273),#9748,.F.);
#10008=ADVANCED_FACE('',(#9274),#154,.T.);
#10009=ADVANCED_FACE('',(#9275),#155,.T.);
#10010=ADVANCED_FACE('',(#9276),#156,.T.);
#10011=ADVANCED_FACE('',(#9277),#157,.T.);
#10012=ADVANCED_FACE('',(#9278),#30,.F.);
#10013=ADVANCED_FACE('',(#9279),#31,.F.);
#10014=ADVANCED_FACE('',(#9280),#158,.T.);
#10015=ADVANCED_FACE('',(#9281),#159,.T.);
#10016=ADVANCED_FACE('',(#9282),#160,.T.);
#10017=ADVANCED_FACE('',(#9283),#161,.F.);
#10018=ADVANCED_FACE('',(#9284),#162,.F.);
#10019=ADVANCED_FACE('',(#9285),#32,.F.);
#10020=ADVANCED_FACE('',(#9286),#33,.F.);
#10021=ADVANCED_FACE('',(#9287),#163,.F.);
#10022=ADVANCED_FACE('',(#9288),#164,.F.);
#10023=ADVANCED_FACE('',(#9289),#165,.F.);
#10024=ADVANCED_FACE('',(#9290),#166,.F.);
#10025=ADVANCED_FACE('',(#9291),#34,.F.);
#10026=ADVANCED_FACE('',(#9292),#167,.F.);
#10027=ADVANCED_FACE('',(#9293),#9749,.F.);
#10028=ADVANCED_FACE('',(#9294),#168,.F.);
#10029=ADVANCED_FACE('',(#9295),#169,.F.);
#10030=ADVANCED_FACE('',(#9296),#170,.F.);
#10031=ADVANCED_FACE('',(#9297),#171,.T.);
#10032=ADVANCED_FACE('',(#9298),#172,.T.);
#10033=ADVANCED_FACE('',(#9299),#173,.T.);
#10034=ADVANCED_FACE('',(#9300),#174,.T.);
#10035=ADVANCED_FACE('',(#9301),#175,.T.);
#10036=ADVANCED_FACE('',(#9302),#176,.T.);
#10037=ADVANCED_FACE('',(#9303),#177,.T.);
#10038=ADVANCED_FACE('',(#9304),#35,.F.);
#10039=ADVANCED_FACE('',(#9305),#178,.T.);
#10040=ADVANCED_FACE('',(#9306),#179,.T.);
#10041=ADVANCED_FACE('',(#9307),#180,.F.);
#10042=ADVANCED_FACE('',(#9308),#36,.F.);
#10043=ADVANCED_FACE('',(#9309),#37,.F.);
#10044=ADVANCED_FACE('',(#9310),#38,.F.);
#10045=ADVANCED_FACE('',(#9311),#181,.F.);
#10046=ADVANCED_FACE('',(#9312),#182,.F.);
#10047=ADVANCED_FACE('',(#9313),#183,.F.);
#10048=ADVANCED_FACE('',(#9314),#184,.F.);
#10049=ADVANCED_FACE('',(#9315),#39,.F.);
#10050=ADVANCED_FACE('',(#9316),#40,.F.);
#10051=ADVANCED_FACE('',(#9317),#41,.F.);
#10052=ADVANCED_FACE('',(#9318),#42,.F.);
#10053=ADVANCED_FACE('',(#9319),#185,.F.);
#10054=ADVANCED_FACE('',(#9320),#186,.F.);
#10055=ADVANCED_FACE('',(#9321),#187,.F.);
#10056=ADVANCED_FACE('',(#9322),#188,.F.);
#10057=ADVANCED_FACE('',(#9323),#9750,.F.);
#10058=ADVANCED_FACE('',(#9324),#9751,.F.);
#10059=ADVANCED_FACE('',(#9325),#9752,.F.);
#10060=ADVANCED_FACE('',(#9326),#9753,.F.);
#10061=ADVANCED_FACE('',(#9327),#9754,.F.);
#10062=ADVANCED_FACE('',(#9328),#9755,.F.);
#10063=ADVANCED_FACE('',(#9329),#9756,.F.);
#10064=ADVANCED_FACE('',(#9330),#9757,.F.);
#10065=ADVANCED_FACE('',(#9331),#9758,.F.);
#10066=ADVANCED_FACE('',(#9332),#9759,.F.);
#10067=ADVANCED_FACE('',(#9333),#9760,.F.);
#10068=ADVANCED_FACE('',(#9334),#9761,.F.);
#10069=ADVANCED_FACE('',(#9335),#9762,.F.);
#10070=ADVANCED_FACE('',(#9336),#9763,.F.);
#10071=ADVANCED_FACE('',(#9337),#9764,.F.);
#10072=ADVANCED_FACE('',(#9338),#9765,.F.);
#10073=ADVANCED_FACE('',(#9339),#43,.F.);
#10074=ADVANCED_FACE('',(#9340),#44,.F.);
#10075=ADVANCED_FACE('',(#9341),#189,.F.);
#10076=ADVANCED_FACE('',(#9342),#45,.F.);
#10077=ADVANCED_FACE('',(#9343),#46,.F.);
#10078=ADVANCED_FACE('',(#9344),#190,.F.);
#10079=ADVANCED_FACE('',(#9345),#47,.F.);
#10080=ADVANCED_FACE('',(#9346),#48,.F.);
#10081=ADVANCED_FACE('',(#9347),#9766,.F.);
#10082=ADVANCED_FACE('',(#9348),#9767,.F.);
#10083=ADVANCED_FACE('',(#9349),#9768,.F.);
#10084=ADVANCED_FACE('',(#9350),#49,.F.);
#10085=ADVANCED_FACE('',(#9351),#50,.F.);
#10086=ADVANCED_FACE('',(#9352),#51,.F.);
#10087=ADVANCED_FACE('',(#9353),#191,.T.);
#10088=ADVANCED_FACE('',(#9354),#192,.T.);
#10089=ADVANCED_FACE('',(#9355),#52,.F.);
#10090=ADVANCED_FACE('',(#9356),#53,.F.);
#10091=ADVANCED_FACE('',(#9357),#54,.F.);
#10092=ADVANCED_FACE('',(#9358),#193,.F.);
#10093=ADVANCED_FACE('',(#9359),#194,.F.);
#10094=ADVANCED_FACE('',(#9360),#195,.F.);
#10095=ADVANCED_FACE('',(#9361),#196,.F.);
#10096=ADVANCED_FACE('',(#9362),#197,.F.);
#10097=ADVANCED_FACE('',(#9363),#198,.F.);
#10098=ADVANCED_FACE('',(#9364),#199,.F.);
#10099=ADVANCED_FACE('',(#9365),#200,.F.);
#10100=ADVANCED_FACE('',(#9366),#201,.F.);
#10101=ADVANCED_FACE('',(#9367),#202,.F.);
#10102=ADVANCED_FACE('',(#9368),#203,.F.);
#10103=ADVANCED_FACE('',(#9369),#204,.F.);
#10104=ADVANCED_FACE('',(#9370),#205,.F.);
#10105=ADVANCED_FACE('',(#9371),#206,.F.);
#10106=ADVANCED_FACE('',(#9372),#207,.F.);
#10107=ADVANCED_FACE('',(#9373),#9769,.F.);
#10108=ADVANCED_FACE('',(#9374),#55,.F.);
#10109=ADVANCED_FACE('',(#9375),#208,.T.);
#10110=ADVANCED_FACE('',(#9376),#209,.T.);
#10111=ADVANCED_FACE('',(#9377),#210,.T.);
#10112=ADVANCED_FACE('',(#9378),#9770,.F.);
#10113=ADVANCED_FACE('',(#9379),#211,.F.);
#10114=ADVANCED_FACE('',(#9380),#212,.F.);
#10115=ADVANCED_FACE('',(#9381),#213,.F.);
#10116=ADVANCED_FACE('',(#9382),#214,.F.);
#10117=ADVANCED_FACE('',(#9383),#215,.F.);
#10118=ADVANCED_FACE('',(#9384),#56,.F.);
#10119=ADVANCED_FACE('',(#9385),#216,.F.);
#10120=ADVANCED_FACE('',(#9386),#217,.F.);
#10121=ADVANCED_FACE('',(#9387),#218,.F.);
#10122=ADVANCED_FACE('',(#9388),#9771,.F.);
#10123=ADVANCED_FACE('',(#9389),#9772,.F.);
#10124=ADVANCED_FACE('',(#9390),#9773,.F.);
#10125=ADVANCED_FACE('',(#9391),#9774,.F.);
#10126=ADVANCED_FACE('',(#9392),#9775,.F.);
#10127=ADVANCED_FACE('',(#9393),#9776,.F.);
#10128=ADVANCED_FACE('',(#9394),#9777,.F.);
#10129=ADVANCED_FACE('',(#9395),#9778,.F.);
#10130=ADVANCED_FACE('',(#9396),#9779,.F.);
#10131=ADVANCED_FACE('',(#9397),#9780,.F.);
#10132=ADVANCED_FACE('',(#9398),#9781,.F.);
#10133=ADVANCED_FACE('',(#9399),#9782,.F.);
#10134=ADVANCED_FACE('',(#9400),#219,.T.);
#10135=ADVANCED_FACE('',(#9401),#220,.T.);
#10136=ADVANCED_FACE('',(#9402),#221,.T.);
#10137=ADVANCED_FACE('',(#9403),#57,.F.);
#10138=ADVANCED_FACE('',(#9404),#222,.T.);
#10139=ADVANCED_FACE('',(#9405),#223,.T.);
#10140=ADVANCED_FACE('',(#9406),#224,.T.);
#10141=ADVANCED_FACE('',(#9407),#225,.T.);
#10142=ADVANCED_FACE('',(#9408),#9783,.F.);
#10143=ADVANCED_FACE('',(#9409),#9784,.F.);
#10144=ADVANCED_FACE('',(#9410),#9785,.F.);
#10145=ADVANCED_FACE('',(#9411),#9786,.F.);
#10146=ADVANCED_FACE('',(#9412),#9787,.F.);
#10147=ADVANCED_FACE('',(#9413),#226,.F.);
#10148=ADVANCED_FACE('',(#9414),#227,.F.);
#10149=ADVANCED_FACE('',(#9415),#228,.F.);
#10150=ADVANCED_FACE('',(#9416),#229,.F.);
#10151=ADVANCED_FACE('',(#9417),#58,.F.);
#10152=ADVANCED_FACE('',(#9418),#230,.F.);
#10153=ADVANCED_FACE('',(#9419),#231,.F.);
#10154=ADVANCED_FACE('',(#9420),#232,.F.);
#10155=ADVANCED_FACE('',(#9421),#233,.F.);
#10156=ADVANCED_FACE('',(#9422),#234,.F.);
#10157=ADVANCED_FACE('',(#9423),#235,.F.);
#10158=ADVANCED_FACE('',(#9424),#236,.F.);
#10159=ADVANCED_FACE('',(#9425),#237,.F.);
#10160=ADVANCED_FACE('',(#9426),#238,.F.);
#10161=ADVANCED_FACE('',(#9427),#59,.F.);
#10162=ADVANCED_FACE('',(#9428),#239,.F.);
#10163=ADVANCED_FACE('',(#9429),#240,.F.);
#10164=ADVANCED_FACE('',(#9430),#241,.F.);
#10165=ADVANCED_FACE('',(#9431),#60,.F.);
#10166=ADVANCED_FACE('',(#9432),#242,.F.);
#10167=ADVANCED_FACE('',(#9433),#243,.T.);
#10168=ADVANCED_FACE('',(#9434),#9788,.F.);
#10169=ADVANCED_FACE('',(#9435),#9789,.F.);
#10170=ADVANCED_FACE('',(#9436),#9790,.F.);
#10171=ADVANCED_FACE('',(#9437),#9791,.F.);
#10172=ADVANCED_FACE('',(#9438),#61,.F.);
#10173=ADVANCED_FACE('',(#9439),#244,.F.);
#10174=ADVANCED_FACE('',(#9440),#245,.F.);
#10175=ADVANCED_FACE('',(#9441),#246,.F.);
#10176=ADVANCED_FACE('',(#9442),#247,.F.);
#10177=ADVANCED_FACE('',(#9443),#248,.F.);
#10178=ADVANCED_FACE('',(#9444),#249,.F.);
#10179=ADVANCED_FACE('',(#9445),#250,.F.);
#10180=ADVANCED_FACE('',(#9446),#251,.F.);
#10181=ADVANCED_FACE('',(#9447),#252,.F.);
#10182=ADVANCED_FACE('',(#9448),#253,.T.);
#10183=ADVANCED_FACE('',(#9449),#9792,.F.);
#10184=ADVANCED_FACE('',(#9450),#9793,.F.);
#10185=ADVANCED_FACE('',(#9451),#9794,.F.);
#10186=ADVANCED_FACE('',(#9452),#9795,.F.);
#10187=ADVANCED_FACE('',(#9453),#9796,.F.);
#10188=ADVANCED_FACE('',(#9454),#254,.T.);
#10189=ADVANCED_FACE('',(#9455),#255,.T.);
#10190=ADVANCED_FACE('',(#9456),#256,.T.);
#10191=ADVANCED_FACE('',(#9457),#257,.T.);
#10192=ADVANCED_FACE('',(#9458),#258,.T.);
#10193=ADVANCED_FACE('',(#9459),#259,.T.);
#10194=ADVANCED_FACE('',(#9460),#260,.T.);
#10195=ADVANCED_FACE('',(#9461),#261,.T.);
#10196=ADVANCED_FACE('',(#9462),#262,.T.);
#10197=ADVANCED_FACE('',(#9463),#263,.T.);
#10198=ADVANCED_FACE('',(#9464),#264,.T.);
#10199=ADVANCED_FACE('',(#9465),#265,.T.);
#10200=ADVANCED_FACE('',(#9466),#266,.T.);
#10201=ADVANCED_FACE('',(#9467),#9797,.F.);
#10202=ADVANCED_FACE('',(#9468),#267,.F.);
#10203=ADVANCED_FACE('',(#9469),#268,.F.);
#10204=ADVANCED_FACE('',(#9470),#269,.F.);
#10205=ADVANCED_FACE('',(#9471),#270,.F.);
#10206=ADVANCED_FACE('',(#9472),#271,.F.);
#10207=ADVANCED_FACE('',(#9473),#272,.F.);
#10208=ADVANCED_FACE('',(#9474),#273,.F.);
#10209=ADVANCED_FACE('',(#9475),#274,.F.);
#10210=ADVANCED_FACE('',(#9476),#275,.F.);
#10211=ADVANCED_FACE('',(#9477),#276,.F.);
#10212=ADVANCED_FACE('',(#9478),#277,.F.);
#10213=ADVANCED_FACE('',(#9479),#278,.F.);
#10214=ADVANCED_FACE('',(#9480),#279,.T.);
#10215=ADVANCED_FACE('',(#9481),#9798,.F.);
#10216=ADVANCED_FACE('',(#9482),#9799,.F.);
#10217=ADVANCED_FACE('',(#9483),#9800,.F.);
#10218=ADVANCED_FACE('',(#9484),#9801,.F.);
#10219=ADVANCED_FACE('',(#9485),#9802,.F.);
#10220=ADVANCED_FACE('',(#9486),#280,.T.);
#10221=ADVANCED_FACE('',(#9487),#281,.T.);
#10222=ADVANCED_FACE('',(#9488),#282,.T.);
#10223=ADVANCED_FACE('',(#9489),#283,.T.);
#10224=ADVANCED_FACE('',(#9490),#284,.T.);
#10225=ADVANCED_FACE('',(#9491),#285,.T.);
#10226=ADVANCED_FACE('',(#9492),#286,.T.);
#10227=ADVANCED_FACE('',(#9493),#287,.T.);
#10228=ADVANCED_FACE('',(#9494),#288,.T.);
#10229=ADVANCED_FACE('',(#9495),#289,.T.);
#10230=ADVANCED_FACE('',(#9496),#290,.T.);
#10231=ADVANCED_FACE('',(#9497),#291,.T.);
#10232=ADVANCED_FACE('',(#9498),#292,.T.);
#10233=ADVANCED_FACE('',(#9499),#9803,.F.);
#10234=ADVANCED_FACE('',(#9500),#293,.F.);
#10235=ADVANCED_FACE('',(#9501),#294,.F.);
#10236=ADVANCED_FACE('',(#9502),#295,.F.);
#10237=ADVANCED_FACE('',(#9503),#296,.F.);
#10238=ADVANCED_FACE('',(#9504),#297,.F.);
#10239=ADVANCED_FACE('',(#9505),#298,.F.);
#10240=ADVANCED_FACE('',(#9506),#9804,.F.);
#10241=ADVANCED_FACE('',(#9507),#9805,.F.);
#10242=ADVANCED_FACE('',(#9508),#9806,.F.);
#10243=ADVANCED_FACE('',(#9509),#299,.F.);
#10244=ADVANCED_FACE('',(#9510),#300,.F.);
#10245=ADVANCED_FACE('',(#9511),#301,.F.);
#10246=ADVANCED_FACE('',(#9512),#302,.F.);
#10247=ADVANCED_FACE('',(#9513),#303,.F.);
#10248=ADVANCED_FACE('',(#9514),#304,.F.);
#10249=ADVANCED_FACE('',(#9515),#305,.F.);
#10250=ADVANCED_FACE('',(#9516),#306,.F.);
#10251=ADVANCED_FACE('',(#9517),#307,.F.);
#10252=ADVANCED_FACE('',(#9518),#308,.F.);
#10253=ADVANCED_FACE('',(#9519),#309,.F.);
#10254=ADVANCED_FACE('',(#9520),#310,.F.);
#10255=ADVANCED_FACE('',(#9521),#311,.F.);
#10256=ADVANCED_FACE('',(#9522),#312,.F.);
#10257=ADVANCED_FACE('',(#9523),#313,.F.);
#10258=ADVANCED_FACE('',(#9524),#9807,.F.);
#10259=ADVANCED_FACE('',(#9525),#9808,.F.);
#10260=ADVANCED_FACE('',(#9526),#9809,.F.);
#10261=ADVANCED_FACE('',(#9527),#314,.F.);
#10262=ADVANCED_FACE('',(#9528),#315,.F.);
#10263=ADVANCED_FACE('',(#9529),#316,.F.);
#10264=ADVANCED_FACE('',(#9530),#317,.F.);
#10265=ADVANCED_FACE('',(#9531),#318,.F.);
#10266=ADVANCED_FACE('',(#9532),#319,.F.);
#10267=ADVANCED_FACE('',(#9533),#320,.F.);
#10268=ADVANCED_FACE('',(#9534),#321,.F.);
#10269=ADVANCED_FACE('',(#9535),#322,.F.);
#10270=ADVANCED_FACE('',(#9536),#323,.F.);
#10271=ADVANCED_FACE('',(#9537),#324,.F.);
#10272=ADVANCED_FACE('',(#9538),#325,.F.);
#10273=ADVANCED_FACE('',(#9539),#326,.F.);
#10274=ADVANCED_FACE('',(#9540),#327,.F.);
#10275=ADVANCED_FACE('',(#9541),#328,.F.);
#10276=ADVANCED_FACE('',(#9542),#329,.F.);
#10277=ADVANCED_FACE('',(#9543),#330,.F.);
#10278=ADVANCED_FACE('',(#9544),#331,.F.);
#10279=ADVANCED_FACE('',(#9545),#332,.F.);
#10280=ADVANCED_FACE('',(#9546),#333,.F.);
#10281=ADVANCED_FACE('',(#9547),#334,.F.);
#10282=ADVANCED_FACE('',(#9548),#335,.T.);
#10283=ADVANCED_FACE('',(#9549),#9810,.F.);
#10284=ADVANCED_FACE('',(#9550),#9811,.F.);
#10285=ADVANCED_FACE('',(#9551),#9812,.F.);
#10286=ADVANCED_FACE('',(#9552),#9813,.F.);
#10287=ADVANCED_FACE('',(#9553),#9814,.F.);
#10288=ADVANCED_FACE('',(#9554),#336,.T.);
#10289=ADVANCED_FACE('',(#9555),#337,.T.);
#10290=ADVANCED_FACE('',(#9556),#338,.T.);
#10291=ADVANCED_FACE('',(#9557),#339,.T.);
#10292=ADVANCED_FACE('',(#9558),#340,.T.);
#10293=ADVANCED_FACE('',(#9559),#341,.T.);
#10294=ADVANCED_FACE('',(#9560),#342,.T.);
#10295=ADVANCED_FACE('',(#9561),#343,.T.);
#10296=ADVANCED_FACE('',(#9562),#344,.T.);
#10297=ADVANCED_FACE('',(#9563),#345,.T.);
#10298=ADVANCED_FACE('',(#9564),#346,.T.);
#10299=ADVANCED_FACE('',(#9565),#347,.T.);
#10300=ADVANCED_FACE('',(#9566),#348,.T.);
#10301=ADVANCED_FACE('',(#9567),#9815,.F.);
#10302=ADVANCED_FACE('',(#9568),#349,.F.);
#10303=ADVANCED_FACE('',(#9569),#350,.F.);
#10304=ADVANCED_FACE('',(#9570),#351,.F.);
#10305=ADVANCED_FACE('',(#9571),#352,.F.);
#10306=ADVANCED_FACE('',(#9572),#353,.F.);
#10307=ADVANCED_FACE('',(#9573),#354,.F.);
#10308=ADVANCED_FACE('',(#9574),#9816,.T.);
#10309=ADVANCED_FACE('',(#9575),#9817,.T.);
#10310=ADVANCED_FACE('',(#9576),#9818,.T.);
#10311=ADVANCED_FACE('',(#9577),#9819,.T.);
#10312=ADVANCED_FACE('',(#9578),#9820,.T.);
#10313=ADVANCED_FACE('',(#9579),#9821,.T.);
#10314=ADVANCED_FACE('',(#9580),#9822,.T.);
#10315=ADVANCED_FACE('',(#9581),#9823,.T.);
#10316=ADVANCED_FACE('',(#9582),#9824,.T.);
#10317=ADVANCED_FACE('',(#9583),#355,.F.);
#10318=ADVANCED_FACE('',(#9584),#62,.F.);
#10319=ADVANCED_FACE('',(#9585),#9825,.F.);
#10320=ADVANCED_FACE('',(#9586),#356,.F.);
#10321=ADVANCED_FACE('',(#9587),#357,.F.);
#10322=ADVANCED_FACE('',(#9588),#9826,.F.);
#10323=ADVANCED_FACE('',(#9589),#358,.F.);
#10324=ADVANCED_FACE('',(#9590),#63,.F.);
#10325=ADVANCED_FACE('',(#9591),#9827,.F.);
#10326=ADVANCED_FACE('',(#9592),#9828,.F.);
#10327=ADVANCED_FACE('',(#9593),#9829,.F.);
#10328=ADVANCED_FACE('',(#9594),#359,.F.);
#10329=ADVANCED_FACE('',(#9595),#9830,.F.);
#10330=ADVANCED_FACE('',(#9596),#360,.F.);
#10331=ADVANCED_FACE('',(#9597),#361,.F.);
#10332=ADVANCED_FACE('',(#9598),#362,.F.);
#10333=ADVANCED_FACE('',(#9599),#363,.F.);
#10334=ADVANCED_FACE('',(#9600),#9831,.F.);
#10335=ADVANCED_FACE('',(#9601),#364,.F.);
#10336=ADVANCED_FACE('',(#9602),#9832,.F.);
#10337=ADVANCED_FACE('',(#9603),#365,.F.);
#10338=ADVANCED_FACE('',(#9604),#366,.F.);
#10339=ADVANCED_FACE('',(#9605,#9606,#9607,#9608,#9609,#9610,#9611,#9612,
#9613,#9614,#9615,#9616,#9617,#9618,#9619,#9620,#9621,#9622,#9623,#9624,
#9625,#9626,#9627,#9628,#9629,#9630,#9631,#9632,#9633,#9634,#9635,#9636,
#9637,#9638,#9639,#9640),#9833,.T.);
#10340=ADVANCED_FACE('',(#9641),#9834,.T.);
#10341=ADVANCED_FACE('',(#9642),#9835,.F.);
#10342=ADVANCED_FACE('',(#9643),#9836,.F.);
#10343=ADVANCED_FACE('',(#9644,#9645),#367,.F.);
#10344=ADVANCED_FACE('',(#9646,#9647),#368,.F.);
#10345=ADVANCED_FACE('',(#9648,#9649),#369,.F.);
#10346=ADVANCED_FACE('',(#9650,#9651,#9652,#9653,#9654),#9837,.F.);
#10347=ADVANCED_FACE('',(#9655,#9656),#370,.F.);
#10348=ADVANCED_FACE('',(#9657),#371,.T.);
#10349=ADVANCED_FACE('',(#9658),#372,.T.);
#10350=ADVANCED_FACE('',(#9659),#373,.T.);
#10351=ADVANCED_FACE('',(#9660),#374,.T.);
#10352=ADVANCED_FACE('',(#9661),#9838,.T.);
#10353=ADVANCED_FACE('',(#9662),#9839,.F.);
#10354=ADVANCED_FACE('',(#9663),#9840,.F.);
#10355=ADVANCED_FACE('',(#9664),#9841,.T.);
#10356=ADVANCED_FACE('',(#9665),#12,.T.);
#10357=ADVANCED_FACE('',(#9666),#375,.T.);
#10358=ADVANCED_FACE('',(#9667),#13,.T.);
#10359=ADVANCED_FACE('',(#9668),#14,.T.);
#10360=ADVANCED_FACE('',(#9669),#15,.T.);
#10361=ADVANCED_FACE('',(#9670),#376,.T.);
#10362=ADVANCED_FACE('',(#9671),#377,.T.);
#10363=ADVANCED_FACE('',(#9672),#378,.T.);
#10364=ADVANCED_FACE('',(#9673),#379,.T.);
#10365=ADVANCED_FACE('',(#9674),#16,.T.);
#10366=ADVANCED_FACE('',(#9675),#17,.T.);
#10367=ADVANCED_FACE('',(#9676),#380,.T.);
#10368=ADVANCED_FACE('',(#9677),#381,.T.);
#10369=ADVANCED_FACE('',(#9678),#18,.T.);
#10370=ADVANCED_FACE('',(#9679),#382,.T.);
#10371=ADVANCED_FACE('',(#9680),#19,.T.);
#10372=ADVANCED_FACE('',(#9681),#383,.F.);
#10373=ADVANCED_FACE('',(#9682),#384,.F.);
#10374=CLOSED_SHELL('',(#9842,#9843,#9844,#9845,#9846,#9847,#9848,#9849,
#9850,#9851,#9852,#9853,#9854,#9855,#9856,#9857,#9858,#9859,#9860,#9861,
#9862,#9863,#9864,#9865,#9866,#9867,#9868,#9869,#9870,#9871,#9872,#9873,
#9874,#9875,#9876,#9877,#9878,#9879,#9880,#9881,#9882,#9883,#9884,#9885,
#9886,#9887,#9888,#9889,#9890,#9891,#9892,#9893,#9894,#9895,#9896,#9897,
#9898,#9899,#9900,#9901,#9902,#9903,#9904,#9905,#9906,#9907,#9908,#9909,
#9910,#9911,#9912,#9913,#9914,#9915,#9916,#9917,#9918,#9919,#9920,#9921,
#9922,#9923,#9924,#9925,#9926,#9927,#9928,#9929,#9930,#9931,#9932,#9933,
#9934,#9935,#9936,#9937,#9938,#9939,#9940,#9941,#9942,#9943,#9944,#9945,
#9946,#9947,#9948,#9949,#9950,#9951,#9952,#9953,#9954,#9955,#9956,#9957,
#9958,#9959,#9960,#9961,#9962,#9963,#9964,#9965,#9966,#9967,#9968,#9969,
#9970,#9971,#9972,#9973,#9974,#9975,#9976,#9977,#9978,#9979,#9980,#9981,
#9982,#9983,#9984,#9985,#9986,#9987,#9988,#9989,#9990,#9991,#9992,#9993,
#9994,#9995,#9996,#9997,#9998,#9999,#10000,#10001,#10002,#10003,#10004,
#10005,#10006,#10007,#10008,#10009,#10010,#10011,#10012,#10013,#10014,#10015,
#10016,#10017,#10018,#10019,#10020,#10021,#10022,#10023,#10024,#10025,#10026,
#10027,#10028,#10029,#10030,#10031,#10032,#10033,#10034,#10035,#10036,#10037,
#10038,#10039,#10040,#10041,#10042,#10043,#10044,#10045,#10046,#10047,#10048,
#10049,#10050,#10051,#10052,#10053,#10054,#10055,#10056,#10057,#10058,#10059,
#10060,#10061,#10062,#10063,#10064,#10065,#10066,#10067,#10068,#10069,#10070,
#10071,#10072,#10073,#10074,#10075,#10076,#10077,#10078,#10079,#10080,#10081,
#10082,#10083,#10084,#10085,#10086,#10087,#10088,#10089,#10090,#10091,#10092,
#10093,#10094,#10095,#10096,#10097,#10098,#10099,#10100,#10101,#10102,#10103,
#10104,#10105,#10106,#10107,#10108,#10109,#10110,#10111,#10112,#10113,#10114,
#10115,#10116,#10117,#10118,#10119,#10120,#10121,#10122,#10123,#10124,#10125,
#10126,#10127,#10128,#10129,#10130,#10131,#10132,#10133,#10134,#10135,#10136,
#10137,#10138,#10139,#10140,#10141,#10142,#10143,#10144,#10145,#10146,#10147,
#10148,#10149,#10150,#10151,#10152,#10153,#10154,#10155,#10156,#10157,#10158,
#10159,#10160,#10161,#10162,#10163,#10164,#10165,#10166,#10167,#10168,#10169,
#10170,#10171,#10172,#10173,#10174,#10175,#10176,#10177,#10178,#10179,#10180,
#10181,#10182,#10183,#10184,#10185,#10186,#10187,#10188,#10189,#10190,#10191,
#10192,#10193,#10194,#10195,#10196,#10197,#10198,#10199,#10200,#10201,#10202,
#10203,#10204,#10205,#10206,#10207,#10208,#10209,#10210,#10211,#10212,#10213,
#10214,#10215,#10216,#10217,#10218,#10219,#10220,#10221,#10222,#10223,#10224,
#10225,#10226,#10227,#10228,#10229,#10230,#10231,#10232,#10233,#10234,#10235,
#10236,#10237,#10238,#10239,#10240,#10241,#10242,#10243,#10244,#10245,#10246,
#10247,#10248,#10249,#10250,#10251,#10252,#10253,#10254,#10255,#10256,#10257,
#10258,#10259,#10260,#10261,#10262,#10263,#10264,#10265,#10266,#10267,#10268,
#10269,#10270,#10271,#10272,#10273,#10274,#10275,#10276,#10277,#10278,#10279,
#10280,#10281,#10282,#10283,#10284,#10285,#10286,#10287,#10288,#10289,#10290,
#10291,#10292,#10293,#10294,#10295,#10296,#10297,#10298,#10299,#10300,#10301,
#10302,#10303,#10304,#10305,#10306,#10307,#10308,#10309,#10310,#10311,#10312,
#10313,#10314,#10315,#10316,#10317,#10318,#10319,#10320,#10321,#10322,#10323,
#10324,#10325,#10326,#10327,#10328,#10329,#10330,#10331,#10332,#10333,#10334,
#10335,#10336,#10337,#10338,#10339,#10340,#10341,#10342,#10343,#10344,#10345,
#10346,#10347,#10348,#10349,#10350,#10351,#10352,#10353,#10354,#10355,#10356,
#10357,#10358,#10359,#10360,#10361,#10362,#10363,#10364,#10365,#10366,#10367,
#10368,#10369,#10370,#10371,#10372,#10373));
#10375=STYLED_ITEM('',(#10376),#10383);
#10376=PRESENTATION_STYLE_ASSIGNMENT((#10377));
#10377=SURFACE_STYLE_USAGE(.BOTH.,#10378);
#10378=SURFACE_SIDE_STYLE('',(#10379));
#10379=SURFACE_STYLE_FILL_AREA(#10380);
#10380=FILL_AREA_STYLE('',(#10381));
#10381=FILL_AREA_STYLE_COLOUR('',#10382);
#10382=COLOUR_RGB('',0.615686274509804,0.811764705882353,0.929411764705882);
#10383=MANIFOLD_SOLID_BREP('Part 1',#10374);
#10384=SHAPE_DEFINITION_REPRESENTATION(#18216,#10385);
#10385=SHAPE_REPRESENTATION('Part 1',(#10386),#18211);
#10386=AXIS2_PLACEMENT_3D('',#14605,#11517,#11518);
#10387=AXIS2_PLACEMENT_3D('',#14606,#11519,#11520);
#10388=AXIS2_PLACEMENT_3D('',#14623,#11529,#11530);
#10389=AXIS2_PLACEMENT_3D('',#14640,#11539,#11540);
#10390=AXIS2_PLACEMENT_3D('',#14646,#11544,#11545);
#10391=AXIS2_PLACEMENT_3D('',#14652,#11549,#11550);
#10392=AXIS2_PLACEMENT_3D('',#14655,#11553,#11554);
#10393=AXIS2_PLACEMENT_3D('',#14656,#11555,#11556);
#10394=AXIS2_PLACEMENT_3D('',#14684,#11570,#11571);
#10395=AXIS2_PLACEMENT_3D('',#14710,#11584,#11585);
#10396=AXIS2_PLACEMENT_3D('',#14733,#11597,#11598);
#10397=AXIS2_PLACEMENT_3D('',#14736,#11599,#11600);
#10398=AXIS2_PLACEMENT_3D('',#14738,#11601,#11602);
#10399=AXIS2_PLACEMENT_3D('',#14740,#11603,#11604);
#10400=AXIS2_PLACEMENT_3D('',#14742,#11605,#11606);
#10401=AXIS2_PLACEMENT_3D('',#14744,#11607,#11608);
#10402=AXIS2_PLACEMENT_3D('',#14746,#11609,#11610);
#10403=AXIS2_PLACEMENT_3D('',#14748,#11611,#11612);
#10404=AXIS2_PLACEMENT_3D('',#14752,#11614,#11615);
#10405=AXIS2_PLACEMENT_3D('',#14754,#11616,#11617);
#10406=AXIS2_PLACEMENT_3D('',#14756,#11618,#11619);
#10407=AXIS2_PLACEMENT_3D('',#14758,#11620,#11621);
#10408=AXIS2_PLACEMENT_3D('',#14760,#11622,#11623);
#10409=AXIS2_PLACEMENT_3D('',#14762,#11624,#11625);
#10410=AXIS2_PLACEMENT_3D('',#14764,#11626,#11627);
#10411=AXIS2_PLACEMENT_3D('',#14766,#11628,#11629);
#10412=AXIS2_PLACEMENT_3D('',#14768,#11630,#11631);
#10413=AXIS2_PLACEMENT_3D('',#14770,#11632,#11633);
#10414=AXIS2_PLACEMENT_3D('',#14772,#11634,#11635);
#10415=AXIS2_PLACEMENT_3D('',#14774,#11636,#11637);
#10416=AXIS2_PLACEMENT_3D('',#14776,#11638,#11639);
#10417=AXIS2_PLACEMENT_3D('',#14788,#11645,#11646);
#10418=AXIS2_PLACEMENT_3D('',#14790,#11647,#11648);
#10419=AXIS2_PLACEMENT_3D('',#14792,#11649,#11650);
#10420=AXIS2_PLACEMENT_3D('',#14794,#11651,#11652);
#10421=AXIS2_PLACEMENT_3D('',#14796,#11653,#11654);
#10422=AXIS2_PLACEMENT_3D('',#14798,#11655,#11656);
#10423=AXIS2_PLACEMENT_3D('',#14799,#11657,#11658);
#10424=AXIS2_PLACEMENT_3D('',#14806,#11659,#11660);
#10425=AXIS2_PLACEMENT_3D('',#14808,#11661,#11662);
#10426=AXIS2_PLACEMENT_3D('',#14810,#11663,#11664);
#10427=AXIS2_PLACEMENT_3D('',#14812,#11665,#11666);
#10428=AXIS2_PLACEMENT_3D('',#14814,#11667,#11668);
#10429=AXIS2_PLACEMENT_3D('',#14816,#11669,#11670);
#10430=AXIS2_PLACEMENT_3D('',#14818,#11671,#11672);
#10431=AXIS2_PLACEMENT_3D('',#14820,#11673,#11674);
#10432=AXIS2_PLACEMENT_3D('',#14824,#11676,#11677);
#10433=AXIS2_PLACEMENT_3D('',#14826,#11678,#11679);
#10434=AXIS2_PLACEMENT_3D('',#14828,#11680,#11681);
#10435=AXIS2_PLACEMENT_3D('',#14830,#11682,#11683);
#10436=AXIS2_PLACEMENT_3D('',#14840,#11684,#11685);
#10437=AXIS2_PLACEMENT_3D('',#14842,#11686,#11687);
#10438=AXIS2_PLACEMENT_3D('',#14844,#11688,#11689);
#10439=AXIS2_PLACEMENT_3D('',#14846,#11690,#11691);
#10440=AXIS2_PLACEMENT_3D('',#14848,#11692,#11693);
#10441=AXIS2_PLACEMENT_3D('',#14850,#11694,#11695);
#10442=AXIS2_PLACEMENT_3D('',#14852,#11696,#11697);
#10443=AXIS2_PLACEMENT_3D('',#14858,#11698,#11699);
#10444=AXIS2_PLACEMENT_3D('',#14860,#11700,#11701);
#10445=AXIS2_PLACEMENT_3D('',#14862,#11702,#11703);
#10446=AXIS2_PLACEMENT_3D('',#14864,#11704,#11705);
#10447=AXIS2_PLACEMENT_3D('',#14887,#11717,#11718);
#10448=AXIS2_PLACEMENT_3D('',#14890,#11719,#11720);
#10449=AXIS2_PLACEMENT_3D('',#14892,#11721,#11722);
#10450=AXIS2_PLACEMENT_3D('',#14894,#11723,#11724);
#10451=AXIS2_PLACEMENT_3D('',#14896,#11725,#11726);
#10452=AXIS2_PLACEMENT_3D('',#14898,#11727,#11728);
#10453=AXIS2_PLACEMENT_3D('',#14900,#11729,#11730);
#10454=AXIS2_PLACEMENT_3D('',#14902,#11731,#11732);
#10455=AXIS2_PLACEMENT_3D('',#14908,#11733,#11734);
#10456=AXIS2_PLACEMENT_3D('',#14912,#11736,#11737);
#10457=AXIS2_PLACEMENT_3D('',#14914,#11738,#11739);
#10458=AXIS2_PLACEMENT_3D('',#14916,#11740,#11741);
#10459=AXIS2_PLACEMENT_3D('',#14918,#11742,#11743);
#10460=AXIS2_PLACEMENT_3D('',#14920,#11744,#11745);
#10461=AXIS2_PLACEMENT_3D('',#14922,#11746,#11747);
#10462=AXIS2_PLACEMENT_3D('',#14924,#11748,#11749);
#10463=AXIS2_PLACEMENT_3D('',#14926,#11750,#11751);
#10464=AXIS2_PLACEMENT_3D('',#14930,#11753,#11754);
#10465=AXIS2_PLACEMENT_3D('',#14932,#11755,#11756);
#10466=AXIS2_PLACEMENT_3D('',#14934,#11757,#11758);
#10467=AXIS2_PLACEMENT_3D('',#14939,#11759,#11760);
#10468=AXIS2_PLACEMENT_3D('',#14942,#11761,#11762);
#10469=AXIS2_PLACEMENT_3D('',#14944,#11763,#11764);
#10470=AXIS2_PLACEMENT_3D('',#14946,#11765,#11766);
#10471=AXIS2_PLACEMENT_3D('',#14952,#11767,#11768);
#10472=AXIS2_PLACEMENT_3D('',#14954,#11769,#11770);
#10473=AXIS2_PLACEMENT_3D('',#14956,#11771,#11772);
#10474=AXIS2_PLACEMENT_3D('',#14964,#11776,#11777);
#10475=AXIS2_PLACEMENT_3D('',#14966,#11778,#11779);
#10476=AXIS2_PLACEMENT_3D('',#14968,#11780,#11781);
#10477=AXIS2_PLACEMENT_3D('',#14970,#11782,#11783);
#10478=AXIS2_PLACEMENT_3D('',#14972,#11784,#11785);
#10479=AXIS2_PLACEMENT_3D('',#14982,#11786,#11787);
#10480=AXIS2_PLACEMENT_3D('',#14984,#11788,#11789);
#10481=AXIS2_PLACEMENT_3D('',#14986,#11790,#11791);
#10482=AXIS2_PLACEMENT_3D('',#15012,#11802,#11803);
#10483=AXIS2_PLACEMENT_3D('',#15014,#11804,#11805);
#10484=AXIS2_PLACEMENT_3D('',#15016,#11806,#11807);
#10485=AXIS2_PLACEMENT_3D('',#15018,#11808,#11809);
#10486=AXIS2_PLACEMENT_3D('',#15024,#11810,#11811);
#10487=AXIS2_PLACEMENT_3D('',#15026,#11812,#11813);
#10488=AXIS2_PLACEMENT_3D('',#15028,#11814,#11815);
#10489=AXIS2_PLACEMENT_3D('',#15030,#11816,#11817);
#10490=AXIS2_PLACEMENT_3D('',#15032,#11818,#11819);
#10491=AXIS2_PLACEMENT_3D('',#15034,#11820,#11821);
#10492=AXIS2_PLACEMENT_3D('',#15036,#11822,#11823);
#10493=AXIS2_PLACEMENT_3D('',#15038,#11824,#11825);
#10494=AXIS2_PLACEMENT_3D('',#15040,#11826,#11827);
#10495=AXIS2_PLACEMENT_3D('',#15042,#11828,#11829);
#10496=AXIS2_PLACEMENT_3D('',#15046,#11831,#11832);
#10497=AXIS2_PLACEMENT_3D('',#15052,#11833,#11834);
#10498=AXIS2_PLACEMENT_3D('',#15054,#11835,#11836);
#10499=AXIS2_PLACEMENT_3D('',#15056,#11837,#11838);
#10500=AXIS2_PLACEMENT_3D('',#15058,#11839,#11840);
#10501=AXIS2_PLACEMENT_3D('',#15068,#11841,#11842);
#10502=AXIS2_PLACEMENT_3D('',#15070,#11843,#11844);
#10503=AXIS2_PLACEMENT_3D('',#15072,#11845,#11846);
#10504=AXIS2_PLACEMENT_3D('',#15074,#11847,#11848);
#10505=AXIS2_PLACEMENT_3D('',#15076,#11849,#11850);
#10506=AXIS2_PLACEMENT_3D('',#15086,#11851,#11852);
#10507=AXIS2_PLACEMENT_3D('',#15088,#11853,#11854);
#10508=AXIS2_PLACEMENT_3D('',#15090,#11855,#11856);
#10509=AXIS2_PLACEMENT_3D('',#15092,#11857,#11858);
#10510=AXIS2_PLACEMENT_3D('',#15096,#11860,#11861);
#10511=AXIS2_PLACEMENT_3D('',#15098,#11862,#11863);
#10512=AXIS2_PLACEMENT_3D('',#15100,#11864,#11865);
#10513=AXIS2_PLACEMENT_3D('',#15102,#11866,#11867);
#10514=AXIS2_PLACEMENT_3D('',#15108,#11868,#11869);
#10515=AXIS2_PLACEMENT_3D('',#15110,#11870,#11871);
#10516=AXIS2_PLACEMENT_3D('',#15112,#11872,#11873);
#10517=AXIS2_PLACEMENT_3D('',#15122,#11874,#11875);
#10518=AXIS2_PLACEMENT_3D('',#15124,#11876,#11877);
#10519=AXIS2_PLACEMENT_3D('',#15126,#11878,#11879);
#10520=AXIS2_PLACEMENT_3D('',#15128,#11880,#11881);
#10521=AXIS2_PLACEMENT_3D('',#15146,#11882,#11883);
#10522=AXIS2_PLACEMENT_3D('',#15148,#11884,#11885);
#10523=AXIS2_PLACEMENT_3D('',#15150,#11886,#11887);
#10524=AXIS2_PLACEMENT_3D('',#15152,#11888,#11889);
#10525=AXIS2_PLACEMENT_3D('',#15210,#11908,#11909);
#10526=AXIS2_PLACEMENT_3D('',#15212,#11910,#11911);
#10527=AXIS2_PLACEMENT_3D('',#15240,#11915,#11916);
#10528=AXIS2_PLACEMENT_3D('',#15250,#11917,#11918);
#10529=AXIS2_PLACEMENT_3D('',#15261,#11920,#11921);
#10530=AXIS2_PLACEMENT_3D('',#15264,#11922,#11923);
#10531=AXIS2_PLACEMENT_3D('',#15266,#11924,#11925);
#10532=AXIS2_PLACEMENT_3D('',#15268,#11926,#11927);
#10533=AXIS2_PLACEMENT_3D('',#15270,#11928,#11929);
#10534=AXIS2_PLACEMENT_3D('',#15272,#11930,#11931);
#10535=AXIS2_PLACEMENT_3D('',#15274,#11932,#11933);
#10536=AXIS2_PLACEMENT_3D('',#15276,#11934,#11935);
#10537=AXIS2_PLACEMENT_3D('',#15278,#11936,#11937);
#10538=AXIS2_PLACEMENT_3D('',#15280,#11938,#11939);
#10539=AXIS2_PLACEMENT_3D('',#15282,#11940,#11941);
#10540=AXIS2_PLACEMENT_3D('',#15284,#11942,#11943);
#10541=AXIS2_PLACEMENT_3D('',#15286,#11944,#11945);
#10542=AXIS2_PLACEMENT_3D('',#15288,#11946,#11947);
#10543=AXIS2_PLACEMENT_3D('',#15290,#11948,#11949);
#10544=AXIS2_PLACEMENT_3D('',#15292,#11950,#11951);
#10545=AXIS2_PLACEMENT_3D('',#15316,#11963,#11964);
#10546=AXIS2_PLACEMENT_3D('',#15318,#11965,#11966);
#10547=AXIS2_PLACEMENT_3D('',#15320,#11967,#11968);
#10548=AXIS2_PLACEMENT_3D('',#15326,#11969,#11970);
#10549=AXIS2_PLACEMENT_3D('',#15328,#11971,#11972);
#10550=AXIS2_PLACEMENT_3D('',#15330,#11973,#11974);
#10551=AXIS2_PLACEMENT_3D('',#15332,#11975,#11976);
#10552=AXIS2_PLACEMENT_3D('',#15334,#11977,#11978);
#10553=AXIS2_PLACEMENT_3D('',#15338,#11980,#11981);
#10554=AXIS2_PLACEMENT_3D('',#15340,#11982,#11983);
#10555=AXIS2_PLACEMENT_3D('',#15342,#11984,#11985);
#10556=AXIS2_PLACEMENT_3D('',#15350,#11987,#11988);
#10557=AXIS2_PLACEMENT_3D('',#15352,#11989,#11990);
#10558=AXIS2_PLACEMENT_3D('',#15354,#11991,#11992);
#10559=AXIS2_PLACEMENT_3D('',#15356,#11993,#11994);
#10560=AXIS2_PLACEMENT_3D('',#15358,#11995,#11996);
#10561=AXIS2_PLACEMENT_3D('',#15364,#11997,#11998);
#10562=AXIS2_PLACEMENT_3D('',#15366,#11999,#12000);
#10563=AXIS2_PLACEMENT_3D('',#15368,#12001,#12002);
#10564=AXIS2_PLACEMENT_3D('',#15370,#12003,#12004);
#10565=AXIS2_PLACEMENT_3D('',#15382,#12010,#12011);
#10566=AXIS2_PLACEMENT_3D('',#15384,#12012,#12013);
#10567=AXIS2_PLACEMENT_3D('',#15386,#12014,#12015);
#10568=AXIS2_PLACEMENT_3D('',#15388,#12016,#12017);
#10569=AXIS2_PLACEMENT_3D('',#15394,#12018,#12019);
#10570=AXIS2_PLACEMENT_3D('',#15396,#12020,#12021);
#10571=AXIS2_PLACEMENT_3D('',#15398,#12022,#12023);
#10572=AXIS2_PLACEMENT_3D('',#15403,#12026,#12027);
#10573=AXIS2_PLACEMENT_3D('',#15406,#12028,#12029);
#10574=AXIS2_PLACEMENT_3D('',#15408,#12030,#12031);
#10575=AXIS2_PLACEMENT_3D('',#15410,#12032,#12033);
#10576=AXIS2_PLACEMENT_3D('',#15412,#12034,#12035);
#10577=AXIS2_PLACEMENT_3D('',#15426,#12040,#12041);
#10578=AXIS2_PLACEMENT_3D('',#15428,#12042,#12043);
#10579=AXIS2_PLACEMENT_3D('',#15434,#12044,#12045);
#10580=AXIS2_PLACEMENT_3D('',#15436,#12046,#12047);
#10581=AXIS2_PLACEMENT_3D('',#15438,#12048,#12049);
#10582=AXIS2_PLACEMENT_3D('',#15444,#12050,#12051);
#10583=AXIS2_PLACEMENT_3D('',#15446,#12052,#12053);
#10584=AXIS2_PLACEMENT_3D('',#15448,#12054,#12055);
#10585=AXIS2_PLACEMENT_3D('',#15450,#12056,#12057);
#10586=AXIS2_PLACEMENT_3D('',#15451,#12058,#12059);
#10587=AXIS2_PLACEMENT_3D('',#15454,#12060,#12061);
#10588=AXIS2_PLACEMENT_3D('',#15456,#12062,#12063);
#10589=AXIS2_PLACEMENT_3D('',#15458,#12064,#12065);
#10590=AXIS2_PLACEMENT_3D('',#15460,#12066,#12067);
#10591=AXIS2_PLACEMENT_3D('',#15462,#12068,#12069);
#10592=AXIS2_PLACEMENT_3D('',#15464,#12070,#12071);
#10593=AXIS2_PLACEMENT_3D('',#15466,#12072,#12073);
#10594=AXIS2_PLACEMENT_3D('',#15470,#12075,#12076);
#10595=AXIS2_PLACEMENT_3D('',#15472,#12077,#12078);
#10596=AXIS2_PLACEMENT_3D('',#15474,#12079,#12080);
#10597=AXIS2_PLACEMENT_3D('',#15476,#12081,#12082);
#10598=AXIS2_PLACEMENT_3D('',#15478,#12083,#12084);
#10599=AXIS2_PLACEMENT_3D('',#15480,#12085,#12086);
#10600=AXIS2_PLACEMENT_3D('',#15482,#12087,#12088);
#10601=AXIS2_PLACEMENT_3D('',#15484,#12089,#12090);
#10602=AXIS2_PLACEMENT_3D('',#15486,#12091,#12092);
#10603=AXIS2_PLACEMENT_3D('',#15488,#12093,#12094);
#10604=AXIS2_PLACEMENT_3D('',#15490,#12095,#12096);
#10605=AXIS2_PLACEMENT_3D('',#15492,#12097,#12098);
#10606=AXIS2_PLACEMENT_3D('',#15494,#12099,#12100);
#10607=AXIS2_PLACEMENT_3D('',#15506,#12106,#12107);
#10608=AXIS2_PLACEMENT_3D('',#15508,#12108,#12109);
#10609=AXIS2_PLACEMENT_3D('',#15510,#12110,#12111);
#10610=AXIS2_PLACEMENT_3D('',#15512,#12112,#12113);
#10611=AXIS2_PLACEMENT_3D('',#15514,#12114,#12115);
#10612=AXIS2_PLACEMENT_3D('',#15516,#12116,#12117);
#10613=AXIS2_PLACEMENT_3D('',#15517,#12118,#12119);
#10614=AXIS2_PLACEMENT_3D('',#15520,#12120,#12121);
#10615=AXIS2_PLACEMENT_3D('',#15522,#12122,#12123);
#10616=AXIS2_PLACEMENT_3D('',#15524,#12124,#12125);
#10617=AXIS2_PLACEMENT_3D('',#15526,#12126,#12127);
#10618=AXIS2_PLACEMENT_3D('',#15528,#12128,#12129);
#10619=AXIS2_PLACEMENT_3D('',#15530,#12130,#12131);
#10620=AXIS2_PLACEMENT_3D('',#15532,#12132,#12133);
#10621=AXIS2_PLACEMENT_3D('',#15536,#12135,#12136);
#10622=AXIS2_PLACEMENT_3D('',#15538,#12137,#12138);
#10623=AXIS2_PLACEMENT_3D('',#15540,#12139,#12140);
#10624=AXIS2_PLACEMENT_3D('',#15542,#12141,#12142);
#10625=AXIS2_PLACEMENT_3D('',#15544,#12143,#12144);
#10626=AXIS2_PLACEMENT_3D('',#15546,#12145,#12146);
#10627=AXIS2_PLACEMENT_3D('',#15548,#12147,#12148);
#10628=AXIS2_PLACEMENT_3D('',#15550,#12149,#12150);
#10629=AXIS2_PLACEMENT_3D('',#15552,#12151,#12152);
#10630=AXIS2_PLACEMENT_3D('',#15554,#12153,#12154);
#10631=AXIS2_PLACEMENT_3D('',#15556,#12155,#12156);
#10632=AXIS2_PLACEMENT_3D('',#15558,#12157,#12158);
#10633=AXIS2_PLACEMENT_3D('',#15560,#12159,#12160);
#10634=AXIS2_PLACEMENT_3D('',#15572,#12166,#12167);
#10635=AXIS2_PLACEMENT_3D('',#15574,#12168,#12169);
#10636=AXIS2_PLACEMENT_3D('',#15576,#12170,#12171);
#10637=AXIS2_PLACEMENT_3D('',#15578,#12172,#12173);
#10638=AXIS2_PLACEMENT_3D('',#15580,#12174,#12175);
#10639=AXIS2_PLACEMENT_3D('',#15582,#12176,#12177);
#10640=AXIS2_PLACEMENT_3D('',#15591,#12182,#12183);
#10641=AXIS2_PLACEMENT_3D('',#15594,#12184,#12185);
#10642=AXIS2_PLACEMENT_3D('',#15596,#12186,#12187);
#10643=AXIS2_PLACEMENT_3D('',#15598,#12188,#12189);
#10644=AXIS2_PLACEMENT_3D('',#15600,#12190,#12191);
#10645=AXIS2_PLACEMENT_3D('',#15602,#12192,#12193);
#10646=AXIS2_PLACEMENT_3D('',#15604,#12194,#12195);
#10647=AXIS2_PLACEMENT_3D('',#15606,#12196,#12197);
#10648=AXIS2_PLACEMENT_3D('',#15608,#12198,#12199);
#10649=AXIS2_PLACEMENT_3D('',#15610,#12200,#12201);
#10650=AXIS2_PLACEMENT_3D('',#15612,#12202,#12203);
#10651=AXIS2_PLACEMENT_3D('',#15614,#12204,#12205);
#10652=AXIS2_PLACEMENT_3D('',#15616,#12206,#12207);
#10653=AXIS2_PLACEMENT_3D('',#15618,#12208,#12209);
#10654=AXIS2_PLACEMENT_3D('',#15620,#12210,#12211);
#10655=AXIS2_PLACEMENT_3D('',#15622,#12212,#12213);
#10656=AXIS2_PLACEMENT_3D('',#15631,#12218,#12219);
#10657=AXIS2_PLACEMENT_3D('',#15634,#12220,#12221);
#10658=AXIS2_PLACEMENT_3D('',#15636,#12222,#12223);
#10659=AXIS2_PLACEMENT_3D('',#15638,#12224,#12225);
#10660=AXIS2_PLACEMENT_3D('',#15640,#12226,#12227);
#10661=AXIS2_PLACEMENT_3D('',#15642,#12228,#12229);
#10662=AXIS2_PLACEMENT_3D('',#15644,#12230,#12231);
#10663=AXIS2_PLACEMENT_3D('',#15646,#12232,#12233);
#10664=AXIS2_PLACEMENT_3D('',#15648,#12234,#12235);
#10665=AXIS2_PLACEMENT_3D('',#15650,#12236,#12237);
#10666=AXIS2_PLACEMENT_3D('',#15652,#12238,#12239);
#10667=AXIS2_PLACEMENT_3D('',#15654,#12240,#12241);
#10668=AXIS2_PLACEMENT_3D('',#15656,#12242,#12243);
#10669=AXIS2_PLACEMENT_3D('',#15658,#12244,#12245);
#10670=AXIS2_PLACEMENT_3D('',#15660,#12246,#12247);
#10671=AXIS2_PLACEMENT_3D('',#15662,#12248,#12249);
#10672=AXIS2_PLACEMENT_3D('',#15663,#12250,#12251);
#10673=AXIS2_PLACEMENT_3D('',#15666,#12252,#12253);
#10674=AXIS2_PLACEMENT_3D('',#15668,#12254,#12255);
#10675=AXIS2_PLACEMENT_3D('',#15670,#12256,#12257);
#10676=AXIS2_PLACEMENT_3D('',#15672,#12258,#12259);
#10677=AXIS2_PLACEMENT_3D('',#15674,#12260,#12261);
#10678=AXIS2_PLACEMENT_3D('',#15676,#12262,#12263);
#10679=AXIS2_PLACEMENT_3D('',#15678,#12264,#12265);
#10680=AXIS2_PLACEMENT_3D('',#15682,#12267,#12268);
#10681=AXIS2_PLACEMENT_3D('',#15684,#12269,#12270);
#10682=AXIS2_PLACEMENT_3D('',#15686,#12271,#12272);
#10683=AXIS2_PLACEMENT_3D('',#15688,#12273,#12274);
#10684=AXIS2_PLACEMENT_3D('',#15690,#12275,#12276);
#10685=AXIS2_PLACEMENT_3D('',#15692,#12277,#12278);
#10686=AXIS2_PLACEMENT_3D('',#15694,#12279,#12280);
#10687=AXIS2_PLACEMENT_3D('',#15696,#12281,#12282);
#10688=AXIS2_PLACEMENT_3D('',#15698,#12283,#12284);
#10689=AXIS2_PLACEMENT_3D('',#15700,#12285,#12286);
#10690=AXIS2_PLACEMENT_3D('',#15702,#12287,#12288);
#10691=AXIS2_PLACEMENT_3D('',#15704,#12289,#12290);
#10692=AXIS2_PLACEMENT_3D('',#15706,#12291,#12292);
#10693=AXIS2_PLACEMENT_3D('',#15718,#12298,#12299);
#10694=AXIS2_PLACEMENT_3D('',#15720,#12300,#12301);
#10695=AXIS2_PLACEMENT_3D('',#15722,#12302,#12303);
#10696=AXIS2_PLACEMENT_3D('',#15724,#12304,#12305);
#10697=AXIS2_PLACEMENT_3D('',#15726,#12306,#12307);
#10698=AXIS2_PLACEMENT_3D('',#15728,#12308,#12309);
#10699=AXIS2_PLACEMENT_3D('',#15729,#12310,#12311);
#10700=AXIS2_PLACEMENT_3D('',#15735,#12315,#12316);
#10701=AXIS2_PLACEMENT_3D('',#15739,#12319,#12320);
#10702=AXIS2_PLACEMENT_3D('',#15743,#12323,#12324);
#10703=AXIS2_PLACEMENT_3D('',#15749,#12328,#12329);
#10704=AXIS2_PLACEMENT_3D('',#15753,#12332,#12333);
#10705=AXIS2_PLACEMENT_3D('',#15757,#12336,#12337);
#10706=AXIS2_PLACEMENT_3D('',#15763,#12341,#12342);
#10707=AXIS2_PLACEMENT_3D('',#15767,#12345,#12346);
#10708=AXIS2_PLACEMENT_3D('',#15771,#12349,#12350);
#10709=AXIS2_PLACEMENT_3D('',#15777,#12354,#12355);
#10710=AXIS2_PLACEMENT_3D('',#15781,#12358,#12359);
#10711=AXIS2_PLACEMENT_3D('',#15785,#12362,#12363);
#10712=AXIS2_PLACEMENT_3D('',#15791,#12367,#12368);
#10713=AXIS2_PLACEMENT_3D('',#15795,#12371,#12372);
#10714=AXIS2_PLACEMENT_3D('',#15799,#12375,#12376);
#10715=AXIS2_PLACEMENT_3D('',#15805,#12380,#12381);
#10716=AXIS2_PLACEMENT_3D('',#15809,#12384,#12385);
#10717=AXIS2_PLACEMENT_3D('',#15813,#12388,#12389);
#10718=AXIS2_PLACEMENT_3D('',#15819,#12393,#12394);
#10719=AXIS2_PLACEMENT_3D('',#15825,#12398,#12399);
#10720=AXIS2_PLACEMENT_3D('',#15829,#12402,#12403);
#10721=AXIS2_PLACEMENT_3D('',#15835,#12407,#12408);
#10722=AXIS2_PLACEMENT_3D('',#15839,#12411,#12412);
#10723=AXIS2_PLACEMENT_3D('',#15843,#12415,#12416);
#10724=AXIS2_PLACEMENT_3D('',#15849,#12420,#12421);
#10725=AXIS2_PLACEMENT_3D('',#15853,#12424,#12425);
#10726=AXIS2_PLACEMENT_3D('',#15857,#12428,#12429);
#10727=AXIS2_PLACEMENT_3D('',#15860,#12431,#12432);
#10728=AXIS2_PLACEMENT_3D('',#15863,#12434,#12435);
#10729=AXIS2_PLACEMENT_3D('',#15866,#12437,#12438);
#10730=AXIS2_PLACEMENT_3D('',#15867,#12439,#12440);
#10731=AXIS2_PLACEMENT_3D('',#15870,#12442,#12443);
#10732=AXIS2_PLACEMENT_3D('',#15871,#12444,#12445);
#10733=AXIS2_PLACEMENT_3D('',#15874,#12447,#12448);
#10734=AXIS2_PLACEMENT_3D('',#15875,#12449,#12450);
#10735=AXIS2_PLACEMENT_3D('',#15878,#12452,#12453);
#10736=AXIS2_PLACEMENT_3D('',#15879,#12454,#12455);
#10737=AXIS2_PLACEMENT_3D('',#15882,#12457,#12458);
#10738=AXIS2_PLACEMENT_3D('',#15883,#12459,#12460);
#10739=AXIS2_PLACEMENT_3D('',#15886,#12462,#12463);
#10740=AXIS2_PLACEMENT_3D('',#15887,#12464,#12465);
#10741=AXIS2_PLACEMENT_3D('',#15891,#12468,#12469);
#10742=AXIS2_PLACEMENT_3D('',#15895,#12472,#12473);
#10743=AXIS2_PLACEMENT_3D('',#15899,#12476,#12477);
#10744=AXIS2_PLACEMENT_3D('',#15903,#12480,#12481);
#10745=AXIS2_PLACEMENT_3D('',#15907,#12484,#12485);
#10746=AXIS2_PLACEMENT_3D('',#15910,#12487,#12488);
#10747=AXIS2_PLACEMENT_3D('',#15911,#12489,#12490);
#10748=AXIS2_PLACEMENT_3D('',#15914,#12492,#12493);
#10749=AXIS2_PLACEMENT_3D('',#15915,#12494,#12495);
#10750=AXIS2_PLACEMENT_3D('',#15918,#12497,#12498);
#10751=AXIS2_PLACEMENT_3D('',#15919,#12499,#12500);
#10752=AXIS2_PLACEMENT_3D('',#15922,#12502,#12503);
#10753=AXIS2_PLACEMENT_3D('',#15923,#12504,#12505);
#10754=AXIS2_PLACEMENT_3D('',#15926,#12507,#12508);
#10755=AXIS2_PLACEMENT_3D('',#15927,#12509,#12510);
#10756=AXIS2_PLACEMENT_3D('',#15930,#12512,#12513);
#10757=AXIS2_PLACEMENT_3D('',#15931,#12514,#12515);
#10758=AXIS2_PLACEMENT_3D('',#15934,#12517,#12518);
#10759=AXIS2_PLACEMENT_3D('',#15935,#12519,#12520);
#10760=AXIS2_PLACEMENT_3D('',#15938,#12522,#12523);
#10761=AXIS2_PLACEMENT_3D('',#15939,#12524,#12525);
#10762=AXIS2_PLACEMENT_3D('',#15942,#12527,#12528);
#10763=AXIS2_PLACEMENT_3D('',#15943,#12529,#12530);
#10764=AXIS2_PLACEMENT_3D('',#15946,#12532,#12533);
#10765=AXIS2_PLACEMENT_3D('',#15947,#12534,#12535);
#10766=AXIS2_PLACEMENT_3D('',#15950,#12537,#12538);
#10767=AXIS2_PLACEMENT_3D('',#15951,#12539,#12540);
#10768=AXIS2_PLACEMENT_3D('',#15954,#12542,#12543);
#10769=AXIS2_PLACEMENT_3D('',#15955,#12544,#12545);
#10770=AXIS2_PLACEMENT_3D('',#15958,#12547,#12548);
#10771=AXIS2_PLACEMENT_3D('',#15959,#12549,#12550);
#10772=AXIS2_PLACEMENT_3D('',#15963,#12553,#12554);
#10773=AXIS2_PLACEMENT_3D('',#15966,#12556,#12557);
#10774=AXIS2_PLACEMENT_3D('',#15967,#12558,#12559);
#10775=AXIS2_PLACEMENT_3D('',#15970,#12561,#12562);
#10776=AXIS2_PLACEMENT_3D('',#15971,#12563,#12564);
#10777=AXIS2_PLACEMENT_3D('',#15974,#12566,#12567);
#10778=AXIS2_PLACEMENT_3D('',#15975,#12568,#12569);
#10779=AXIS2_PLACEMENT_3D('',#15978,#12571,#12572);
#10780=AXIS2_PLACEMENT_3D('',#15979,#12573,#12574);
#10781=AXIS2_PLACEMENT_3D('',#15982,#12576,#12577);
#10782=AXIS2_PLACEMENT_3D('',#15983,#12578,#12579);
#10783=AXIS2_PLACEMENT_3D('',#15986,#12581,#12582);
#10784=AXIS2_PLACEMENT_3D('',#15987,#12583,#12584);
#10785=AXIS2_PLACEMENT_3D('',#15990,#12586,#12587);
#10786=AXIS2_PLACEMENT_3D('',#15993,#12589,#12590);
#10787=AXIS2_PLACEMENT_3D('',#15996,#12592,#12593);
#10788=AXIS2_PLACEMENT_3D('',#15997,#12594,#12595);
#10789=AXIS2_PLACEMENT_3D('',#16000,#12597,#12598);
#10790=AXIS2_PLACEMENT_3D('',#16001,#12599,#12600);
#10791=AXIS2_PLACEMENT_3D('',#16004,#12602,#12603);
#10792=AXIS2_PLACEMENT_3D('',#16005,#12604,#12605);
#10793=AXIS2_PLACEMENT_3D('',#16008,#12607,#12608);
#10794=AXIS2_PLACEMENT_3D('',#16022,#12610,#12611);
#10795=AXIS2_PLACEMENT_3D('',#16025,#12613,#12614);
#10796=AXIS2_PLACEMENT_3D('',#16026,#12615,#12616);
#10797=AXIS2_PLACEMENT_3D('',#16029,#12618,#12619);
#10798=AXIS2_PLACEMENT_3D('',#16030,#12620,#12621);
#10799=AXIS2_PLACEMENT_3D('',#16033,#12623,#12624);
#10800=AXIS2_PLACEMENT_3D('',#16034,#12625,#12626);
#10801=AXIS2_PLACEMENT_3D('',#16037,#12628,#12629);
#10802=AXIS2_PLACEMENT_3D('',#16038,#12630,#12631);
#10803=AXIS2_PLACEMENT_3D('',#16041,#12633,#12634);
#10804=AXIS2_PLACEMENT_3D('',#16042,#12635,#12636);
#10805=AXIS2_PLACEMENT_3D('',#16045,#12638,#12639);
#10806=AXIS2_PLACEMENT_3D('',#16046,#12640,#12641);
#10807=AXIS2_PLACEMENT_3D('',#16049,#12643,#12644);
#10808=AXIS2_PLACEMENT_3D('',#16076,#12647,#12648);
#10809=AXIS2_PLACEMENT_3D('',#16079,#12650,#12651);
#10810=AXIS2_PLACEMENT_3D('',#16080,#12652,#12653);
#10811=AXIS2_PLACEMENT_3D('',#16083,#12655,#12656);
#10812=AXIS2_PLACEMENT_3D('',#16084,#12657,#12658);
#10813=AXIS2_PLACEMENT_3D('',#16087,#12660,#12661);
#10814=AXIS2_PLACEMENT_3D('',#16088,#12662,#12663);
#10815=AXIS2_PLACEMENT_3D('',#16091,#12665,#12666);
#10816=AXIS2_PLACEMENT_3D('',#16092,#12667,#12668);
#10817=AXIS2_PLACEMENT_3D('',#16096,#12671,#12672);
#10818=AXIS2_PLACEMENT_3D('',#16099,#12674,#12675);
#10819=AXIS2_PLACEMENT_3D('',#16100,#12676,#12677);
#10820=AXIS2_PLACEMENT_3D('',#16103,#12679,#12680);
#10821=AXIS2_PLACEMENT_3D('',#16104,#12681,#12682);
#10822=AXIS2_PLACEMENT_3D('',#16107,#12684,#12685);
#10823=AXIS2_PLACEMENT_3D('',#16108,#12686,#12687);
#10824=AXIS2_PLACEMENT_3D('',#16111,#12689,#12690);
#10825=AXIS2_PLACEMENT_3D('',#16112,#12691,#12692);
#10826=AXIS2_PLACEMENT_3D('',#16115,#12694,#12695);
#10827=AXIS2_PLACEMENT_3D('',#16116,#12696,#12697);
#10828=AXIS2_PLACEMENT_3D('',#16119,#12699,#12700);
#10829=AXIS2_PLACEMENT_3D('',#16120,#12701,#12702);
#10830=AXIS2_PLACEMENT_3D('',#16123,#12704,#12705);
#10831=AXIS2_PLACEMENT_3D('',#16124,#12706,#12707);
#10832=AXIS2_PLACEMENT_3D('',#16127,#12709,#12710);
#10833=AXIS2_PLACEMENT_3D('',#16128,#12711,#12712);
#10834=AXIS2_PLACEMENT_3D('',#16134,#12716,#12717);
#10835=AXIS2_PLACEMENT_3D('',#16138,#12720,#12721);
#10836=AXIS2_PLACEMENT_3D('',#16142,#12724,#12725);
#10837=AXIS2_PLACEMENT_3D('',#16146,#12728,#12729);
#10838=AXIS2_PLACEMENT_3D('',#16150,#12732,#12733);
#10839=AXIS2_PLACEMENT_3D('',#16154,#12736,#12737);
#10840=AXIS2_PLACEMENT_3D('',#16158,#12740,#12741);
#10841=AXIS2_PLACEMENT_3D('',#16162,#12744,#12745);
#10842=AXIS2_PLACEMENT_3D('',#16166,#12748,#12749);
#10843=AXIS2_PLACEMENT_3D('',#16170,#12752,#12753);
#10844=AXIS2_PLACEMENT_3D('',#16173,#12755,#12756);
#10845=AXIS2_PLACEMENT_3D('',#16189,#12759,#12760);
#10846=AXIS2_PLACEMENT_3D('',#16192,#12762,#12763);
#10847=AXIS2_PLACEMENT_3D('',#16193,#12764,#12765);
#10848=AXIS2_PLACEMENT_3D('',#16196,#12767,#12768);
#10849=AXIS2_PLACEMENT_3D('',#16197,#12769,#12770);
#10850=AXIS2_PLACEMENT_3D('',#16200,#12772,#12773);
#10851=AXIS2_PLACEMENT_3D('',#16201,#12774,#12775);
#10852=AXIS2_PLACEMENT_3D('',#16205,#12778,#12779);
#10853=AXIS2_PLACEMENT_3D('',#16208,#12781,#12782);
#10854=AXIS2_PLACEMENT_3D('',#16209,#12783,#12784);
#10855=AXIS2_PLACEMENT_3D('',#16212,#12786,#12787);
#10856=AXIS2_PLACEMENT_3D('',#16213,#12788,#12789);
#10857=AXIS2_PLACEMENT_3D('',#16216,#12791,#12792);
#10858=AXIS2_PLACEMENT_3D('',#16217,#12793,#12794);
#10859=AXIS2_PLACEMENT_3D('',#16220,#12796,#12797);
#10860=AXIS2_PLACEMENT_3D('',#16221,#12798,#12799);
#10861=AXIS2_PLACEMENT_3D('',#16224,#12801,#12802);
#10862=AXIS2_PLACEMENT_3D('',#16225,#12803,#12804);
#10863=AXIS2_PLACEMENT_3D('',#16228,#12806,#12807);
#10864=AXIS2_PLACEMENT_3D('',#16229,#12808,#12809);
#10865=AXIS2_PLACEMENT_3D('',#16232,#12811,#12812);
#10866=AXIS2_PLACEMENT_3D('',#16233,#12813,#12814);
#10867=AXIS2_PLACEMENT_3D('',#16236,#12816,#12817);
#10868=AXIS2_PLACEMENT_3D('',#16237,#12818,#12819);
#10869=AXIS2_PLACEMENT_3D('',#16241,#12822,#12823);
#10870=AXIS2_PLACEMENT_3D('',#16244,#12825,#12826);
#10871=AXIS2_PLACEMENT_3D('',#16258,#12828,#12829);
#10872=AXIS2_PLACEMENT_3D('',#16261,#12831,#12832);
#10873=AXIS2_PLACEMENT_3D('',#16262,#12833,#12834);
#10874=AXIS2_PLACEMENT_3D('',#16265,#12836,#12837);
#10875=AXIS2_PLACEMENT_3D('',#16266,#12838,#12839);
#10876=AXIS2_PLACEMENT_3D('',#16269,#12841,#12842);
#10877=AXIS2_PLACEMENT_3D('',#16270,#12843,#12844);
#10878=AXIS2_PLACEMENT_3D('',#16273,#12846,#12847);
#10879=AXIS2_PLACEMENT_3D('',#16274,#12848,#12849);
#10880=AXIS2_PLACEMENT_3D('',#16277,#12851,#12852);
#10881=AXIS2_PLACEMENT_3D('',#16278,#12853,#12854);
#10882=AXIS2_PLACEMENT_3D('',#16281,#12856,#12857);
#10883=AXIS2_PLACEMENT_3D('',#16282,#12858,#12859);
#10884=AXIS2_PLACEMENT_3D('',#16285,#12861,#12862);
#10885=AXIS2_PLACEMENT_3D('',#16288,#12864,#12865);
#10886=AXIS2_PLACEMENT_3D('',#16291,#12867,#12868);
#10887=AXIS2_PLACEMENT_3D('',#16292,#12869,#12870);
#10888=AXIS2_PLACEMENT_3D('',#16295,#12872,#12873);
#10889=AXIS2_PLACEMENT_3D('',#16296,#12874,#12875);
#10890=AXIS2_PLACEMENT_3D('',#16299,#12877,#12878);
#10891=AXIS2_PLACEMENT_3D('',#16326,#12881,#12882);
#10892=AXIS2_PLACEMENT_3D('',#16329,#12884,#12885);
#10893=AXIS2_PLACEMENT_3D('',#16330,#12886,#12887);
#10894=AXIS2_PLACEMENT_3D('',#16333,#12889,#12890);
#10895=AXIS2_PLACEMENT_3D('',#16334,#12891,#12892);
#10896=AXIS2_PLACEMENT_3D('',#16337,#12894,#12895);
#10897=AXIS2_PLACEMENT_3D('',#16338,#12896,#12897);
#10898=AXIS2_PLACEMENT_3D('',#16341,#12899,#12900);
#10899=AXIS2_PLACEMENT_3D('',#16342,#12901,#12902);
#10900=AXIS2_PLACEMENT_3D('',#16345,#12904,#12905);
#10901=AXIS2_PLACEMENT_3D('',#16346,#12906,#12907);
#10902=AXIS2_PLACEMENT_3D('',#16350,#12910,#12911);
#10903=AXIS2_PLACEMENT_3D('',#16354,#12914,#12915);
#10904=AXIS2_PLACEMENT_3D('',#16358,#12918,#12919);
#10905=AXIS2_PLACEMENT_3D('',#16361,#12921,#12922);
#10906=AXIS2_PLACEMENT_3D('',#16362,#12923,#12924);
#10907=AXIS2_PLACEMENT_3D('',#16365,#12926,#12927);
#10908=AXIS2_PLACEMENT_3D('',#16366,#12928,#12929);
#10909=AXIS2_PLACEMENT_3D('',#16369,#12931,#12932);
#10910=AXIS2_PLACEMENT_3D('',#16383,#12934,#12935);
#10911=AXIS2_PLACEMENT_3D('',#16386,#12937,#12938);
#10912=AXIS2_PLACEMENT_3D('',#16387,#12939,#12940);
#10913=AXIS2_PLACEMENT_3D('',#16390,#12942,#12943);
#10914=AXIS2_PLACEMENT_3D('',#16391,#12944,#12945);
#10915=AXIS2_PLACEMENT_3D('',#16397,#12949,#12950);
#10916=AXIS2_PLACEMENT_3D('',#16401,#12953,#12954);
#10917=AXIS2_PLACEMENT_3D('',#16405,#12957,#12958);
#10918=AXIS2_PLACEMENT_3D('',#16409,#12961,#12962);
#10919=AXIS2_PLACEMENT_3D('',#16413,#12965,#12966);
#10920=AXIS2_PLACEMENT_3D('',#16417,#12969,#12970);
#10921=AXIS2_PLACEMENT_3D('',#16421,#12973,#12974);
#10922=AXIS2_PLACEMENT_3D('',#16425,#12977,#12978);
#10923=AXIS2_PLACEMENT_3D('',#16444,#12983,#12984);
#10924=AXIS2_PLACEMENT_3D('',#16447,#12986,#12987);
#10925=AXIS2_PLACEMENT_3D('',#16448,#12988,#12989);
#10926=AXIS2_PLACEMENT_3D('',#16451,#12991,#12992);
#10927=AXIS2_PLACEMENT_3D('',#16452,#12993,#12994);
#10928=AXIS2_PLACEMENT_3D('',#16455,#12996,#12997);
#10929=AXIS2_PLACEMENT_3D('',#16469,#12999,#13000);
#10930=AXIS2_PLACEMENT_3D('',#16472,#13002,#13003);
#10931=AXIS2_PLACEMENT_3D('',#16473,#13004,#13005);
#10932=AXIS2_PLACEMENT_3D('',#16476,#13007,#13008);
#10933=AXIS2_PLACEMENT_3D('',#16477,#13009,#13010);
#10934=AXIS2_PLACEMENT_3D('',#16480,#13012,#13013);
#10935=AXIS2_PLACEMENT_3D('',#16481,#13014,#13015);
#10936=AXIS2_PLACEMENT_3D('',#16484,#13017,#13018);
#10937=AXIS2_PLACEMENT_3D('',#16485,#13019,#13020);
#10938=AXIS2_PLACEMENT_3D('',#16489,#13023,#13024);
#10939=AXIS2_PLACEMENT_3D('',#16492,#13026,#13027);
#10940=AXIS2_PLACEMENT_3D('',#16493,#13028,#13029);
#10941=AXIS2_PLACEMENT_3D('',#16496,#13031,#13032);
#10942=AXIS2_PLACEMENT_3D('',#16497,#13033,#13034);
#10943=AXIS2_PLACEMENT_3D('',#16500,#13036,#13037);
#10944=AXIS2_PLACEMENT_3D('',#16501,#13038,#13039);
#10945=AXIS2_PLACEMENT_3D('',#16504,#13041,#13042);
#10946=AXIS2_PLACEMENT_3D('',#16531,#13045,#13046);
#10947=AXIS2_PLACEMENT_3D('',#16534,#13048,#13049);
#10948=AXIS2_PLACEMENT_3D('',#16535,#13050,#13051);
#10949=AXIS2_PLACEMENT_3D('',#16538,#13053,#13054);
#10950=AXIS2_PLACEMENT_3D('',#16539,#13055,#13056);
#10951=AXIS2_PLACEMENT_3D('',#16542,#13058,#13059);
#10952=AXIS2_PLACEMENT_3D('',#16543,#13060,#13061);
#10953=AXIS2_PLACEMENT_3D('',#16546,#13063,#13064);
#10954=AXIS2_PLACEMENT_3D('',#16547,#13065,#13066);
#10955=AXIS2_PLACEMENT_3D('',#16550,#13068,#13069);
#10956=AXIS2_PLACEMENT_3D('',#16577,#13072,#13073);
#10957=AXIS2_PLACEMENT_3D('',#16580,#13075,#13076);
#10958=AXIS2_PLACEMENT_3D('',#16581,#13077,#13078);
#10959=AXIS2_PLACEMENT_3D('',#16584,#13080,#13081);
#10960=AXIS2_PLACEMENT_3D('',#16585,#13082,#13083);
#10961=AXIS2_PLACEMENT_3D('',#16588,#13085,#13086);
#10962=AXIS2_PLACEMENT_3D('',#16589,#13087,#13088);
#10963=AXIS2_PLACEMENT_3D('',#16592,#13090,#13091);
#10964=AXIS2_PLACEMENT_3D('',#16606,#13093,#13094);
#10965=AXIS2_PLACEMENT_3D('',#16609,#13096,#13097);
#10966=AXIS2_PLACEMENT_3D('',#16610,#13098,#13099);
#10967=AXIS2_PLACEMENT_3D('',#16614,#13102,#13103);
#10968=AXIS2_PLACEMENT_3D('',#16617,#13105,#13106);
#10969=AXIS2_PLACEMENT_3D('',#16618,#13107,#13108);
#10970=AXIS2_PLACEMENT_3D('',#16621,#13110,#13111);
#10971=AXIS2_PLACEMENT_3D('',#16622,#13112,#13113);
#10972=AXIS2_PLACEMENT_3D('',#16625,#13115,#13116);
#10973=AXIS2_PLACEMENT_3D('',#16626,#13117,#13118);
#10974=AXIS2_PLACEMENT_3D('',#16629,#13120,#13121);
#10975=AXIS2_PLACEMENT_3D('',#16630,#13122,#13123);
#10976=AXIS2_PLACEMENT_3D('',#16633,#13125,#13126);
#10977=AXIS2_PLACEMENT_3D('',#16634,#13127,#13128);
#10978=AXIS2_PLACEMENT_3D('',#16637,#13130,#13131);
#10979=AXIS2_PLACEMENT_3D('',#16638,#13132,#13133);
#10980=AXIS2_PLACEMENT_3D('',#16641,#13135,#13136);
#10981=AXIS2_PLACEMENT_3D('',#16642,#13137,#13138);
#10982=AXIS2_PLACEMENT_3D('',#16645,#13140,#13141);
#10983=AXIS2_PLACEMENT_3D('',#16646,#13142,#13143);
#10984=AXIS2_PLACEMENT_3D('',#16649,#13145,#13146);
#10985=AXIS2_PLACEMENT_3D('',#16650,#13147,#13148);
#10986=AXIS2_PLACEMENT_3D('',#16653,#13150,#13151);
#10987=AXIS2_PLACEMENT_3D('',#16667,#13153,#13154);
#10988=AXIS2_PLACEMENT_3D('',#16670,#13156,#13157);
#10989=AXIS2_PLACEMENT_3D('',#16671,#13158,#13159);
#10990=AXIS2_PLACEMENT_3D('',#16674,#13161,#13162);
#10991=AXIS2_PLACEMENT_3D('',#16675,#13163,#13164);
#10992=AXIS2_PLACEMENT_3D('',#16678,#13166,#13167);
#10993=AXIS2_PLACEMENT_3D('',#16720,#13172,#13173);
#10994=AXIS2_PLACEMENT_3D('',#16723,#13175,#13176);
#10995=AXIS2_PLACEMENT_3D('',#16724,#13177,#13178);
#10996=AXIS2_PLACEMENT_3D('',#16727,#13180,#13181);
#10997=AXIS2_PLACEMENT_3D('',#16728,#13182,#13183);
#10998=AXIS2_PLACEMENT_3D('',#16731,#13185,#13186);
#10999=AXIS2_PLACEMENT_3D('',#16732,#13187,#13188);
#11000=AXIS2_PLACEMENT_3D('',#16735,#13190,#13191);
#11001=AXIS2_PLACEMENT_3D('',#16788,#13196,#13197);
#11002=AXIS2_PLACEMENT_3D('',#16791,#13199,#13200);
#11003=AXIS2_PLACEMENT_3D('',#16792,#13201,#13202);
#11004=AXIS2_PLACEMENT_3D('',#16795,#13204,#13205);
#11005=AXIS2_PLACEMENT_3D('',#16796,#13206,#13207);
#11006=AXIS2_PLACEMENT_3D('',#16799,#13209,#13210);
#11007=AXIS2_PLACEMENT_3D('',#16800,#13211,#13212);
#11008=AXIS2_PLACEMENT_3D('',#16803,#13214,#13215);
#11009=AXIS2_PLACEMENT_3D('',#16804,#13216,#13217);
#11010=AXIS2_PLACEMENT_3D('',#16810,#13221,#13222);
#11011=AXIS2_PLACEMENT_3D('',#16814,#13225,#13226);
#11012=AXIS2_PLACEMENT_3D('',#16818,#13229,#13230);
#11013=AXIS2_PLACEMENT_3D('',#16822,#13233,#13234);
#11014=AXIS2_PLACEMENT_3D('',#16826,#13237,#13238);
#11015=AXIS2_PLACEMENT_3D('',#16830,#13241,#13242);
#11016=AXIS2_PLACEMENT_3D('',#16834,#13245,#13246);
#11017=AXIS2_PLACEMENT_3D('',#16840,#13250,#13251);
#11018=AXIS2_PLACEMENT_3D('',#16844,#13254,#13255);
#11019=AXIS2_PLACEMENT_3D('',#16848,#13258,#13259);
#11020=AXIS2_PLACEMENT_3D('',#16852,#13262,#13263);
#11021=AXIS2_PLACEMENT_3D('',#16856,#13266,#13267);
#11022=AXIS2_PLACEMENT_3D('',#16860,#13270,#13271);
#11023=AXIS2_PLACEMENT_3D('',#16864,#13274,#13275);
#11024=AXIS2_PLACEMENT_3D('',#16870,#13279,#13280);
#11025=AXIS2_PLACEMENT_3D('',#16900,#13285,#13286);
#11026=AXIS2_PLACEMENT_3D('',#16903,#13288,#13289);
#11027=AXIS2_PLACEMENT_3D('',#16930,#13292,#13293);
#11028=AXIS2_PLACEMENT_3D('',#16933,#13295,#13296);
#11029=AXIS2_PLACEMENT_3D('',#16960,#13299,#13300);
#11030=AXIS2_PLACEMENT_3D('',#16964,#13303,#13304);
#11031=AXIS2_PLACEMENT_3D('',#16968,#13307,#13308);
#11032=AXIS2_PLACEMENT_3D('',#17011,#13314,#13315);
#11033=AXIS2_PLACEMENT_3D('',#17014,#13317,#13318);
#11034=AXIS2_PLACEMENT_3D('',#17015,#13319,#13320);
#11035=AXIS2_PLACEMENT_3D('',#17018,#13322,#13323);
#11036=AXIS2_PLACEMENT_3D('',#17058,#13327,#13328);
#11037=AXIS2_PLACEMENT_3D('',#17061,#13330,#13331);
#11038=AXIS2_PLACEMENT_3D('',#17064,#13333,#13334);
#11039=AXIS2_PLACEMENT_3D('',#17067,#13336,#13337);
#11040=AXIS2_PLACEMENT_3D('',#17068,#13338,#13339);
#11041=AXIS2_PLACEMENT_3D('',#17071,#13341,#13342);
#11042=AXIS2_PLACEMENT_3D('',#17072,#13343,#13344);
#11043=AXIS2_PLACEMENT_3D('',#17075,#13346,#13347);
#11044=AXIS2_PLACEMENT_3D('',#17076,#13348,#13349);
#11045=AXIS2_PLACEMENT_3D('',#17079,#13351,#13352);
#11046=AXIS2_PLACEMENT_3D('',#17080,#13353,#13354);
#11047=AXIS2_PLACEMENT_3D('',#17083,#13356,#13357);
#11048=AXIS2_PLACEMENT_3D('',#17084,#13358,#13359);
#11049=AXIS2_PLACEMENT_3D('',#17087,#13361,#13362);
#11050=AXIS2_PLACEMENT_3D('',#17088,#13363,#13364);
#11051=AXIS2_PLACEMENT_3D('',#17091,#13366,#13367);
#11052=AXIS2_PLACEMENT_3D('',#17092,#13368,#13369);
#11053=AXIS2_PLACEMENT_3D('',#17095,#13371,#13372);
#11054=AXIS2_PLACEMENT_3D('',#17096,#13373,#13374);
#11055=AXIS2_PLACEMENT_3D('',#17099,#13376,#13377);
#11056=AXIS2_PLACEMENT_3D('',#17100,#13378,#13379);
#11057=AXIS2_PLACEMENT_3D('',#17103,#13381,#13382);
#11058=AXIS2_PLACEMENT_3D('',#17104,#13383,#13384);
#11059=AXIS2_PLACEMENT_3D('',#17107,#13386,#13387);
#11060=AXIS2_PLACEMENT_3D('',#17108,#13388,#13389);
#11061=AXIS2_PLACEMENT_3D('',#17111,#13391,#13392);
#11062=AXIS2_PLACEMENT_3D('',#17112,#13393,#13394);
#11063=AXIS2_PLACEMENT_3D('',#17115,#13396,#13397);
#11064=AXIS2_PLACEMENT_3D('',#17116,#13398,#13399);
#11065=AXIS2_PLACEMENT_3D('',#17119,#13401,#13402);
#11066=AXIS2_PLACEMENT_3D('',#17120,#13403,#13404);
#11067=AXIS2_PLACEMENT_3D('',#17139,#13409,#13410);
#11068=AXIS2_PLACEMENT_3D('',#17142,#13412,#13413);
#11069=AXIS2_PLACEMENT_3D('',#17143,#13414,#13415);
#11070=AXIS2_PLACEMENT_3D('',#17146,#13417,#13418);
#11071=AXIS2_PLACEMENT_3D('',#17147,#13419,#13420);
#11072=AXIS2_PLACEMENT_3D('',#17150,#13422,#13423);
#11073=AXIS2_PLACEMENT_3D('',#17151,#13424,#13425);
#11074=AXIS2_PLACEMENT_3D('',#17155,#13428,#13429);
#11075=AXIS2_PLACEMENT_3D('',#17158,#13431,#13432);
#11076=AXIS2_PLACEMENT_3D('',#17159,#13433,#13434);
#11077=AXIS2_PLACEMENT_3D('',#17162,#13436,#13437);
#11078=AXIS2_PLACEMENT_3D('',#17163,#13438,#13439);
#11079=AXIS2_PLACEMENT_3D('',#17166,#13441,#13442);
#11080=AXIS2_PLACEMENT_3D('',#17167,#13443,#13444);
#11081=AXIS2_PLACEMENT_3D('',#17170,#13446,#13447);
#11082=AXIS2_PLACEMENT_3D('',#17171,#13448,#13449);
#11083=AXIS2_PLACEMENT_3D('',#17174,#13451,#13452);
#11084=AXIS2_PLACEMENT_3D('',#17188,#13454,#13455);
#11085=AXIS2_PLACEMENT_3D('',#17191,#13457,#13458);
#11086=AXIS2_PLACEMENT_3D('',#17192,#13459,#13460);
#11087=AXIS2_PLACEMENT_3D('',#17195,#13462,#13463);
#11088=AXIS2_PLACEMENT_3D('',#17196,#13464,#13465);
#11089=AXIS2_PLACEMENT_3D('',#17199,#13467,#13468);
#11090=AXIS2_PLACEMENT_3D('',#17200,#13469,#13470);
#11091=AXIS2_PLACEMENT_3D('',#17204,#13473,#13474);
#11092=AXIS2_PLACEMENT_3D('',#17208,#13477,#13478);
#11093=AXIS2_PLACEMENT_3D('',#17212,#13481,#13482);
#11094=AXIS2_PLACEMENT_3D('',#17216,#13485,#13486);
#11095=AXIS2_PLACEMENT_3D('',#17220,#13489,#13490);
#11096=AXIS2_PLACEMENT_3D('',#17224,#13493,#13494);
#11097=AXIS2_PLACEMENT_3D('',#17228,#13497,#13498);
#11098=AXIS2_PLACEMENT_3D('',#17232,#13501,#13502);
#11099=AXIS2_PLACEMENT_3D('',#17236,#13505,#13506);
#11100=AXIS2_PLACEMENT_3D('',#17242,#13510,#13511);
#11101=AXIS2_PLACEMENT_3D('',#17246,#13514,#13515);
#11102=AXIS2_PLACEMENT_3D('',#17250,#13518,#13519);
#11103=AXIS2_PLACEMENT_3D('',#17253,#13521,#13522);
#11104=AXIS2_PLACEMENT_3D('',#17254,#13523,#13524);
#11105=AXIS2_PLACEMENT_3D('',#17257,#13526,#13527);
#11106=AXIS2_PLACEMENT_3D('',#17258,#13528,#13529);
#11107=AXIS2_PLACEMENT_3D('',#17261,#13531,#13532);
#11108=AXIS2_PLACEMENT_3D('',#17275,#13534,#13535);
#11109=AXIS2_PLACEMENT_3D('',#17278,#13537,#13538);
#11110=AXIS2_PLACEMENT_3D('',#17279,#13539,#13540);
#11111=AXIS2_PLACEMENT_3D('',#17282,#13542,#13543);
#11112=AXIS2_PLACEMENT_3D('',#17283,#13544,#13545);
#11113=AXIS2_PLACEMENT_3D('',#17286,#13547,#13548);
#11114=AXIS2_PLACEMENT_3D('',#17287,#13549,#13550);
#11115=AXIS2_PLACEMENT_3D('',#17290,#13552,#13553);
#11116=AXIS2_PLACEMENT_3D('',#17291,#13554,#13555);
#11117=AXIS2_PLACEMENT_3D('',#17295,#13558,#13559);
#11118=AXIS2_PLACEMENT_3D('',#17299,#13562,#13563);
#11119=AXIS2_PLACEMENT_3D('',#17303,#13566,#13567);
#11120=AXIS2_PLACEMENT_3D('',#17307,#13570,#13571);
#11121=AXIS2_PLACEMENT_3D('',#17311,#13574,#13575);
#11122=AXIS2_PLACEMENT_3D('',#17314,#13577,#13578);
#11123=AXIS2_PLACEMENT_3D('',#17315,#13579,#13580);
#11124=AXIS2_PLACEMENT_3D('',#17318,#13582,#13583);
#11125=AXIS2_PLACEMENT_3D('',#17319,#13584,#13585);
#11126=AXIS2_PLACEMENT_3D('',#17322,#13587,#13588);
#11127=AXIS2_PLACEMENT_3D('',#17323,#13589,#13590);
#11128=AXIS2_PLACEMENT_3D('',#17326,#13592,#13593);
#11129=AXIS2_PLACEMENT_3D('',#17340,#13595,#13596);
#11130=AXIS2_PLACEMENT_3D('',#17343,#13598,#13599);
#11131=AXIS2_PLACEMENT_3D('',#17344,#13600,#13601);
#11132=AXIS2_PLACEMENT_3D('',#17347,#13603,#13604);
#11133=AXIS2_PLACEMENT_3D('',#17348,#13605,#13606);
#11134=AXIS2_PLACEMENT_3D('',#17351,#13608,#13609);
#11135=AXIS2_PLACEMENT_3D('',#17352,#13610,#13611);
#11136=AXIS2_PLACEMENT_3D('',#17355,#13613,#13614);
#11137=AXIS2_PLACEMENT_3D('',#17356,#13615,#13616);
#11138=AXIS2_PLACEMENT_3D('',#17359,#13618,#13619);
#11139=AXIS2_PLACEMENT_3D('',#17362,#13621,#13622);
#11140=AXIS2_PLACEMENT_3D('',#17365,#13624,#13625);
#11141=AXIS2_PLACEMENT_3D('',#17366,#13626,#13627);
#11142=AXIS2_PLACEMENT_3D('',#17369,#13629,#13630);
#11143=AXIS2_PLACEMENT_3D('',#17370,#13631,#13632);
#11144=AXIS2_PLACEMENT_3D('',#17373,#13634,#13635);
#11145=AXIS2_PLACEMENT_3D('',#17374,#13636,#13637);
#11146=AXIS2_PLACEMENT_3D('',#17377,#13639,#13640);
#11147=AXIS2_PLACEMENT_3D('',#17391,#13642,#13643);
#11148=AXIS2_PLACEMENT_3D('',#17394,#13645,#13646);
#11149=AXIS2_PLACEMENT_3D('',#17395,#13647,#13648);
#11150=AXIS2_PLACEMENT_3D('',#17398,#13650,#13651);
#11151=AXIS2_PLACEMENT_3D('',#17399,#13652,#13653);
#11152=AXIS2_PLACEMENT_3D('',#17402,#13655,#13656);
#11153=AXIS2_PLACEMENT_3D('',#17416,#13658,#13659);
#11154=AXIS2_PLACEMENT_3D('',#17419,#13661,#13662);
#11155=AXIS2_PLACEMENT_3D('',#17420,#13663,#13664);
#11156=AXIS2_PLACEMENT_3D('',#17423,#13666,#13667);
#11157=AXIS2_PLACEMENT_3D('',#17424,#13668,#13669);
#11158=AXIS2_PLACEMENT_3D('',#17428,#13672,#13673);
#11159=AXIS2_PLACEMENT_3D('',#17432,#13676,#13677);
#11160=AXIS2_PLACEMENT_3D('',#17436,#13680,#13681);
#11161=AXIS2_PLACEMENT_3D('',#17453,#13685,#13686);
#11162=AXIS2_PLACEMENT_3D('',#17456,#13688,#13689);
#11163=AXIS2_PLACEMENT_3D('',#17457,#13690,#13691);
#11164=AXIS2_PLACEMENT_3D('',#17460,#13693,#13694);
#11165=AXIS2_PLACEMENT_3D('',#17461,#13695,#13696);
#11166=AXIS2_PLACEMENT_3D('',#17464,#13698,#13699);
#11167=AXIS2_PLACEMENT_3D('',#17465,#13700,#13701);
#11168=AXIS2_PLACEMENT_3D('',#17468,#13703,#13704);
#11169=AXIS2_PLACEMENT_3D('',#17471,#13706,#13707);
#11170=AXIS2_PLACEMENT_3D('',#17474,#13709,#13710);
#11171=AXIS2_PLACEMENT_3D('',#17475,#13711,#13712);
#11172=AXIS2_PLACEMENT_3D('',#17478,#13714,#13715);
#11173=AXIS2_PLACEMENT_3D('',#17479,#13716,#13717);
#11174=AXIS2_PLACEMENT_3D('',#17482,#13719,#13720);
#11175=AXIS2_PLACEMENT_3D('',#17483,#13721,#13722);
#11176=AXIS2_PLACEMENT_3D('',#17486,#13724,#13725);
#11177=AXIS2_PLACEMENT_3D('',#17487,#13726,#13727);
#11178=AXIS2_PLACEMENT_3D('',#17490,#13729,#13730);
#11179=AXIS2_PLACEMENT_3D('',#17491,#13731,#13732);
#11180=AXIS2_PLACEMENT_3D('',#17494,#13734,#13735);
#11181=AXIS2_PLACEMENT_3D('',#17495,#13736,#13737);
#11182=AXIS2_PLACEMENT_3D('',#17499,#13740,#13741);
#11183=AXIS2_PLACEMENT_3D('',#17503,#13744,#13745);
#11184=AXIS2_PLACEMENT_3D('',#17507,#13748,#13749);
#11185=AXIS2_PLACEMENT_3D('',#17511,#13752,#13753);
#11186=AXIS2_PLACEMENT_3D('',#17515,#13756,#13757);
#11187=AXIS2_PLACEMENT_3D('',#17518,#13759,#13760);
#11188=AXIS2_PLACEMENT_3D('',#17519,#13761,#13762);
#11189=AXIS2_PLACEMENT_3D('',#17522,#13764,#13765);
#11190=AXIS2_PLACEMENT_3D('',#17523,#13766,#13767);
#11191=AXIS2_PLACEMENT_3D('',#17526,#13769,#13770);
#11192=AXIS2_PLACEMENT_3D('',#17527,#13771,#13772);
#11193=AXIS2_PLACEMENT_3D('',#17530,#13774,#13775);
#11194=AXIS2_PLACEMENT_3D('',#17531,#13776,#13777);
#11195=AXIS2_PLACEMENT_3D('',#17534,#13779,#13780);
#11196=AXIS2_PLACEMENT_3D('',#17535,#13781,#13782);
#11197=AXIS2_PLACEMENT_3D('',#17538,#13784,#13785);
#11198=AXIS2_PLACEMENT_3D('',#17539,#13786,#13787);
#11199=AXIS2_PLACEMENT_3D('',#17542,#13789,#13790);
#11200=AXIS2_PLACEMENT_3D('',#17543,#13791,#13792);
#11201=AXIS2_PLACEMENT_3D('',#17546,#13794,#13795);
#11202=AXIS2_PLACEMENT_3D('',#17547,#13796,#13797);
#11203=AXIS2_PLACEMENT_3D('',#17550,#13799,#13800);
#11204=AXIS2_PLACEMENT_3D('',#17551,#13801,#13802);
#11205=AXIS2_PLACEMENT_3D('',#17554,#13804,#13805);
#11206=AXIS2_PLACEMENT_3D('',#17555,#13806,#13807);
#11207=AXIS2_PLACEMENT_3D('',#17558,#13809,#13810);
#11208=AXIS2_PLACEMENT_3D('',#17559,#13811,#13812);
#11209=AXIS2_PLACEMENT_3D('',#17562,#13814,#13815);
#11210=AXIS2_PLACEMENT_3D('',#17563,#13816,#13817);
#11211=AXIS2_PLACEMENT_3D('',#17566,#13819,#13820);
#11212=AXIS2_PLACEMENT_3D('',#17567,#13821,#13822);
#11213=AXIS2_PLACEMENT_3D('',#17571,#13825,#13826);
#11214=AXIS2_PLACEMENT_3D('',#17574,#13828,#13829);
#11215=AXIS2_PLACEMENT_3D('',#17575,#13830,#13831);
#11216=AXIS2_PLACEMENT_3D('',#17578,#13833,#13834);
#11217=AXIS2_PLACEMENT_3D('',#17579,#13835,#13836);
#11218=AXIS2_PLACEMENT_3D('',#17582,#13838,#13839);
#11219=AXIS2_PLACEMENT_3D('',#17583,#13840,#13841);
#11220=AXIS2_PLACEMENT_3D('',#17586,#13843,#13844);
#11221=AXIS2_PLACEMENT_3D('',#17587,#13845,#13846);
#11222=AXIS2_PLACEMENT_3D('',#17590,#13848,#13849);
#11223=AXIS2_PLACEMENT_3D('',#17591,#13850,#13851);
#11224=AXIS2_PLACEMENT_3D('',#17594,#13853,#13854);
#11225=AXIS2_PLACEMENT_3D('',#17595,#13855,#13856);
#11226=AXIS2_PLACEMENT_3D('',#17598,#13858,#13859);
#11227=AXIS2_PLACEMENT_3D('',#17601,#13861,#13862);
#11228=AXIS2_PLACEMENT_3D('',#17604,#13864,#13865);
#11229=AXIS2_PLACEMENT_3D('',#17605,#13866,#13867);
#11230=AXIS2_PLACEMENT_3D('',#17608,#13869,#13870);
#11231=AXIS2_PLACEMENT_3D('',#17609,#13871,#13872);
#11232=AXIS2_PLACEMENT_3D('',#17612,#13874,#13875);
#11233=AXIS2_PLACEMENT_3D('',#17613,#13876,#13877);
#11234=AXIS2_PLACEMENT_3D('',#17616,#13879,#13880);
#11235=AXIS2_PLACEMENT_3D('',#17617,#13881,#13882);
#11236=AXIS2_PLACEMENT_3D('',#17620,#13884,#13885);
#11237=AXIS2_PLACEMENT_3D('',#17621,#13886,#13887);
#11238=AXIS2_PLACEMENT_3D('',#17624,#13889,#13890);
#11239=AXIS2_PLACEMENT_3D('',#17625,#13891,#13892);
#11240=AXIS2_PLACEMENT_3D('',#17629,#13895,#13896);
#11241=AXIS2_PLACEMENT_3D('',#17633,#13899,#13900);
#11242=AXIS2_PLACEMENT_3D('',#17637,#13903,#13904);
#11243=AXIS2_PLACEMENT_3D('',#17641,#13907,#13908);
#11244=AXIS2_PLACEMENT_3D('',#17645,#13911,#13912);
#11245=AXIS2_PLACEMENT_3D('',#17648,#13914,#13915);
#11246=AXIS2_PLACEMENT_3D('',#17649,#13916,#13917);
#11247=AXIS2_PLACEMENT_3D('',#17652,#13919,#13920);
#11248=AXIS2_PLACEMENT_3D('',#17653,#13921,#13922);
#11249=AXIS2_PLACEMENT_3D('',#17656,#13924,#13925);
#11250=AXIS2_PLACEMENT_3D('',#17657,#13926,#13927);
#11251=AXIS2_PLACEMENT_3D('',#17660,#13929,#13930);
#11252=AXIS2_PLACEMENT_3D('',#17661,#13931,#13932);
#11253=AXIS2_PLACEMENT_3D('',#17664,#13934,#13935);
#11254=AXIS2_PLACEMENT_3D('',#17665,#13936,#13937);
#11255=AXIS2_PLACEMENT_3D('',#17668,#13939,#13940);
#11256=AXIS2_PLACEMENT_3D('',#17669,#13941,#13942);
#11257=AXIS2_PLACEMENT_3D('',#17672,#13944,#13945);
#11258=AXIS2_PLACEMENT_3D('',#17673,#13946,#13947);
#11259=AXIS2_PLACEMENT_3D('',#17676,#13949,#13950);
#11260=AXIS2_PLACEMENT_3D('',#17677,#13951,#13952);
#11261=AXIS2_PLACEMENT_3D('',#17680,#13954,#13955);
#11262=AXIS2_PLACEMENT_3D('',#17681,#13956,#13957);
#11263=AXIS2_PLACEMENT_3D('',#17684,#13959,#13960);
#11264=AXIS2_PLACEMENT_3D('',#17685,#13961,#13962);
#11265=AXIS2_PLACEMENT_3D('',#17688,#13964,#13965);
#11266=AXIS2_PLACEMENT_3D('',#17689,#13966,#13967);
#11267=AXIS2_PLACEMENT_3D('',#17692,#13969,#13970);
#11268=AXIS2_PLACEMENT_3D('',#17693,#13971,#13972);
#11269=AXIS2_PLACEMENT_3D('',#17696,#13974,#13975);
#11270=AXIS2_PLACEMENT_3D('',#17697,#13976,#13977);
#11271=AXIS2_PLACEMENT_3D('',#17701,#13980,#13981);
#11272=AXIS2_PLACEMENT_3D('',#17704,#13983,#13984);
#11273=AXIS2_PLACEMENT_3D('',#17705,#13985,#13986);
#11274=AXIS2_PLACEMENT_3D('',#17708,#13988,#13989);
#11275=AXIS2_PLACEMENT_3D('',#17709,#13990,#13991);
#11276=AXIS2_PLACEMENT_3D('',#17712,#13993,#13994);
#11277=AXIS2_PLACEMENT_3D('',#17713,#13995,#13996);
#11278=AXIS2_PLACEMENT_3D('',#17716,#13998,#13999);
#11279=AXIS2_PLACEMENT_3D('',#17717,#14000,#14001);
#11280=AXIS2_PLACEMENT_3D('',#17720,#14003,#14004);
#11281=AXIS2_PLACEMENT_3D('',#17721,#14005,#14006);
#11282=AXIS2_PLACEMENT_3D('',#17724,#14008,#14009);
#11283=AXIS2_PLACEMENT_3D('',#17725,#14010,#14011);
#11284=AXIS2_PLACEMENT_3D('',#17731,#14015,#14016);
#11285=AXIS2_PLACEMENT_3D('',#17735,#14019,#14020);
#11286=AXIS2_PLACEMENT_3D('',#17739,#14023,#14024);
#11287=AXIS2_PLACEMENT_3D('',#17742,#14026,#14027);
#11288=AXIS2_PLACEMENT_3D('',#17745,#14029,#14030);
#11289=AXIS2_PLACEMENT_3D('',#17748,#14032,#14033);
#11290=AXIS2_PLACEMENT_3D('',#17749,#14034,#14035);
#11291=AXIS2_PLACEMENT_3D('',#17752,#14037,#14038);
#11292=AXIS2_PLACEMENT_3D('',#17753,#14039,#14040);
#11293=AXIS2_PLACEMENT_3D('',#17756,#14042,#14043);
#11294=AXIS2_PLACEMENT_3D('',#17757,#14044,#14045);
#11295=AXIS2_PLACEMENT_3D('',#17760,#14047,#14048);
#11296=AXIS2_PLACEMENT_3D('',#17761,#14049,#14050);
#11297=AXIS2_PLACEMENT_3D('',#17764,#14052,#14053);
#11298=AXIS2_PLACEMENT_3D('',#17765,#14054,#14055);
#11299=AXIS2_PLACEMENT_3D('',#17768,#14057,#14058);
#11300=AXIS2_PLACEMENT_3D('',#17769,#14059,#14060);
#11301=AXIS2_PLACEMENT_3D('',#17772,#14062,#14063);
#11302=AXIS2_PLACEMENT_3D('',#17773,#14064,#14065);
#11303=AXIS2_PLACEMENT_3D('',#17776,#14067,#14068);
#11304=AXIS2_PLACEMENT_3D('',#17777,#14069,#14070);
#11305=AXIS2_PLACEMENT_3D('',#17780,#14072,#14073);
#11306=AXIS2_PLACEMENT_3D('',#17781,#14074,#14075);
#11307=AXIS2_PLACEMENT_3D('',#17784,#14077,#14078);
#11308=AXIS2_PLACEMENT_3D('',#17785,#14079,#14080);
#11309=AXIS2_PLACEMENT_3D('',#17788,#14082,#14083);
#11310=AXIS2_PLACEMENT_3D('',#17789,#14084,#14085);
#11311=AXIS2_PLACEMENT_3D('',#17792,#14087,#14088);
#11312=AXIS2_PLACEMENT_3D('',#17793,#14089,#14090);
#11313=AXIS2_PLACEMENT_3D('',#17796,#14092,#14093);
#11314=AXIS2_PLACEMENT_3D('',#17797,#14094,#14095);
#11315=AXIS2_PLACEMENT_3D('',#17800,#14097,#14098);
#11316=AXIS2_PLACEMENT_3D('',#17801,#14099,#14100);
#11317=AXIS2_PLACEMENT_3D('',#17807,#14104,#14105);
#11318=AXIS2_PLACEMENT_3D('',#17811,#14108,#14109);
#11319=AXIS2_PLACEMENT_3D('',#17815,#14112,#14113);
#11320=AXIS2_PLACEMENT_3D('',#17818,#14115,#14116);
#11321=AXIS2_PLACEMENT_3D('',#17821,#14118,#14119);
#11322=AXIS2_PLACEMENT_3D('',#17824,#14121,#14122);
#11323=AXIS2_PLACEMENT_3D('',#17825,#14123,#14124);
#11324=AXIS2_PLACEMENT_3D('',#17828,#14126,#14127);
#11325=AXIS2_PLACEMENT_3D('',#17829,#14128,#14129);
#11326=AXIS2_PLACEMENT_3D('',#17832,#14131,#14132);
#11327=AXIS2_PLACEMENT_3D('',#17833,#14133,#14134);
#11328=AXIS2_PLACEMENT_3D('',#17836,#14136,#14137);
#11329=AXIS2_PLACEMENT_3D('',#17837,#14138,#14139);
#11330=AXIS2_PLACEMENT_3D('',#17840,#14141,#14142);
#11331=AXIS2_PLACEMENT_3D('',#17841,#14143,#14144);
#11332=AXIS2_PLACEMENT_3D('',#17844,#14146,#14147);
#11333=AXIS2_PLACEMENT_3D('',#17845,#14148,#14149);
#11334=AXIS2_PLACEMENT_3D('',#17848,#14151,#14152);
#11335=AXIS2_PLACEMENT_3D('',#17849,#14153,#14154);
#11336=AXIS2_PLACEMENT_3D('',#17852,#14156,#14157);
#11337=AXIS2_PLACEMENT_3D('',#17853,#14158,#14159);
#11338=AXIS2_PLACEMENT_3D('',#17856,#14161,#14162);
#11339=AXIS2_PLACEMENT_3D('',#17857,#14163,#14164);
#11340=AXIS2_PLACEMENT_3D('',#17860,#14166,#14167);
#11341=AXIS2_PLACEMENT_3D('',#17861,#14168,#14169);
#11342=AXIS2_PLACEMENT_3D('',#17864,#14171,#14172);
#11343=AXIS2_PLACEMENT_3D('',#17865,#14173,#14174);
#11344=AXIS2_PLACEMENT_3D('',#17868,#14176,#14177);
#11345=AXIS2_PLACEMENT_3D('',#17869,#14178,#14179);
#11346=AXIS2_PLACEMENT_3D('',#17872,#14181,#14182);
#11347=AXIS2_PLACEMENT_3D('',#17873,#14183,#14184);
#11348=AXIS2_PLACEMENT_3D('',#17876,#14186,#14187);
#11349=AXIS2_PLACEMENT_3D('',#17877,#14188,#14189);
#11350=AXIS2_PLACEMENT_3D('',#17880,#14191,#14192);
#11351=AXIS2_PLACEMENT_3D('',#17883,#14194,#14195);
#11352=AXIS2_PLACEMENT_3D('',#17886,#14197,#14198);
#11353=AXIS2_PLACEMENT_3D('',#17887,#14199,#14200);
#11354=AXIS2_PLACEMENT_3D('',#17890,#14202,#14203);
#11355=AXIS2_PLACEMENT_3D('',#17891,#14204,#14205);
#11356=AXIS2_PLACEMENT_3D('',#17894,#14207,#14208);
#11357=AXIS2_PLACEMENT_3D('',#17895,#14209,#14210);
#11358=AXIS2_PLACEMENT_3D('',#17898,#14212,#14213);
#11359=AXIS2_PLACEMENT_3D('',#17899,#14214,#14215);
#11360=AXIS2_PLACEMENT_3D('',#17902,#14217,#14218);
#11361=AXIS2_PLACEMENT_3D('',#17903,#14219,#14220);
#11362=AXIS2_PLACEMENT_3D('',#17906,#14222,#14223);
#11363=AXIS2_PLACEMENT_3D('',#17907,#14224,#14225);
#11364=AXIS2_PLACEMENT_3D('',#17911,#14228,#14229);
#11365=AXIS2_PLACEMENT_3D('',#17915,#14232,#14233);
#11366=AXIS2_PLACEMENT_3D('',#17919,#14236,#14237);
#11367=AXIS2_PLACEMENT_3D('',#17923,#14240,#14241);
#11368=AXIS2_PLACEMENT_3D('',#17927,#14244,#14245);
#11369=AXIS2_PLACEMENT_3D('',#17930,#14247,#14248);
#11370=AXIS2_PLACEMENT_3D('',#17931,#14249,#14250);
#11371=AXIS2_PLACEMENT_3D('',#17934,#14252,#14253);
#11372=AXIS2_PLACEMENT_3D('',#17935,#14254,#14255);
#11373=AXIS2_PLACEMENT_3D('',#17938,#14257,#14258);
#11374=AXIS2_PLACEMENT_3D('',#17939,#14259,#14260);
#11375=AXIS2_PLACEMENT_3D('',#17942,#14262,#14263);
#11376=AXIS2_PLACEMENT_3D('',#17943,#14264,#14265);
#11377=AXIS2_PLACEMENT_3D('',#17946,#14267,#14268);
#11378=AXIS2_PLACEMENT_3D('',#17947,#14269,#14270);
#11379=AXIS2_PLACEMENT_3D('',#17950,#14272,#14273);
#11380=AXIS2_PLACEMENT_3D('',#17951,#14274,#14275);
#11381=AXIS2_PLACEMENT_3D('',#17954,#14277,#14278);
#11382=AXIS2_PLACEMENT_3D('',#17955,#14279,#14280);
#11383=AXIS2_PLACEMENT_3D('',#17958,#14282,#14283);
#11384=AXIS2_PLACEMENT_3D('',#17959,#14284,#14285);
#11385=AXIS2_PLACEMENT_3D('',#17962,#14287,#14288);
#11386=AXIS2_PLACEMENT_3D('',#17963,#14289,#14290);
#11387=AXIS2_PLACEMENT_3D('',#17966,#14292,#14293);
#11388=AXIS2_PLACEMENT_3D('',#17967,#14294,#14295);
#11389=AXIS2_PLACEMENT_3D('',#17970,#14297,#14298);
#11390=AXIS2_PLACEMENT_3D('',#17971,#14299,#14300);
#11391=AXIS2_PLACEMENT_3D('',#17974,#14302,#14303);
#11392=AXIS2_PLACEMENT_3D('',#17975,#14304,#14305);
#11393=AXIS2_PLACEMENT_3D('',#17978,#14307,#14308);
#11394=AXIS2_PLACEMENT_3D('',#17979,#14309,#14310);
#11395=AXIS2_PLACEMENT_3D('',#17983,#14313,#14314);
#11396=AXIS2_PLACEMENT_3D('',#17986,#14316,#14317);
#11397=AXIS2_PLACEMENT_3D('',#17987,#14318,#14319);
#11398=AXIS2_PLACEMENT_3D('',#17990,#14321,#14322);
#11399=AXIS2_PLACEMENT_3D('',#17991,#14323,#14324);
#11400=AXIS2_PLACEMENT_3D('',#17994,#14326,#14327);
#11401=AXIS2_PLACEMENT_3D('',#17995,#14328,#14329);
#11402=AXIS2_PLACEMENT_3D('',#17998,#14331,#14332);
#11403=AXIS2_PLACEMENT_3D('',#17999,#14333,#14334);
#11404=AXIS2_PLACEMENT_3D('',#18002,#14336,#14337);
#11405=AXIS2_PLACEMENT_3D('',#18003,#14338,#14339);
#11406=AXIS2_PLACEMENT_3D('',#18006,#14341,#14342);
#11407=AXIS2_PLACEMENT_3D('',#18007,#14343,#14344);
#11408=AXIS2_PLACEMENT_3D('',#18009,#14346,#14347);
#11409=AXIS2_PLACEMENT_3D('',#18011,#14349,#14350);
#11410=AXIS2_PLACEMENT_3D('',#18013,#14352,#14353);
#11411=AXIS2_PLACEMENT_3D('',#18017,#14356,#14357);
#11412=AXIS2_PLACEMENT_3D('',#18019,#14359,#14360);
#11413=AXIS2_PLACEMENT_3D('',#18021,#14362,#14363);
#11414=AXIS2_PLACEMENT_3D('',#18023,#14365,#14366);
#11415=AXIS2_PLACEMENT_3D('',#18025,#14368,#14369);
#11416=AXIS2_PLACEMENT_3D('',#18027,#14371,#14372);
#11417=AXIS2_PLACEMENT_3D('',#18028,#14373,#14374);
#11418=AXIS2_PLACEMENT_3D('',#18040,#14375,#14376);
#11419=AXIS2_PLACEMENT_3D('',#18042,#14378,#14379);
#11420=AXIS2_PLACEMENT_3D('',#18043,#14380,#14381);
#11421=AXIS2_PLACEMENT_3D('',#18044,#14382,#14383);
#11422=AXIS2_PLACEMENT_3D('',#18045,#14384,#14385);
#11423=AXIS2_PLACEMENT_3D('',#18046,#14386,#14387);
#11424=AXIS2_PLACEMENT_3D('',#18048,#14389,#14390);
#11425=AXIS2_PLACEMENT_3D('',#18049,#14391,#14392);
#11426=AXIS2_PLACEMENT_3D('',#18061,#14393,#14394);
#11427=AXIS2_PLACEMENT_3D('',#18063,#14396,#14397);
#11428=AXIS2_PLACEMENT_3D('',#18065,#14399,#14400);
#11429=AXIS2_PLACEMENT_3D('',#18067,#14402,#14403);
#11430=AXIS2_PLACEMENT_3D('',#18068,#14404,#14405);
#11431=AXIS2_PLACEMENT_3D('',#18069,#14406,#14407);
#11432=AXIS2_PLACEMENT_3D('',#18071,#14409,#14410);
#11433=AXIS2_PLACEMENT_3D('',#18072,#14411,#14412);
#11434=AXIS2_PLACEMENT_3D('',#18073,#14413,#14414);
#11435=AXIS2_PLACEMENT_3D('',#18074,#14415,#14416);
#11436=AXIS2_PLACEMENT_3D('',#18075,#14417,#14418);
#11437=AXIS2_PLACEMENT_3D('',#18076,#14419,#14420);
#11438=AXIS2_PLACEMENT_3D('',#18077,#14421,#14422);
#11439=AXIS2_PLACEMENT_3D('',#18078,#14423,#14424);
#11440=AXIS2_PLACEMENT_3D('',#18079,#14425,#14426);
#11441=AXIS2_PLACEMENT_3D('',#18081,#14428,#14429);
#11442=AXIS2_PLACEMENT_3D('',#18082,#14430,#14431);
#11443=AXIS2_PLACEMENT_3D('',#18083,#14432,#14433);
#11444=AXIS2_PLACEMENT_3D('',#18085,#14435,#14436);
#11445=AXIS2_PLACEMENT_3D('',#18086,#14437,#14438);
#11446=AXIS2_PLACEMENT_3D('',#18087,#14439,#14440);
#11447=AXIS2_PLACEMENT_3D('',#18088,#14441,#14442);
#11448=AXIS2_PLACEMENT_3D('',#18089,#14443,#14444);
#11449=AXIS2_PLACEMENT_3D('',#18098,#14449,#14450);
#11450=AXIS2_PLACEMENT_3D('',#18100,#14451,#14452);
#11451=AXIS2_PLACEMENT_3D('',#18102,#14453,#14454);
#11452=AXIS2_PLACEMENT_3D('',#18104,#14455,#14456);
#11453=AXIS2_PLACEMENT_3D('',#18106,#14457,#14458);
#11454=AXIS2_PLACEMENT_3D('',#18107,#14459,#14460);
#11455=AXIS2_PLACEMENT_3D('',#18108,#14461,#14462);
#11456=AXIS2_PLACEMENT_3D('',#18117,#14467,#14468);
#11457=AXIS2_PLACEMENT_3D('',#18126,#14473,#14474);
#11458=AXIS2_PLACEMENT_3D('',#18135,#14479,#14480);
#11459=AXIS2_PLACEMENT_3D('',#18136,#14481,#14482);
#11460=AXIS2_PLACEMENT_3D('',#18138,#14483,#14484);
#11461=AXIS2_PLACEMENT_3D('',#18139,#14485,#14486);
#11462=AXIS2_PLACEMENT_3D('',#18141,#14487,#14488);
#11463=AXIS2_PLACEMENT_3D('',#18142,#14489,#14490);
#11464=AXIS2_PLACEMENT_3D('',#18144,#14491,#14492);
#11465=AXIS2_PLACEMENT_3D('',#18153,#14497,#14498);
#11466=AXIS2_PLACEMENT_3D('',#18155,#14499,#14500);
#11467=AXIS2_PLACEMENT_3D('',#18156,#14501,#14502);
#11468=AXIS2_PLACEMENT_3D('',#18157,#14503,#14504);
#11469=AXIS2_PLACEMENT_3D('',#18158,#14505,#14506);
#11470=AXIS2_PLACEMENT_3D('',#18159,#14507,#14508);
#11471=AXIS2_PLACEMENT_3D('',#18160,#14509,#14510);
#11472=AXIS2_PLACEMENT_3D('',#18161,#14511,#14512);
#11473=AXIS2_PLACEMENT_3D('',#18162,#14513,#14514);
#11474=AXIS2_PLACEMENT_3D('',#18163,#14515,#14516);
#11475=AXIS2_PLACEMENT_3D('',#18164,#14517,#14518);
#11476=AXIS2_PLACEMENT_3D('',#18165,#14519,#14520);
#11477=AXIS2_PLACEMENT_3D('',#18166,#14521,#14522);
#11478=AXIS2_PLACEMENT_3D('',#18167,#14523,#14524);
#11479=AXIS2_PLACEMENT_3D('',#18168,#14525,#14526);
#11480=AXIS2_PLACEMENT_3D('',#18171,#14529,#14530);
#11481=AXIS2_PLACEMENT_3D('',#18173,#14532,#14533);
#11482=AXIS2_PLACEMENT_3D('',#18175,#14535,#14536);
#11483=AXIS2_PLACEMENT_3D('',#18176,#14537,#14538);
#11484=AXIS2_PLACEMENT_3D('',#18177,#14539,#14540);
#11485=AXIS2_PLACEMENT_3D('',#18178,#14541,#14542);
#11486=AXIS2_PLACEMENT_3D('',#18179,#14543,#14544);
#11487=AXIS2_PLACEMENT_3D('',#18180,#14545,#14546);
#11488=AXIS2_PLACEMENT_3D('',#18181,#14547,#14548);
#11489=AXIS2_PLACEMENT_3D('',#18182,#14549,#14550);
#11490=AXIS2_PLACEMENT_3D('',#18183,#14551,#14552);
#11491=AXIS2_PLACEMENT_3D('',#18184,#14553,#14554);
#11492=AXIS2_PLACEMENT_3D('',#18185,#14555,#14556);
#11493=AXIS2_PLACEMENT_3D('',#18186,#14557,#14558);
#11494=AXIS2_PLACEMENT_3D('',#18187,#14559,#14560);
#11495=AXIS2_PLACEMENT_3D('',#18188,#14561,#14562);
#11496=AXIS2_PLACEMENT_3D('',#18189,#14563,#14564);
#11497=AXIS2_PLACEMENT_3D('',#18190,#14565,#14566);
#11498=AXIS2_PLACEMENT_3D('',#18191,#14567,#14568);
#11499=AXIS2_PLACEMENT_3D('',#18192,#14569,#14570);
#11500=AXIS2_PLACEMENT_3D('',#18193,#14571,#14572);
#11501=AXIS2_PLACEMENT_3D('',#18194,#14573,#14574);
#11502=AXIS2_PLACEMENT_3D('',#18195,#14575,#14576);
#11503=AXIS2_PLACEMENT_3D('',#18196,#14577,#14578);
#11504=AXIS2_PLACEMENT_3D('',#18197,#14579,#14580);
#11505=AXIS2_PLACEMENT_3D('',#18198,#14581,#14582);
#11506=AXIS2_PLACEMENT_3D('',#18199,#14583,#14584);
#11507=AXIS2_PLACEMENT_3D('',#18200,#14585,#14586);
#11508=AXIS2_PLACEMENT_3D('',#18201,#14587,#14588);
#11509=AXIS2_PLACEMENT_3D('',#18202,#14589,#14590);
#11510=AXIS2_PLACEMENT_3D('',#18203,#14591,#14592);
#11511=AXIS2_PLACEMENT_3D('',#18204,#14593,#14594);
#11512=AXIS2_PLACEMENT_3D('',#18205,#14595,#14596);
#11513=AXIS2_PLACEMENT_3D('',#18206,#14597,#14598);
#11514=AXIS2_PLACEMENT_3D('',#18207,#14599,#14600);
#11515=AXIS2_PLACEMENT_3D('',#18208,#14601,#14602);
#11516=AXIS2_PLACEMENT_3D('',#18209,#14603,#14604);
#11517=DIRECTION('',(0.,0.,1.));
#11518=DIRECTION('',(1.,0.,0.));
#11519=DIRECTION('',(0.,1.,0.));
#11520=DIRECTION('',(0.,0.,1.));
#11521=DIRECTION('',(0.,0.,-1.));
#11522=DIRECTION('',(1.,0.,0.));
#11523=DIRECTION('',(0.,0.,-1.));
#11524=DIRECTION('',(1.,0.,0.));
#11525=DIRECTION('',(-3.03576608295942E-16,0.,1.));
#11526=DIRECTION('',(1.,0.,8.67361737988404E-17));
#11527=DIRECTION('',(0.,0.,1.));
#11528=DIRECTION('',(1.,0.,1.73472347597681E-16));
#11529=DIRECTION('',(0.,1.,0.));
#11530=DIRECTION('',(0.,0.,1.));
#11531=DIRECTION('',(1.,0.,0.));
#11532=DIRECTION('',(0.,0.,-1.));
#11533=DIRECTION('',(1.,0.,0.));
#11534=DIRECTION('',(0.,0.,-1.));
#11535=DIRECTION('',(1.,0.,8.67361737988404E-17));
#11536=DIRECTION('',(-3.03576608295942E-16,0.,1.));
#11537=DIRECTION('',(1.,0.,1.73472347597681E-16));
#11538=DIRECTION('',(0.,0.,1.));
#11539=DIRECTION('',(1.,8.08615800110384E-17,0.));
#11540=DIRECTION('',(-8.08615800110384E-17,1.,0.));
#11541=DIRECTION('',(8.08615800110384E-17,-1.,0.));
#11542=DIRECTION('',(8.08615800110384E-17,-1.,0.));
#11543=DIRECTION('',(0.,0.,-1.));
#11544=DIRECTION('',(0.,1.,0.));
#11545=DIRECTION('',(0.,0.,1.));
#11546=DIRECTION('',(1.,0.,0.));
#11547=DIRECTION('',(1.,0.,0.));
#11548=DIRECTION('',(0.,0.,-1.));
#11549=DIRECTION('',(1.,4.04307900055192E-17,0.));
#11550=DIRECTION('',(-4.04307900055192E-17,1.,0.));
#11551=DIRECTION('',(4.04307900055192E-17,-1.,0.));
#11552=DIRECTION('',(4.04307900055192E-17,-1.,0.));
#11553=DIRECTION('',(0.,0.,1.));
#11554=DIRECTION('',(1.,0.,0.));
#11555=DIRECTION('',(0.,0.,1.));
#11556=DIRECTION('',(1.,0.,0.));
#11557=DIRECTION('',(0.,-1.,0.));
#11558=DIRECTION('',(1.,0.,0.));
#11559=DIRECTION('',(0.,-1.,0.));
#11560=DIRECTION('',(1.,0.,0.));
#11561=DIRECTION('',(8.98820453873993E-17,-1.,0.));
#11562=DIRECTION('',(1.,0.,0.));
#11563=DIRECTION('',(4.49410226936996E-17,-1.,0.));
#11564=DIRECTION('',(1.,0.,0.));
#11565=DIRECTION('',(4.49410226936996E-17,-1.,0.));
#11566=DIRECTION('',(1.,0.,0.));
#11567=DIRECTION('',(0.,-1.,0.));
#11568=DIRECTION('',(1.,0.,0.));
#11569=DIRECTION('',(0.,-1.,0.));
#11570=DIRECTION('',(0.,0.,1.));
#11571=DIRECTION('',(1.,0.,0.));
#11572=DIRECTION('',(1.,0.,0.));
#11573=DIRECTION('',(0.,-1.,0.));
#11574=DIRECTION('',(1.,0.,0.));
#11575=DIRECTION('',(8.98820453873993E-17,-1.,0.));
#11576=DIRECTION('',(1.,0.,0.));
#11577=DIRECTION('',(8.98820453873993E-17,-1.,0.));
#11578=DIRECTION('',(1.,0.,0.));
#11579=DIRECTION('',(8.98820453873993E-17,-1.,0.));
#11580=DIRECTION('',(1.,0.,0.));
#11581=DIRECTION('',(0.,-1.,0.));
#11582=DIRECTION('',(1.,0.,0.));
#11583=DIRECTION('',(1.,0.,0.));
#11584=DIRECTION('',(0.,0.,1.));
#11585=DIRECTION('',(1.,0.,0.));
#11586=DIRECTION('',(0.,-1.,0.));
#11587=DIRECTION('',(1.,0.,0.));
#11588=DIRECTION('',(1.79764090774798E-16,-1.,0.));
#11589=DIRECTION('',(0.,-1.,0.));
#11590=DIRECTION('',(1.,0.,0.));
#11591=DIRECTION('',(4.49410226936996E-17,-1.,0.));
#11592=DIRECTION('',(1.,0.,0.));
#11593=DIRECTION('',(4.49410226936996E-17,-1.,0.));
#11594=DIRECTION('',(1.,0.,0.));
#11595=DIRECTION('',(0.,-1.,0.));
#11596=DIRECTION('',(1.,0.,0.));
#11597=DIRECTION('',(0.,0.,-1.));
#11598=DIRECTION('',(-1.,0.,0.));
#11599=DIRECTION('',(0.,0.,-1.));
#11600=DIRECTION('',(-1.,0.,0.));
#11601=DIRECTION('',(0.,0.,-1.));
#11602=DIRECTION('',(-1.,0.,0.));
#11603=DIRECTION('',(0.,0.,-1.));
#11604=DIRECTION('',(-1.,0.,0.));
#11605=DIRECTION('',(0.,0.,-1.));
#11606=DIRECTION('',(-1.,0.,0.));
#11607=DIRECTION('',(0.,0.,-1.));
#11608=DIRECTION('',(-1.,0.,0.));
#11609=DIRECTION('',(2.98392942137239E-14,-7.81464610639364E-14,-1.));
#11610=DIRECTION('',(-0.440224120357855,0.897887923883127,-8.35326399115805E-14));
#11611=DIRECTION('',(0.,0.,-1.));
#11612=DIRECTION('',(-1.,0.,0.));
#11613=DIRECTION('',(-0.427582709728925,0.903976231070746,0.));
#11614=DIRECTION('',(0.,0.,-1.));
#11615=DIRECTION('',(-1.,0.,0.));
#11616=DIRECTION('',(0.,0.,-1.));
#11617=DIRECTION('',(-1.,0.,0.));
#11618=DIRECTION('',(0.,0.,-1.));
#11619=DIRECTION('',(-1.,0.,0.));
#11620=DIRECTION('',(0.,0.,-1.));
#11621=DIRECTION('',(-1.,0.,0.));
#11622=DIRECTION('',(0.,0.,-1.));
#11623=DIRECTION('',(-1.,0.,0.));
#11624=DIRECTION('',(0.,0.,-1.));
#11625=DIRECTION('',(-1.,0.,0.));
#11626=DIRECTION('',(0.,0.,-1.));
#11627=DIRECTION('',(-1.,0.,0.));
#11628=DIRECTION('',(0.,0.,-1.));
#11629=DIRECTION('',(-1.,0.,0.));
#11630=DIRECTION('',(0.,0.,-1.));
#11631=DIRECTION('',(-1.,0.,0.));
#11632=DIRECTION('',(0.,0.,-1.));
#11633=DIRECTION('',(-1.,0.,0.));
#11634=DIRECTION('',(0.,0.,-1.));
#11635=DIRECTION('',(-1.,0.,0.));
#11636=DIRECTION('',(0.,0.,-1.));
#11637=DIRECTION('',(-1.,0.,0.));
#11638=DIRECTION('',(0.,0.,-1.));
#11639=DIRECTION('',(-1.,0.,0.));
#11640=DIRECTION('',(-0.753885460515888,-0.657005869397487,-7.81720778207574E-32));
#11641=DIRECTION('',(0.,1.,0.));
#11642=DIRECTION('',(-1.,0.,0.));
#11643=DIRECTION('',(0.,-1.,0.));
#11644=DIRECTION('',(1.,0.,0.));
#11645=DIRECTION('',(0.,0.,-1.));
#11646=DIRECTION('',(-1.,0.,0.));
#11647=DIRECTION('',(0.,0.,-1.));
#11648=DIRECTION('',(-1.,0.,0.));
#11649=DIRECTION('',(0.,0.,-1.));
#11650=DIRECTION('',(-1.,0.,0.));
#11651=DIRECTION('',(0.,0.,-1.));
#11652=DIRECTION('',(-1.,0.,0.));
#11653=DIRECTION('',(0.,0.,-1.));
#11654=DIRECTION('',(-1.,0.,0.));
#11655=DIRECTION('',(0.,0.,-1.));
#11656=DIRECTION('',(-1.,0.,0.));
#11657=DIRECTION('',(0.,0.,-1.));
#11658=DIRECTION('',(-1.,0.,0.));
#11659=DIRECTION('',(0.,0.,-1.));
#11660=DIRECTION('',(-1.,0.,0.));
#11661=DIRECTION('',(0.,0.,-1.));
#11662=DIRECTION('',(-1.,0.,0.));
#11663=DIRECTION('',(0.,0.,-1.));
#11664=DIRECTION('',(-1.,0.,0.));
#11665=DIRECTION('',(0.,0.,-1.));
#11666=DIRECTION('',(-1.,0.,0.));
#11667=DIRECTION('',(0.,0.,-1.));
#11668=DIRECTION('',(-1.,0.,0.));
#11669=DIRECTION('',(0.,0.,-1.));
#11670=DIRECTION('',(-1.,0.,0.));
#11671=DIRECTION('',(0.,0.,-1.));
#11672=DIRECTION('',(-1.,0.,0.));
#11673=DIRECTION('',(0.,0.,-1.));
#11674=DIRECTION('',(-1.,0.,0.));
#11675=DIRECTION('',(-0.41750017155071,-0.908676843963313,0.));
#11676=DIRECTION('',(0.,0.,-1.));
#11677=DIRECTION('',(-1.,0.,0.));
#11678=DIRECTION('',(0.,0.,-1.));
#11679=DIRECTION('',(-1.,0.,0.));
#11680=DIRECTION('',(0.,0.,-1.));
#11681=DIRECTION('',(-1.,0.,0.));
#11682=DIRECTION('',(0.,0.,-1.));
#11683=DIRECTION('',(-1.,0.,0.));
#11684=DIRECTION('',(0.,0.,-1.));
#11685=DIRECTION('',(-1.,0.,0.));
#11686=DIRECTION('',(0.,0.,-1.));
#11687=DIRECTION('',(-1.,0.,0.));
#11688=DIRECTION('',(0.,0.,-1.));
#11689=DIRECTION('',(-1.,0.,0.));
#11690=DIRECTION('',(0.,0.,-1.));
#11691=DIRECTION('',(-1.,0.,0.));
#11692=DIRECTION('',(0.,0.,-1.));
#11693=DIRECTION('',(-1.,0.,0.));
#11694=DIRECTION('',(0.,0.,-1.));
#11695=DIRECTION('',(-1.,0.,0.));
#11696=DIRECTION('',(0.,0.,-1.));
#11697=DIRECTION('',(-1.,0.,0.));
#11698=DIRECTION('',(0.,0.,-1.));
#11699=DIRECTION('',(-1.,0.,0.));
#11700=DIRECTION('',(0.,0.,-1.));
#11701=DIRECTION('',(-1.,0.,0.));
#11702=DIRECTION('',(0.,0.,-1.));
#11703=DIRECTION('',(-1.,0.,0.));
#11704=DIRECTION('',(0.,0.,-1.));
#11705=DIRECTION('',(-1.,0.,0.));
#11706=DIRECTION('',(0.,1.,0.));
#11707=DIRECTION('',(-1.,0.,0.));
#11708=DIRECTION('',(0.,-1.,0.));
#11709=DIRECTION('',(-1.,0.,0.));
#11710=DIRECTION('',(0.,-1.,0.));
#11711=DIRECTION('',(1.,0.,0.));
#11712=DIRECTION('',(0.,-1.,0.));
#11713=DIRECTION('',(1.,0.,0.));
#11714=DIRECTION('',(0.56150830803558,0.82747109919744,0.));
#11715=DIRECTION('',(0.,1.,0.));
#11716=DIRECTION('',(-1.,0.,0.));
#11717=DIRECTION('',(0.,0.,-1.));
#11718=DIRECTION('',(-1.,0.,0.));
#11719=DIRECTION('',(0.,0.,-1.));
#11720=DIRECTION('',(-1.,0.,0.));
#11721=DIRECTION('',(0.,0.,-1.));
#11722=DIRECTION('',(-1.,0.,0.));
#11723=DIRECTION('',(0.,0.,-1.));
#11724=DIRECTION('',(-1.,0.,0.));
#11725=DIRECTION('',(0.,0.,-1.));
#11726=DIRECTION('',(-1.,0.,0.));
#11727=DIRECTION('',(0.,0.,-1.));
#11728=DIRECTION('',(-1.,0.,0.));
#11729=DIRECTION('',(0.,0.,-1.));
#11730=DIRECTION('',(-1.,0.,0.));
#11731=DIRECTION('',(0.,0.,-1.));
#11732=DIRECTION('',(-1.,0.,0.));
#11733=DIRECTION('',(0.,0.,-1.));
#11734=DIRECTION('',(-1.,0.,0.));
#11735=DIRECTION('',(0.548700023492197,-0.836019308520839,0.));
#11736=DIRECTION('',(0.,0.,-1.));
#11737=DIRECTION('',(-1.,0.,0.));
#11738=DIRECTION('',(0.,0.,-1.));
#11739=DIRECTION('',(-1.,0.,0.));
#11740=DIRECTION('',(0.,0.,-1.));
#11741=DIRECTION('',(-1.,0.,0.));
#11742=DIRECTION('',(0.,0.,-1.));
#11743=DIRECTION('',(-1.,0.,0.));
#11744=DIRECTION('',(0.,0.,-1.));
#11745=DIRECTION('',(-1.,0.,0.));
#11746=DIRECTION('',(0.,0.,-1.));
#11747=DIRECTION('',(-1.,0.,0.));
#11748=DIRECTION('',(0.,0.,-1.));
#11749=DIRECTION('',(-1.,0.,0.));
#11750=DIRECTION('',(0.,0.,-1.));
#11751=DIRECTION('',(-1.,0.,0.));
#11752=DIRECTION('',(-1.,0.,0.));
#11753=DIRECTION('',(0.,0.,-1.));
#11754=DIRECTION('',(-1.,0.,0.));
#11755=DIRECTION('',(0.,0.,-1.));
#11756=DIRECTION('',(-1.,0.,0.));
#11757=DIRECTION('',(0.,0.,-1.));
#11758=DIRECTION('',(-1.,0.,0.));
#11759=DIRECTION('',(0.,0.,-1.));
#11760=DIRECTION('',(-1.,0.,0.));
#11761=DIRECTION('',(0.,0.,-1.));
#11762=DIRECTION('',(-1.,0.,0.));
#11763=DIRECTION('',(0.,0.,-1.));
#11764=DIRECTION('',(-1.,0.,0.));
#11765=DIRECTION('',(0.,0.,-1.));
#11766=DIRECTION('',(-1.,0.,0.));
#11767=DIRECTION('',(0.,0.,-1.));
#11768=DIRECTION('',(-1.,0.,0.));
#11769=DIRECTION('',(0.,0.,-1.));
#11770=DIRECTION('',(-1.,0.,0.));
#11771=DIRECTION('',(0.,0.,-1.));
#11772=DIRECTION('',(-1.,0.,0.));
#11773=DIRECTION('',(1.,0.,0.));
#11774=DIRECTION('',(0.,1.,0.));
#11775=DIRECTION('',(-1.,0.,0.));
#11776=DIRECTION('',(0.,0.,-1.));
#11777=DIRECTION('',(-1.,0.,0.));
#11778=DIRECTION('',(0.,0.,-1.));
#11779=DIRECTION('',(-1.,0.,0.));
#11780=DIRECTION('',(0.,0.,-1.));
#11781=DIRECTION('',(-1.,0.,0.));
#11782=DIRECTION('',(0.,0.,-1.));
#11783=DIRECTION('',(-1.,0.,0.));
#11784=DIRECTION('',(0.,0.,-1.));
#11785=DIRECTION('',(-1.,0.,0.));
#11786=DIRECTION('',(0.,0.,-1.));
#11787=DIRECTION('',(-1.,0.,0.));
#11788=DIRECTION('',(0.,0.,-1.));
#11789=DIRECTION('',(-1.,0.,0.));
#11790=DIRECTION('',(0.,0.,-1.));
#11791=DIRECTION('',(-1.,0.,0.));
#11792=DIRECTION('',(1.,0.,0.));
#11793=DIRECTION('',(0.,1.,0.));
#11794=DIRECTION('',(0.494427968822684,-0.869218605211529,0.));
#11795=DIRECTION('',(1.,0.,0.));
#11796=DIRECTION('',(0.,1.,0.));
#11797=DIRECTION('',(-1.,0.,0.));
#11798=DIRECTION('',(0.,-1.,0.));
#11799=DIRECTION('',(-0.494427968822684,0.869218605211529,0.));
#11800=DIRECTION('',(-1.,0.,0.));
#11801=DIRECTION('',(0.,-1.,0.));
#11802=DIRECTION('',(0.,0.,-1.));
#11803=DIRECTION('',(-1.,0.,0.));
#11804=DIRECTION('',(0.,0.,-1.));
#11805=DIRECTION('',(-1.,0.,0.));
#11806=DIRECTION('',(0.,0.,-1.));
#11807=DIRECTION('',(-1.,0.,0.));
#11808=DIRECTION('',(0.,0.,-1.));
#11809=DIRECTION('',(-1.,0.,0.));
#11810=DIRECTION('',(0.,0.,-1.));
#11811=DIRECTION('',(-1.,0.,0.));
#11812=DIRECTION('',(0.,0.,-1.));
#11813=DIRECTION('',(-1.,0.,0.));
#11814=DIRECTION('',(0.,0.,-1.));
#11815=DIRECTION('',(-1.,0.,0.));
#11816=DIRECTION('',(0.,0.,-1.));
#11817=DIRECTION('',(-1.,0.,0.));
#11818=DIRECTION('',(0.,0.,-1.));
#11819=DIRECTION('',(-1.,0.,0.));
#11820=DIRECTION('',(0.,0.,-1.));
#11821=DIRECTION('',(-1.,0.,0.));
#11822=DIRECTION('',(0.,0.,-1.));
#11823=DIRECTION('',(-1.,0.,0.));
#11824=DIRECTION('',(0.,0.,-1.));
#11825=DIRECTION('',(-1.,0.,0.));
#11826=DIRECTION('',(0.,0.,-1.));
#11827=DIRECTION('',(-1.,0.,0.));
#11828=DIRECTION('',(0.,0.,-1.));
#11829=DIRECTION('',(-1.,0.,0.));
#11830=DIRECTION('',(-0.458951123919639,-0.888461516247553,2.6619906353583E-34));
#11831=DIRECTION('',(0.,0.,-1.));
#11832=DIRECTION('',(-1.,0.,0.));
#11833=DIRECTION('',(0.,0.,-1.));
#11834=DIRECTION('',(-1.,0.,0.));
#11835=DIRECTION('',(0.,0.,-1.));
#11836=DIRECTION('',(-1.,0.,0.));
#11837=DIRECTION('',(0.,0.,-1.));
#11838=DIRECTION('',(-1.,0.,0.));
#11839=DIRECTION('',(0.,0.,-1.));
#11840=DIRECTION('',(-1.,0.,0.));
#11841=DIRECTION('',(0.,0.,-1.));
#11842=DIRECTION('',(-1.,0.,0.));
#11843=DIRECTION('',(0.,0.,-1.));
#11844=DIRECTION('',(-1.,0.,0.));
#11845=DIRECTION('',(0.,0.,-1.));
#11846=DIRECTION('',(-1.,0.,0.));
#11847=DIRECTION('',(0.,0.,-1.));
#11848=DIRECTION('',(-1.,0.,0.));
#11849=DIRECTION('',(0.,0.,-1.));
#11850=DIRECTION('',(-1.,0.,0.));
#11851=DIRECTION('',(0.,0.,-1.));
#11852=DIRECTION('',(-1.,0.,0.));
#11853=DIRECTION('',(0.,0.,-1.));
#11854=DIRECTION('',(-1.,0.,0.));
#11855=DIRECTION('',(0.,0.,-1.));
#11856=DIRECTION('',(-1.,0.,0.));
#11857=DIRECTION('',(0.,0.,-1.));
#11858=DIRECTION('',(-1.,0.,0.));
#11859=DIRECTION('',(0.238285782045851,0.971195081368721,0.));
#11860=DIRECTION('',(0.,0.,-1.));
#11861=DIRECTION('',(-1.,0.,0.));
#11862=DIRECTION('',(0.,0.,-1.));
#11863=DIRECTION('',(-1.,0.,0.));
#11864=DIRECTION('',(0.,0.,-1.));
#11865=DIRECTION('',(-1.,0.,0.));
#11866=DIRECTION('',(0.,0.,-1.));
#11867=DIRECTION('',(-1.,0.,0.));
#11868=DIRECTION('',(0.,0.,-1.));
#11869=DIRECTION('',(-1.,0.,0.));
#11870=DIRECTION('',(0.,0.,-1.));
#11871=DIRECTION('',(-1.,0.,0.));
#11872=DIRECTION('',(0.,0.,-1.));
#11873=DIRECTION('',(-1.,0.,0.));
#11874=DIRECTION('',(0.,0.,-1.));
#11875=DIRECTION('',(-1.,0.,0.));
#11876=DIRECTION('',(0.,0.,-1.));
#11877=DIRECTION('',(-1.,0.,0.));
#11878=DIRECTION('',(0.,0.,-1.));
#11879=DIRECTION('',(-1.,0.,0.));
#11880=DIRECTION('',(0.,0.,-1.));
#11881=DIRECTION('',(-1.,0.,0.));
#11882=DIRECTION('',(0.,0.,-1.));
#11883=DIRECTION('',(-1.,0.,0.));
#11884=DIRECTION('',(0.,0.,-1.));
#11885=DIRECTION('',(-1.,0.,0.));
#11886=DIRECTION('',(0.,0.,-1.));
#11887=DIRECTION('',(-1.,0.,0.));
#11888=DIRECTION('',(0.,0.,-1.));
#11889=DIRECTION('',(-1.,0.,0.));
#11890=DIRECTION('',(1.,0.,0.));
#11891=DIRECTION('',(0.,1.,0.));
#11892=DIRECTION('',(-1.,0.,0.));
#11893=DIRECTION('',(0.,1.,0.));
#11894=DIRECTION('',(-1.,0.,0.));
#11895=DIRECTION('',(0.,-1.,0.));
#11896=DIRECTION('',(-1.,0.,0.));
#11897=DIRECTION('',(0.,-1.,0.));
#11898=DIRECTION('',(1.,0.,0.));
#11899=DIRECTION('',(0.,1.,0.));
#11900=DIRECTION('',(-1.,0.,0.));
#11901=DIRECTION('',(0.,1.,0.));
#11902=DIRECTION('',(-1.,0.,0.));
#11903=DIRECTION('',(0.,-1.,0.));
#11904=DIRECTION('',(-1.,0.,0.));
#11905=DIRECTION('',(0.,-1.,0.));
#11906=DIRECTION('',(1.,0.,0.));
#11907=DIRECTION('',(0.,1.,0.));
#11908=DIRECTION('',(0.,0.,-1.));
#11909=DIRECTION('',(-1.,0.,0.));
#11910=DIRECTION('',(0.,0.,-1.));
#11911=DIRECTION('',(-1.,0.,0.));
#11912=DIRECTION('',(0.,-1.,0.));
#11913=DIRECTION('',(1.,0.,0.));
#11914=DIRECTION('',(0.,1.,0.));
#11915=DIRECTION('',(0.,0.,-1.));
#11916=DIRECTION('',(-1.,0.,0.));
#11917=DIRECTION('',(0.,0.,-1.));
#11918=DIRECTION('',(-1.,0.,0.));
#11919=DIRECTION('',(0.,-1.,0.));
#11920=DIRECTION('',(0.,0.,-1.));
#11921=DIRECTION('',(-1.,0.,0.));
#11922=DIRECTION('',(0.,0.,-1.));
#11923=DIRECTION('',(-1.,0.,0.));
#11924=DIRECTION('',(0.,0.,-1.));
#11925=DIRECTION('',(-1.,0.,0.));
#11926=DIRECTION('',(0.,0.,-1.));
#11927=DIRECTION('',(-1.,0.,0.));
#11928=DIRECTION('',(0.,0.,-1.));
#11929=DIRECTION('',(-1.,0.,0.));
#11930=DIRECTION('',(0.,0.,-1.));
#11931=DIRECTION('',(-1.,0.,0.));
#11932=DIRECTION('',(0.,0.,-1.));
#11933=DIRECTION('',(-1.,0.,0.));
#11934=DIRECTION('',(0.,0.,-1.));
#11935=DIRECTION('',(-1.,0.,0.));
#11936=DIRECTION('',(0.,0.,-1.));
#11937=DIRECTION('',(-1.,0.,0.));
#11938=DIRECTION('',(0.,0.,-1.));
#11939=DIRECTION('',(-1.,0.,0.));
#11940=DIRECTION('',(0.,0.,-1.));
#11941=DIRECTION('',(-1.,0.,0.));
#11942=DIRECTION('',(0.,0.,-1.));
#11943=DIRECTION('',(-1.,0.,0.));
#11944=DIRECTION('',(0.,0.,-1.));
#11945=DIRECTION('',(-1.,0.,0.));
#11946=DIRECTION('',(0.,0.,-1.));
#11947=DIRECTION('',(-1.,0.,0.));
#11948=DIRECTION('',(0.,0.,-1.));
#11949=DIRECTION('',(-1.,0.,0.));
#11950=DIRECTION('',(0.,0.,-1.));
#11951=DIRECTION('',(-1.,0.,0.));
#11952=DIRECTION('',(0.,-1.,0.));
#11953=DIRECTION('',(-1.,0.,0.));
#11954=DIRECTION('',(0.,-1.,0.));
#11955=DIRECTION('',(1.,0.,0.));
#11956=DIRECTION('',(0.,-1.,0.));
#11957=DIRECTION('',(1.,0.,0.));
#11958=DIRECTION('',(0.,1.,0.));
#11959=DIRECTION('',(1.,0.,0.));
#11960=DIRECTION('',(0.,1.,0.));
#11961=DIRECTION('',(-1.,0.,0.));
#11962=DIRECTION('',(0.,1.,0.));
#11963=DIRECTION('',(0.,0.,-1.));
#11964=DIRECTION('',(-1.,0.,0.));
#11965=DIRECTION('',(0.,0.,-1.));
#11966=DIRECTION('',(-1.,0.,0.));
#11967=DIRECTION('',(0.,0.,-1.));
#11968=DIRECTION('',(-1.,0.,0.));
#11969=DIRECTION('',(0.,0.,-1.));
#11970=DIRECTION('',(-1.,0.,0.));
#11971=DIRECTION('',(-8.08222036276391E-15,-2.57284014881077E-13,-1.));
#11972=DIRECTION('',(-0.000516456944997651,-0.999999866636103,2.57380495660926E-13));
#11973=DIRECTION('',(-5.15352974650953E-15,3.24082918018331E-13,-1.));
#11974=DIRECTION('',(0.0315799380673921,-0.999501229369759,-3.24120242640509E-13));
#11975=DIRECTION('',(0.,0.,-1.));
#11976=DIRECTION('',(-1.,0.,0.));
#11977=DIRECTION('',(2.57412335345186E-14,-2.2083268769112E-13,-1.));
#11978=DIRECTION('',(0.157043288665385,-0.987591720036757,2.21873207004679E-13));
#11979=DIRECTION('',(0.,-1.,0.));
#11980=DIRECTION('',(0.,0.,-1.));
#11981=DIRECTION('',(-1.,0.,0.));
#11982=DIRECTION('',(0.,0.,-1.));
#11983=DIRECTION('',(-1.,0.,0.));
#11984=DIRECTION('',(0.,0.,-1.));
#11985=DIRECTION('',(-1.,0.,0.));
#11986=DIRECTION('',(0.,-1.,0.));
#11987=DIRECTION('',(0.,0.,-1.));
#11988=DIRECTION('',(-1.,0.,0.));
#11989=DIRECTION('',(-4.27548568029918E-14,-4.72743745556443E-15,-1.));
#11990=DIRECTION('',(0.983439656719956,0.18123587280264,-4.31723788857688E-14));
#11991=DIRECTION('',(0.,0.,-1.));
#11992=DIRECTION('',(-1.,0.,0.));
#11993=DIRECTION('',(0.,0.,-1.));
#11994=DIRECTION('',(-1.,0.,0.));
#11995=DIRECTION('',(0.,0.,-1.));
#11996=DIRECTION('',(-1.,0.,0.));
#11997=DIRECTION('',(0.,0.,-1.));
#11998=DIRECTION('',(-1.,0.,0.));
#11999=DIRECTION('',(1.29204394760018E-14,-3.98636157717948E-14,-1.));
#12000=DIRECTION('',(-0.381709138504582,0.924282496632977,-4.15678063768656E-14));
#12001=DIRECTION('',(0.,0.,-1.));
#12002=DIRECTION('',(-1.,0.,0.));
#12003=DIRECTION('',(0.,0.,-1.));
#12004=DIRECTION('',(-1.,0.,0.));
#12005=DIRECTION('',(0.221857865983403,-0.975079015927063,0.));
#12006=DIRECTION('',(1.,0.,0.));
#12007=DIRECTION('',(0.,1.,0.));
#12008=DIRECTION('',(-1.,0.,0.));
#12009=DIRECTION('',(0.,-1.,0.));
#12010=DIRECTION('',(0.,0.,-1.));
#12011=DIRECTION('',(-1.,0.,0.));
#12012=DIRECTION('',(0.,0.,-1.));
#12013=DIRECTION('',(-1.,0.,0.));
#12014=DIRECTION('',(0.,0.,-1.));
#12015=DIRECTION('',(-1.,0.,0.));
#12016=DIRECTION('',(0.,0.,-1.));
#12017=DIRECTION('',(-1.,0.,0.));
#12018=DIRECTION('',(0.,0.,-1.));
#12019=DIRECTION('',(-1.,0.,0.));
#12020=DIRECTION('',(0.,0.,-1.));
#12021=DIRECTION('',(-1.,0.,0.));
#12022=DIRECTION('',(0.,0.,-1.));
#12023=DIRECTION('',(-1.,0.,0.));
#12024=DIRECTION('',(0.,1.,0.));
#12025=DIRECTION('',(-1.,0.,0.));
#12026=DIRECTION('',(0.,0.,-1.));
#12027=DIRECTION('',(-1.,0.,0.));
#12028=DIRECTION('',(0.,0.,-1.));
#12029=DIRECTION('',(-1.,0.,0.));
#12030=DIRECTION('',(0.,0.,-1.));
#12031=DIRECTION('',(-1.,0.,0.));
#12032=DIRECTION('',(0.,0.,-1.));
#12033=DIRECTION('',(-1.,0.,0.));
#12034=DIRECTION('',(0.,0.,-1.));
#12035=DIRECTION('',(-1.,0.,0.));
#12036=DIRECTION('',(0.,-1.,0.));
#12037=DIRECTION('',(1.,0.,0.));
#12038=DIRECTION('',(0.,1.,0.));
#12039=DIRECTION('',(-1.,0.,0.));
#12040=DIRECTION('',(0.,0.,-1.));
#12041=DIRECTION('',(-1.,0.,0.));
#12042=DIRECTION('',(0.,0.,-1.));
#12043=DIRECTION('',(-1.,0.,0.));
#12044=DIRECTION('',(0.,0.,-1.));
#12045=DIRECTION('',(-1.,0.,0.));
#12046=DIRECTION('',(0.,0.,-1.));
#12047=DIRECTION('',(-1.,0.,0.));
#12048=DIRECTION('',(0.,0.,-1.));
#12049=DIRECTION('',(-1.,0.,0.));
#12050=DIRECTION('',(0.,0.,-1.));
#12051=DIRECTION('',(-1.,0.,0.));
#12052=DIRECTION('',(0.,0.,-1.));
#12053=DIRECTION('',(-1.,0.,0.));
#12054=DIRECTION('',(0.,0.,-1.));
#12055=DIRECTION('',(-1.,0.,0.));
#12056=DIRECTION('',(0.,0.,-1.));
#12057=DIRECTION('',(-1.,0.,0.));
#12058=DIRECTION('',(0.,0.,-1.));
#12059=DIRECTION('',(-1.,0.,0.));
#12060=DIRECTION('',(0.,0.,-1.));
#12061=DIRECTION('',(-1.,0.,0.));
#12062=DIRECTION('',(0.,0.,-1.));
#12063=DIRECTION('',(-1.,0.,0.));
#12064=DIRECTION('',(0.,0.,-1.));
#12065=DIRECTION('',(-1.,0.,0.));
#12066=DIRECTION('',(0.,0.,-1.));
#12067=DIRECTION('',(-1.,0.,0.));
#12068=DIRECTION('',(0.,0.,-1.));
#12069=DIRECTION('',(-1.,0.,0.));
#12070=DIRECTION('',(2.98392942137244E-14,-7.81464610639361E-14,-1.));
#12071=DIRECTION('',(-0.440224120357836,0.897887923883137,-8.3532639911558E-14));
#12072=DIRECTION('',(0.,0.,-1.));
#12073=DIRECTION('',(-1.,0.,0.));
#12074=DIRECTION('',(-0.427582709728925,0.903976231070746,0.));
#12075=DIRECTION('',(0.,0.,-1.));
#12076=DIRECTION('',(-1.,0.,0.));
#12077=DIRECTION('',(0.,0.,-1.));
#12078=DIRECTION('',(-1.,0.,0.));
#12079=DIRECTION('',(0.,0.,-1.));
#12080=DIRECTION('',(-1.,0.,0.));
#12081=DIRECTION('',(0.,0.,-1.));
#12082=DIRECTION('',(-1.,0.,0.));
#12083=DIRECTION('',(0.,0.,-1.));
#12084=DIRECTION('',(-1.,0.,0.));
#12085=DIRECTION('',(0.,0.,-1.));
#12086=DIRECTION('',(-1.,0.,0.));
#12087=DIRECTION('',(0.,0.,-1.));
#12088=DIRECTION('',(-1.,0.,0.));
#12089=DIRECTION('',(0.,0.,-1.));
#12090=DIRECTION('',(-1.,0.,0.));
#12091=DIRECTION('',(0.,0.,-1.));
#12092=DIRECTION('',(-1.,0.,0.));
#12093=DIRECTION('',(0.,0.,-1.));
#12094=DIRECTION('',(-1.,0.,0.));
#12095=DIRECTION('',(0.,0.,-1.));
#12096=DIRECTION('',(-1.,0.,0.));
#12097=DIRECTION('',(0.,0.,-1.));
#12098=DIRECTION('',(-1.,0.,0.));
#12099=DIRECTION('',(0.,0.,-1.));
#12100=DIRECTION('',(-1.,0.,0.));
#12101=DIRECTION('',(-0.753885460515883,-0.657005869397493,-3.70318882806935E-32));
#12102=DIRECTION('',(0.,1.,0.));
#12103=DIRECTION('',(-1.,0.,0.));
#12104=DIRECTION('',(0.,-1.,0.));
#12105=DIRECTION('',(1.,0.,0.));
#12106=DIRECTION('',(0.,0.,-1.));
#12107=DIRECTION('',(-1.,0.,0.));
#12108=DIRECTION('',(0.,0.,-1.));
#12109=DIRECTION('',(-1.,0.,0.));
#12110=DIRECTION('',(0.,0.,-1.));
#12111=DIRECTION('',(-1.,0.,0.));
#12112=DIRECTION('',(0.,0.,-1.));
#12113=DIRECTION('',(-1.,0.,0.));
#12114=DIRECTION('',(0.,0.,-1.));
#12115=DIRECTION('',(-1.,0.,0.));
#12116=DIRECTION('',(0.,0.,-1.));
#12117=DIRECTION('',(-1.,0.,0.));
#12118=DIRECTION('',(0.,0.,-1.));
#12119=DIRECTION('',(-1.,0.,0.));
#12120=DIRECTION('',(0.,0.,-1.));
#12121=DIRECTION('',(-1.,0.,0.));
#12122=DIRECTION('',(0.,0.,-1.));
#12123=DIRECTION('',(-1.,0.,0.));
#12124=DIRECTION('',(0.,0.,-1.));
#12125=DIRECTION('',(-1.,0.,0.));
#12126=DIRECTION('',(0.,0.,-1.));
#12127=DIRECTION('',(-1.,0.,0.));
#12128=DIRECTION('',(0.,0.,-1.));
#12129=DIRECTION('',(-1.,0.,0.));
#12130=DIRECTION('',(2.98392942137246E-14,-7.81464610639361E-14,-1.));
#12131=DIRECTION('',(-0.440224120357847,0.897887923883132,-8.35326399115653E-14));
#12132=DIRECTION('',(0.,0.,-1.));
#12133=DIRECTION('',(-1.,0.,0.));
#12134=DIRECTION('',(-0.427582709728924,0.903976231070746,0.));
#12135=DIRECTION('',(0.,0.,-1.));
#12136=DIRECTION('',(-1.,0.,0.));
#12137=DIRECTION('',(0.,0.,-1.));
#12138=DIRECTION('',(-1.,0.,0.));
#12139=DIRECTION('',(0.,0.,-1.));
#12140=DIRECTION('',(-1.,0.,0.));
#12141=DIRECTION('',(0.,0.,-1.));
#12142=DIRECTION('',(-1.,0.,0.));
#12143=DIRECTION('',(0.,0.,-1.));
#12144=DIRECTION('',(-1.,0.,0.));
#12145=DIRECTION('',(0.,0.,-1.));
#12146=DIRECTION('',(-1.,0.,0.));
#12147=DIRECTION('',(0.,0.,-1.));
#12148=DIRECTION('',(-1.,0.,0.));
#12149=DIRECTION('',(0.,0.,-1.));
#12150=DIRECTION('',(-1.,0.,0.));
#12151=DIRECTION('',(0.,0.,-1.));
#12152=DIRECTION('',(-1.,0.,0.));
#12153=DIRECTION('',(0.,0.,-1.));
#12154=DIRECTION('',(-1.,0.,0.));
#12155=DIRECTION('',(0.,0.,-1.));
#12156=DIRECTION('',(-1.,0.,0.));
#12157=DIRECTION('',(0.,0.,-1.));
#12158=DIRECTION('',(-1.,0.,0.));
#12159=DIRECTION('',(0.,0.,-1.));
#12160=DIRECTION('',(-1.,0.,0.));
#12161=DIRECTION('',(-0.753885460515879,-0.657005869397497,-5.7601982978979E-32));
#12162=DIRECTION('',(0.,1.,0.));
#12163=DIRECTION('',(-1.,0.,0.));
#12164=DIRECTION('',(0.,-1.,0.));
#12165=DIRECTION('',(1.,0.,0.));
#12166=DIRECTION('',(0.,0.,-1.));
#12167=DIRECTION('',(-1.,0.,0.));
#12168=DIRECTION('',(0.,0.,-1.));
#12169=DIRECTION('',(-1.,0.,0.));
#12170=DIRECTION('',(0.,0.,-1.));
#12171=DIRECTION('',(-1.,0.,0.));
#12172=DIRECTION('',(0.,0.,-1.));
#12173=DIRECTION('',(-1.,0.,0.));
#12174=DIRECTION('',(0.,0.,-1.));
#12175=DIRECTION('',(-1.,0.,0.));
#12176=DIRECTION('',(0.,0.,-1.));
#12177=DIRECTION('',(-1.,0.,0.));
#12178=DIRECTION('',(1.,0.,0.));
#12179=DIRECTION('',(0.,1.,0.));
#12180=DIRECTION('',(-1.,0.,0.));
#12181=DIRECTION('',(0.,-1.,0.));
#12182=DIRECTION('',(0.,0.,-1.));
#12183=DIRECTION('',(-1.,0.,0.));
#12184=DIRECTION('',(0.,0.,-1.));
#12185=DIRECTION('',(-1.,0.,0.));
#12186=DIRECTION('',(0.,0.,-1.));
#12187=DIRECTION('',(-1.,0.,0.));
#12188=DIRECTION('',(0.,0.,-1.));
#12189=DIRECTION('',(-1.,0.,0.));
#12190=DIRECTION('',(0.,0.,-1.));
#12191=DIRECTION('',(-1.,0.,0.));
#12192=DIRECTION('',(0.,0.,-1.));
#12193=DIRECTION('',(-1.,0.,0.));
#12194=DIRECTION('',(0.,0.,-1.));
#12195=DIRECTION('',(-1.,0.,0.));
#12196=DIRECTION('',(0.,0.,-1.));
#12197=DIRECTION('',(-1.,0.,0.));
#12198=DIRECTION('',(0.,0.,-1.));
#12199=DIRECTION('',(-1.,0.,0.));
#12200=DIRECTION('',(0.,0.,-1.));
#12201=DIRECTION('',(-1.,0.,0.));
#12202=DIRECTION('',(0.,0.,-1.));
#12203=DIRECTION('',(-1.,0.,0.));
#12204=DIRECTION('',(0.,0.,-1.));
#12205=DIRECTION('',(-1.,0.,0.));
#12206=DIRECTION('',(0.,0.,-1.));
#12207=DIRECTION('',(-1.,0.,0.));
#12208=DIRECTION('',(0.,0.,-1.));
#12209=DIRECTION('',(-1.,0.,0.));
#12210=DIRECTION('',(0.,0.,-1.));
#12211=DIRECTION('',(-1.,0.,0.));
#12212=DIRECTION('',(0.,0.,-1.));
#12213=DIRECTION('',(-1.,0.,0.));
#12214=DIRECTION('',(1.,0.,0.));
#12215=DIRECTION('',(0.,1.,0.));
#12216=DIRECTION('',(-1.,0.,0.));
#12217=DIRECTION('',(0.,-1.,0.));
#12218=DIRECTION('',(0.,0.,-1.));
#12219=DIRECTION('',(-1.,0.,0.));
#12220=DIRECTION('',(0.,0.,-1.));
#12221=DIRECTION('',(-1.,0.,0.));
#12222=DIRECTION('',(0.,0.,-1.));
#12223=DIRECTION('',(-1.,0.,0.));
#12224=DIRECTION('',(0.,0.,-1.));
#12225=DIRECTION('',(-1.,0.,0.));
#12226=DIRECTION('',(0.,0.,-1.));
#12227=DIRECTION('',(-1.,0.,0.));
#12228=DIRECTION('',(0.,0.,-1.));
#12229=DIRECTION('',(-1.,0.,0.));
#12230=DIRECTION('',(0.,0.,-1.));
#12231=DIRECTION('',(-1.,0.,0.));
#12232=DIRECTION('',(0.,0.,-1.));
#12233=DIRECTION('',(-1.,0.,0.));
#12234=DIRECTION('',(0.,0.,-1.));
#12235=DIRECTION('',(-1.,0.,0.));
#12236=DIRECTION('',(0.,0.,-1.));
#12237=DIRECTION('',(-1.,0.,0.));
#12238=DIRECTION('',(0.,0.,-1.));
#12239=DIRECTION('',(-1.,0.,0.));
#12240=DIRECTION('',(0.,0.,-1.));
#12241=DIRECTION('',(-1.,0.,0.));
#12242=DIRECTION('',(0.,0.,-1.));
#12243=DIRECTION('',(-1.,0.,0.));
#12244=DIRECTION('',(0.,0.,-1.));
#12245=DIRECTION('',(-1.,0.,0.));
#12246=DIRECTION('',(0.,0.,-1.));
#12247=DIRECTION('',(-1.,0.,0.));
#12248=DIRECTION('',(0.,0.,-1.));
#12249=DIRECTION('',(-1.,0.,0.));
#12250=DIRECTION('',(0.,0.,-1.));
#12251=DIRECTION('',(-1.,0.,0.));
#12252=DIRECTION('',(0.,0.,-1.));
#12253=DIRECTION('',(-1.,0.,0.));
#12254=DIRECTION('',(0.,0.,-1.));
#12255=DIRECTION('',(-1.,0.,0.));
#12256=DIRECTION('',(0.,0.,-1.));
#12257=DIRECTION('',(-1.,0.,0.));
#12258=DIRECTION('',(0.,0.,-1.));
#12259=DIRECTION('',(-1.,0.,0.));
#12260=DIRECTION('',(0.,0.,-1.));
#12261=DIRECTION('',(-1.,0.,0.));
#12262=DIRECTION('',(2.98392942137219E-14,-7.81464610639371E-14,-1.));
#12263=DIRECTION('',(-0.440224120357812,0.897887923883148,-8.35326399115545E-14));
#12264=DIRECTION('',(0.,0.,-1.));
#12265=DIRECTION('',(-1.,0.,0.));
#12266=DIRECTION('',(-0.427582709728925,0.903976231070746,0.));
#12267=DIRECTION('',(0.,0.,-1.));
#12268=DIRECTION('',(-1.,0.,0.));
#12269=DIRECTION('',(0.,0.,-1.));
#12270=DIRECTION('',(-1.,0.,0.));
#12271=DIRECTION('',(0.,0.,-1.));
#12272=DIRECTION('',(-1.,0.,0.));
#12273=DIRECTION('',(0.,0.,-1.));
#12274=DIRECTION('',(-1.,0.,0.));
#12275=DIRECTION('',(0.,0.,-1.));
#12276=DIRECTION('',(-1.,0.,0.));
#12277=DIRECTION('',(0.,0.,-1.));
#12278=DIRECTION('',(-1.,0.,0.));
#12279=DIRECTION('',(0.,0.,-1.));
#12280=DIRECTION('',(-1.,0.,0.));
#12281=DIRECTION('',(0.,0.,-1.));
#12282=DIRECTION('',(-1.,0.,0.));
#12283=DIRECTION('',(0.,0.,-1.));
#12284=DIRECTION('',(-1.,0.,0.));
#12285=DIRECTION('',(0.,0.,-1.));
#12286=DIRECTION('',(-1.,0.,0.));
#12287=DIRECTION('',(0.,0.,-1.));
#12288=DIRECTION('',(-1.,0.,0.));
#12289=DIRECTION('',(0.,0.,-1.));
#12290=DIRECTION('',(-1.,0.,0.));
#12291=DIRECTION('',(0.,0.,-1.));
#12292=DIRECTION('',(-1.,0.,0.));
#12293=DIRECTION('',(-0.753885460515868,-0.65700586939751,-3.36035395402642E-32));
#12294=DIRECTION('',(0.,1.,0.));
#12295=DIRECTION('',(-1.,0.,0.));
#12296=DIRECTION('',(0.,-1.,0.));
#12297=DIRECTION('',(1.,0.,0.));
#12298=DIRECTION('',(0.,0.,-1.));
#12299=DIRECTION('',(-1.,0.,0.));
#12300=DIRECTION('',(0.,0.,-1.));
#12301=DIRECTION('',(-1.,0.,0.));
#12302=DIRECTION('',(0.,0.,-1.));
#12303=DIRECTION('',(-1.,0.,0.));
#12304=DIRECTION('',(0.,0.,-1.));
#12305=DIRECTION('',(-1.,0.,0.));
#12306=DIRECTION('',(0.,0.,-1.));
#12307=DIRECTION('',(-1.,0.,0.));
#12308=DIRECTION('',(0.,0.,-1.));
#12309=DIRECTION('',(-1.,0.,0.));
#12310=DIRECTION('',(1.,0.,0.));
#12311=DIRECTION('',(0.,0.,-1.));
#12312=DIRECTION('',(0.,0.,-1.));
#12313=DIRECTION('',(0.,-1.,0.));
#12314=DIRECTION('',(0.,0.,-1.));
#12315=DIRECTION('',(0.,1.,0.));
#12316=DIRECTION('',(0.,0.,1.));
#12317=DIRECTION('',(0.,0.,-1.));
#12318=DIRECTION('',(1.,0.,0.));
#12319=DIRECTION('',(1.,0.,0.));
#12320=DIRECTION('',(0.,0.,-1.));
#12321=DIRECTION('',(0.,0.,-1.));
#12322=DIRECTION('',(0.,-1.,0.));
#12323=DIRECTION('',(1.,8.98820453873993E-17,0.));
#12324=DIRECTION('',(-8.98820453873993E-17,1.,0.));
#12325=DIRECTION('',(0.,0.,-1.));
#12326=DIRECTION('',(8.98820453873993E-17,-1.,0.));
#12327=DIRECTION('',(0.,0.,-1.));
#12328=DIRECTION('',(0.,1.,0.));
#12329=DIRECTION('',(0.,0.,1.));
#12330=DIRECTION('',(0.,0.,-1.));
#12331=DIRECTION('',(1.,0.,0.));
#12332=DIRECTION('',(1.,4.49410226936996E-17,0.));
#12333=DIRECTION('',(-4.49410226936996E-17,1.,0.));
#12334=DIRECTION('',(0.,0.,-1.));
#12335=DIRECTION('',(4.49410226936996E-17,-1.,0.));
#12336=DIRECTION('',(1.,4.49410226936996E-17,0.));
#12337=DIRECTION('',(-4.49410226936996E-17,1.,0.));
#12338=DIRECTION('',(0.,0.,-1.));
#12339=DIRECTION('',(4.49410226936996E-17,-1.,0.));
#12340=DIRECTION('',(0.,0.,-1.));
#12341=DIRECTION('',(0.,1.,0.));
#12342=DIRECTION('',(0.,0.,1.));
#12343=DIRECTION('',(0.,0.,-1.));
#12344=DIRECTION('',(1.,0.,0.));
#12345=DIRECTION('',(1.,0.,0.));
#12346=DIRECTION('',(0.,0.,-1.));
#12347=DIRECTION('',(0.,0.,-1.));
#12348=DIRECTION('',(0.,-1.,0.));
#12349=DIRECTION('',(1.,0.,0.));
#12350=DIRECTION('',(0.,0.,-1.));
#12351=DIRECTION('',(0.,-1.,0.));
#12352=DIRECTION('',(0.,0.,-1.));
#12353=DIRECTION('',(0.,0.,-1.));
#12354=DIRECTION('',(0.,1.,0.));
#12355=DIRECTION('',(0.,0.,1.));
#12356=DIRECTION('',(0.,0.,-1.));
#12357=DIRECTION('',(1.,0.,0.));
#12358=DIRECTION('',(1.,0.,0.));
#12359=DIRECTION('',(0.,0.,-1.));
#12360=DIRECTION('',(0.,0.,-1.));
#12361=DIRECTION('',(0.,-1.,0.));
#12362=DIRECTION('',(1.,8.98820453873993E-17,0.));
#12363=DIRECTION('',(-8.98820453873993E-17,1.,0.));
#12364=DIRECTION('',(0.,0.,-1.));
#12365=DIRECTION('',(8.98820453873993E-17,-1.,0.));
#12366=DIRECTION('',(0.,0.,-1.));
#12367=DIRECTION('',(0.,1.,0.));
#12368=DIRECTION('',(0.,0.,1.));
#12369=DIRECTION('',(0.,0.,-1.));
#12370=DIRECTION('',(1.,0.,0.));
#12371=DIRECTION('',(1.,8.98820453873993E-17,0.));
#12372=DIRECTION('',(-8.98820453873993E-17,1.,0.));
#12373=DIRECTION('',(0.,0.,-1.));
#12374=DIRECTION('',(8.98820453873993E-17,-1.,0.));
#12375=DIRECTION('',(1.,8.98820453873993E-17,0.));
#12376=DIRECTION('',(-8.98820453873993E-17,1.,0.));
#12377=DIRECTION('',(0.,0.,-1.));
#12378=DIRECTION('',(8.98820453873993E-17,-1.,0.));
#12379=DIRECTION('',(0.,0.,-1.));
#12380=DIRECTION('',(0.,1.,0.));
#12381=DIRECTION('',(0.,0.,1.));
#12382=DIRECTION('',(0.,0.,-1.));
#12383=DIRECTION('',(1.,0.,0.));
#12384=DIRECTION('',(1.,0.,0.));
#12385=DIRECTION('',(0.,0.,-1.));
#12386=DIRECTION('',(0.,0.,-1.));
#12387=DIRECTION('',(0.,-1.,0.));
#12388=DIRECTION('',(1.,0.,0.));
#12389=DIRECTION('',(0.,0.,-1.));
#12390=DIRECTION('',(0.,0.,-1.));
#12391=DIRECTION('',(0.,-1.,0.));
#12392=DIRECTION('',(0.,0.,-1.));
#12393=DIRECTION('',(0.,1.,0.));
#12394=DIRECTION('',(0.,0.,1.));
#12395=DIRECTION('',(1.,0.,0.));
#12396=DIRECTION('',(0.,0.,-1.));
#12397=DIRECTION('',(0.,0.,-1.));
#12398=DIRECTION('',(1.,1.79764090774798E-16,0.));
#12399=DIRECTION('',(-1.79764090774798E-16,1.,0.));
#12400=DIRECTION('',(0.,0.,-1.));
#12401=DIRECTION('',(1.79764090774798E-16,-1.,0.));
#12402=DIRECTION('',(1.,0.,0.));
#12403=DIRECTION('',(0.,0.,-1.));
#12404=DIRECTION('',(0.,0.,-1.));
#12405=DIRECTION('',(0.,-1.,0.));
#12406=DIRECTION('',(0.,0.,-1.));
#12407=DIRECTION('',(0.,1.,0.));
#12408=DIRECTION('',(0.,0.,1.));
#12409=DIRECTION('',(0.,0.,-1.));
#12410=DIRECTION('',(1.,0.,0.));
#12411=DIRECTION('',(1.,4.49410226936996E-17,0.));
#12412=DIRECTION('',(-4.49410226936996E-17,1.,0.));
#12413=DIRECTION('',(0.,0.,-1.));
#12414=DIRECTION('',(4.49410226936996E-17,-1.,0.));
#12415=DIRECTION('',(1.,4.49410226936996E-17,0.));
#12416=DIRECTION('',(-4.49410226936996E-17,1.,0.));
#12417=DIRECTION('',(0.,0.,-1.));
#12418=DIRECTION('',(4.49410226936996E-17,-1.,0.));
#12419=DIRECTION('',(0.,0.,-1.));
#12420=DIRECTION('',(0.,1.,0.));
#12421=DIRECTION('',(0.,0.,1.));
#12422=DIRECTION('',(0.,0.,-1.));
#12423=DIRECTION('',(1.,0.,0.));
#12424=DIRECTION('',(1.,0.,0.));
#12425=DIRECTION('',(0.,0.,-1.));
#12426=DIRECTION('',(0.,0.,-1.));
#12427=DIRECTION('',(0.,-1.,0.));
#12428=DIRECTION('',(0.,0.,-1.));
#12429=DIRECTION('',(0.983338478445523,0.181784038926532,0.));
#12430=DIRECTION('',(0.,0.,-1.));
#12431=DIRECTION('',(0.,0.,-1.));
#12432=DIRECTION('',(-1.,0.,0.));
#12433=DIRECTION('',(0.,0.,-1.));
#12434=DIRECTION('',(0.,0.,-1.));
#12435=DIRECTION('',(0.979303159005619,-0.202398919862769,0.));
#12436=DIRECTION('',(0.,0.,-1.));
#12437=DIRECTION('',(0.,0.,-1.));
#12438=DIRECTION('',(-1.,0.,0.));
#12439=DIRECTION('',(0.,0.,-1.));
#12440=DIRECTION('',(0.877284658238199,-0.479970445360843,0.));
#12441=DIRECTION('',(0.,0.,-1.));
#12442=DIRECTION('',(0.,0.,-1.));
#12443=DIRECTION('',(-1.,0.,0.));
#12444=DIRECTION('',(0.,0.,-1.));
#12445=DIRECTION('',(0.787188705402353,-0.616712203614431,0.));
#12446=DIRECTION('',(0.,0.,-1.));
#12447=DIRECTION('',(0.,0.,-1.));
#12448=DIRECTION('',(-1.,0.,0.));
#12449=DIRECTION('',(0.,0.,-1.));
#12450=DIRECTION('',(0.732086574473637,-0.681211602569609,0.));
#12451=DIRECTION('',(0.,0.,-1.));
#12452=DIRECTION('',(0.,0.,-1.));
#12453=DIRECTION('',(-1.,0.,0.));
#12454=DIRECTION('',(0.,0.,-1.));
#12455=DIRECTION('',(0.698456879112228,-0.715652141770572,0.));
#12456=DIRECTION('',(0.,0.,-1.));
#12457=DIRECTION('',(0.,0.,-1.));
#12458=DIRECTION('',(-1.,0.,0.));
#12459=DIRECTION('',(0.,0.,-1.));
#12460=DIRECTION('',(-0.692879359021535,0.721053530496805,0.));
#12461=DIRECTION('',(0.,0.,-1.));
#12462=DIRECTION('',(0.,0.,-1.));
#12463=DIRECTION('',(-1.,0.,0.));
#12464=DIRECTION('',(0.,1.,0.));
#12465=DIRECTION('',(0.,0.,1.));
#12466=DIRECTION('',(0.,0.,-1.));
#12467=DIRECTION('',(1.,0.,0.));
#12468=DIRECTION('',(1.,0.,0.));
#12469=DIRECTION('',(0.,0.,-1.));
#12470=DIRECTION('',(0.,0.,-1.));
#12471=DIRECTION('',(0.,-1.,0.));
#12472=DIRECTION('',(0.,-1.,0.));
#12473=DIRECTION('',(0.,0.,-1.));
#12474=DIRECTION('',(0.,0.,-1.));
#12475=DIRECTION('',(-1.,0.,0.));
#12476=DIRECTION('',(-1.,0.,0.));
#12477=DIRECTION('',(0.,0.,1.));
#12478=DIRECTION('',(0.,-1.49704996886096E-25,-1.));
#12479=DIRECTION('',(0.,1.,0.));
#12480=DIRECTION('',(-0.657005869397487,0.753885460515888,-1.12860420519004E-25));
#12481=DIRECTION('',(-0.753885460515888,-0.657005869397487,-7.81720778207574E-32));
#12482=DIRECTION('',(0.,0.,-1.));
#12483=DIRECTION('',(0.753885460515888,0.657005869397487,0.));
#12484=DIRECTION('',(0.,0.,-1.));
#12485=DIRECTION('',(0.664930859490118,-0.746904915031179,0.));
#12486=DIRECTION('',(0.,0.,-1.));
#12487=DIRECTION('',(0.,0.,-1.));
#12488=DIRECTION('',(-1.,0.,0.));
#12489=DIRECTION('',(0.,0.,-1.));
#12490=DIRECTION('',(0.699511103692077,-0.714621729176697,0.));
#12491=DIRECTION('',(0.,0.,-1.));
#12492=DIRECTION('',(0.,0.,-1.));
#12493=DIRECTION('',(-1.,0.,0.));
#12494=DIRECTION('',(0.,0.,-1.));
#12495=DIRECTION('',(0.756453906514083,-0.654047006964778,0.));
#12496=DIRECTION('',(0.,0.,-1.));
#12497=DIRECTION('',(0.,0.,-1.));
#12498=DIRECTION('',(-1.,0.,0.));
#12499=DIRECTION('',(0.,0.,-1.));
#12500=DIRECTION('',(0.841663542601161,-0.540002297269247,0.));
#12501=DIRECTION('',(0.,0.,-1.));
#12502=DIRECTION('',(0.,0.,-1.));
#12503=DIRECTION('',(-1.,0.,0.));
#12504=DIRECTION('',(0.,0.,-1.));
#12505=DIRECTION('',(0.96775130981143,-0.251907527394999,0.));
#12506=DIRECTION('',(0.,0.,-1.));
#12507=DIRECTION('',(0.,0.,-1.));
#12508=DIRECTION('',(-1.,0.,0.));
#12509=DIRECTION('',(0.,0.,-1.));
#12510=DIRECTION('',(0.97558562552512,0.219619414598893,0.));
#12511=DIRECTION('',(0.,0.,-1.));
#12512=DIRECTION('',(0.,0.,-1.));
#12513=DIRECTION('',(-1.,0.,0.));
#12514=DIRECTION('',(0.,0.,-1.));
#12515=DIRECTION('',(0.772172762024989,0.635412641978974,0.));
#12516=DIRECTION('',(0.,0.,-1.));
#12517=DIRECTION('',(0.,0.,-1.));
#12518=DIRECTION('',(-1.,0.,0.));
#12519=DIRECTION('',(0.,0.,-1.));
#12520=DIRECTION('',(0.449579640445928,0.893240251498168,0.));
#12521=DIRECTION('',(0.,0.,-1.));
#12522=DIRECTION('',(0.,0.,-1.));
#12523=DIRECTION('',(-1.,0.,0.));
#12524=DIRECTION('',(0.,0.,-1.));
#12525=DIRECTION('',(0.13627858658588,0.990670554139041,0.));
#12526=DIRECTION('',(0.,0.,-1.));
#12527=DIRECTION('',(0.,0.,-1.));
#12528=DIRECTION('',(-1.,0.,0.));
#12529=DIRECTION('',(0.,0.,-1.));
#12530=DIRECTION('',(-0.0415996948955154,0.999134358024285,0.));
#12531=DIRECTION('',(0.,0.,-1.));
#12532=DIRECTION('',(0.,0.,-1.));
#12533=DIRECTION('',(-1.,0.,0.));
#12534=DIRECTION('',(0.,0.,-1.));
#12535=DIRECTION('',(-0.157217330651239,0.987564028781374,0.));
#12536=DIRECTION('',(0.,0.,-1.));
#12537=DIRECTION('',(0.,0.,-1.));
#12538=DIRECTION('',(-1.,0.,0.));
#12539=DIRECTION('',(0.,0.,-1.));
#12540=DIRECTION('',(-0.347477856679496,0.937688188641311,0.));
#12541=DIRECTION('',(0.,0.,-1.));
#12542=DIRECTION('',(0.,0.,-1.));
#12543=DIRECTION('',(-1.,0.,0.));
#12544=DIRECTION('',(0.,0.,-1.));
#12545=DIRECTION('',(-0.492361191698156,0.870390979336052,0.));
#12546=DIRECTION('',(0.,0.,-1.));
#12547=DIRECTION('',(0.,0.,-1.));
#12548=DIRECTION('',(-1.,0.,0.));
#12549=DIRECTION('',(-0.903976231070746,-0.427582709728925,0.));
#12550=DIRECTION('',(0.427582709728925,-0.903976231070746,0.));
#12551=DIRECTION('',(0.,0.,-1.));
#12552=DIRECTION('',(-0.427582709728925,0.903976231070746,0.));
#12553=DIRECTION('',(0.,0.,-1.));
#12554=DIRECTION('',(-0.549574632878147,0.835444625871069,0.));
#12555=DIRECTION('',(0.,0.,-1.));
#12556=DIRECTION('',(0.,0.,-1.));
#12557=DIRECTION('',(-1.,0.,0.));
#12558=DIRECTION('',(0.,0.,-1.));
#12559=DIRECTION('',(-0.355896119141462,0.934525522594245,0.));
#12560=DIRECTION('',(0.,0.,-1.));
#12561=DIRECTION('',(-2.1842664675642E-17,5.720399860606E-17,-1.));
#12562=DIRECTION('',(-0.440224120357855,0.897887923883127,0.));
#12563=DIRECTION('',(0.,0.,-1.));
#12564=DIRECTION('',(-0.216696121975288,0.976239105302011,0.));
#12565=DIRECTION('',(0.,0.,-1.));
#12566=DIRECTION('',(0.,0.,-1.));
#12567=DIRECTION('',(-1.,0.,0.));
#12568=DIRECTION('',(0.,0.,-1.));
#12569=DIRECTION('',(-0.0851435064763275,0.996368698477083,0.));
#12570=DIRECTION('',(0.,0.,-1.));
#12571=DIRECTION('',(0.,0.,-1.));
#12572=DIRECTION('',(-1.,0.,0.));
#12573=DIRECTION('',(0.,0.,-1.));
#12574=DIRECTION('',(0.194068743895434,0.980987931955765,0.));
#12575=DIRECTION('',(0.,0.,-1.));
#12576=DIRECTION('',(0.,0.,-1.));
#12577=DIRECTION('',(-1.,0.,0.));
#12578=DIRECTION('',(0.,0.,-1.));
#12579=DIRECTION('',(0.57735734382101,0.816491578361926,0.));
#12580=DIRECTION('',(0.,0.,-1.));
#12581=DIRECTION('',(0.,0.,-1.));
#12582=DIRECTION('',(-1.,0.,0.));
#12583=DIRECTION('',(0.,0.,-1.));
#12584=DIRECTION('',(-0.198616237105249,0.980077338967773,0.));
#12585=DIRECTION('',(0.,0.,-1.));
#12586=DIRECTION('',(0.,0.,-1.));
#12587=DIRECTION('',(-1.,0.,0.));
#12588=DIRECTION('',(0.,0.,-1.));
#12589=DIRECTION('',(0.,0.,-1.));
#12590=DIRECTION('',(0.220990631472804,0.975275930596696,0.));
#12591=DIRECTION('',(0.,0.,-1.));
#12592=DIRECTION('',(0.,0.,-1.));
#12593=DIRECTION('',(-1.,0.,0.));
#12594=DIRECTION('',(0.,0.,-1.));
#12595=DIRECTION('',(0.605952694892118,0.795500679794166,0.));
#12596=DIRECTION('',(0.,0.,-1.));
#12597=DIRECTION('',(0.,0.,-1.));
#12598=DIRECTION('',(-1.,0.,0.));
#12599=DIRECTION('',(0.,0.,-1.));
#12600=DIRECTION('',(0.858095778232565,0.513489664335563,0.));
#12601=DIRECTION('',(0.,0.,-1.));
#12602=DIRECTION('',(0.,0.,-1.));
#12603=DIRECTION('',(-1.,0.,0.));
#12604=DIRECTION('',(0.,0.,-1.));
#12605=DIRECTION('',(0.983685682091371,0.179895744386668,0.));
#12606=DIRECTION('',(0.,0.,-1.));
#12607=DIRECTION('',(0.,0.,-1.));
#12608=DIRECTION('',(-1.,0.,0.));
#12609=DIRECTION('',(0.,0.,-1.));
#12610=DIRECTION('',(0.,0.,-1.));
#12611=DIRECTION('',(0.797552815067064,-0.603249125302807,0.));
#12612=DIRECTION('',(0.,0.,-1.));
#12613=DIRECTION('',(0.,0.,-1.));
#12614=DIRECTION('',(-1.,0.,0.));
#12615=DIRECTION('',(0.,0.,-1.));
#12616=DIRECTION('',(0.480024883847647,-0.877254872250393,0.));
#12617=DIRECTION('',(0.,0.,-1.));
#12618=DIRECTION('',(0.,0.,-1.));
#12619=DIRECTION('',(-1.,0.,0.));
#12620=DIRECTION('',(0.,0.,-1.));
#12621=DIRECTION('',(0.151836806574279,-0.988405576759523,0.));
#12622=DIRECTION('',(0.,0.,-1.));
#12623=DIRECTION('',(0.,0.,-1.));
#12624=DIRECTION('',(-1.,0.,0.));
#12625=DIRECTION('',(0.,0.,-1.));
#12626=DIRECTION('',(-0.19825365589623,-0.980150747550487,0.));
#12627=DIRECTION('',(0.,0.,-1.));
#12628=DIRECTION('',(0.,0.,-1.));
#12629=DIRECTION('',(-1.,0.,0.));
#12630=DIRECTION('',(0.,0.,-1.));
#12631=DIRECTION('',(-0.614060962653942,-0.789258597764075,0.));
#12632=DIRECTION('',(0.,0.,-1.));
#12633=DIRECTION('',(0.,0.,-1.));
#12634=DIRECTION('',(-1.,0.,0.));
#12635=DIRECTION('',(0.,0.,-1.));
#12636=DIRECTION('',(-0.892870705612918,-0.450313116684701,0.));
#12637=DIRECTION('',(0.,0.,-1.));
#12638=DIRECTION('',(0.,0.,-1.));
#12639=DIRECTION('',(-1.,0.,0.));
#12640=DIRECTION('',(0.,0.,-1.));
#12641=DIRECTION('',(-0.991677016980552,-0.128750510649679,0.));
#12642=DIRECTION('',(0.,0.,-1.));
#12643=DIRECTION('',(0.,0.,-1.));
#12644=DIRECTION('',(-1.,0.,0.));
#12645=DIRECTION('',(0.,0.,-1.));
#12646=DIRECTION('',(0.,0.,-1.));
#12647=DIRECTION('',(0.,0.,-1.));
#12648=DIRECTION('',(-0.634885555468675,0.772606194291265,0.));
#12649=DIRECTION('',(0.,0.,-1.));
#12650=DIRECTION('',(0.,0.,-1.));
#12651=DIRECTION('',(-1.,0.,0.));
#12652=DIRECTION('',(0.,0.,-1.));
#12653=DIRECTION('',(-0.213910251235072,0.976853317758889,0.));
#12654=DIRECTION('',(0.,0.,-1.));
#12655=DIRECTION('',(0.,0.,-1.));
#12656=DIRECTION('',(-1.,0.,0.));
#12657=DIRECTION('',(0.,0.,-1.));
#12658=DIRECTION('',(0.0678848315418085,0.997693164077283,0.));
#12659=DIRECTION('',(0.,0.,-1.));
#12660=DIRECTION('',(0.,0.,-1.));
#12661=DIRECTION('',(-1.,0.,0.));
#12662=DIRECTION('',(0.,0.,-1.));
#12663=DIRECTION('',(0.341434878439601,0.939905433426648,0.));
#12664=DIRECTION('',(0.,0.,-1.));
#12665=DIRECTION('',(0.,0.,-1.));
#12666=DIRECTION('',(-1.,0.,0.));
#12667=DIRECTION('',(0.908676843963313,-0.41750017155071,0.));
#12668=DIRECTION('',(0.41750017155071,0.908676843963313,0.));
#12669=DIRECTION('',(0.,0.,-1.));
#12670=DIRECTION('',(-0.41750017155071,-0.908676843963313,0.));
#12671=DIRECTION('',(0.,0.,-1.));
#12672=DIRECTION('',(0.340910017760356,0.940095931163748,0.));
#12673=DIRECTION('',(0.,0.,-1.));
#12674=DIRECTION('',(0.,0.,-1.));
#12675=DIRECTION('',(-1.,0.,0.));
#12676=DIRECTION('',(0.,0.,-1.));
#12677=DIRECTION('',(0.0595026195198547,0.998228149407877,0.));
#12678=DIRECTION('',(0.,0.,-1.));
#12679=DIRECTION('',(0.,0.,-1.));
#12680=DIRECTION('',(-1.,0.,0.));
#12681=DIRECTION('',(0.,0.,-1.));
#12682=DIRECTION('',(-0.253188132267021,0.967417060878677,0.));
#12683=DIRECTION('',(0.,0.,-1.));
#12684=DIRECTION('',(0.,0.,-1.));
#12685=DIRECTION('',(-1.,0.,0.));
#12686=DIRECTION('',(0.,0.,-1.));
#12687=DIRECTION('',(-0.695352347015898,0.718668987434049,0.));
#12688=DIRECTION('',(0.,0.,-1.));
#12689=DIRECTION('',(0.,0.,-1.));
#12690=DIRECTION('',(-1.,0.,0.));
#12691=DIRECTION('',(0.,0.,-1.));
#12692=DIRECTION('',(-0.918040457586225,0.396486718863161,0.));
#12693=DIRECTION('',(0.,0.,-1.));
#12694=DIRECTION('',(0.,0.,-1.));
#12695=DIRECTION('',(-1.,0.,0.));
#12696=DIRECTION('',(0.,0.,-1.));
#12697=DIRECTION('',(-0.992355479760071,0.123412324304173,0.));
#12698=DIRECTION('',(0.,0.,-1.));
#12699=DIRECTION('',(0.,0.,-1.));
#12700=DIRECTION('',(-1.,0.,0.));
#12701=DIRECTION('',(0.,0.,-1.));
#12702=DIRECTION('',(-0.317080634874531,0.948398582341604,0.));
#12703=DIRECTION('',(0.,0.,-1.));
#12704=DIRECTION('',(0.,0.,-1.));
#12705=DIRECTION('',(-1.,0.,0.));
#12706=DIRECTION('',(0.,0.,-1.));
#12707=DIRECTION('',(0.278232163129936,-0.960513853830353,0.));
#12708=DIRECTION('',(0.,0.,-1.));
#12709=DIRECTION('',(0.,0.,-1.));
#12710=DIRECTION('',(-1.,0.,0.));
#12711=DIRECTION('',(-1.,0.,0.));
#12712=DIRECTION('',(0.,0.,1.));
#12713=DIRECTION('',(0.,0.,-1.));
#12714=DIRECTION('',(0.,1.,0.));
#12715=DIRECTION('',(0.,0.,-1.));
#12716=DIRECTION('',(0.,-1.,0.));
#12717=DIRECTION('',(0.,0.,-1.));
#12718=DIRECTION('',(0.,0.,-1.));
#12719=DIRECTION('',(-1.,0.,0.));
#12720=DIRECTION('',(-1.,0.,0.));
#12721=DIRECTION('',(0.,0.,1.));
#12722=DIRECTION('',(0.,0.,-1.));
#12723=DIRECTION('',(0.,1.,0.));
#12724=DIRECTION('',(-0.82747109919744,0.56150830803558,0.));
#12725=DIRECTION('',(-0.56150830803558,-0.82747109919744,0.));
#12726=DIRECTION('',(0.,0.,-1.));
#12727=DIRECTION('',(0.56150830803558,0.82747109919744,0.));
#12728=DIRECTION('',(0.,1.,0.));
#12729=DIRECTION('',(0.,0.,1.));
#12730=DIRECTION('',(0.,0.,-1.));
#12731=DIRECTION('',(1.,0.,0.));
#12732=DIRECTION('',(1.,0.,0.));
#12733=DIRECTION('',(0.,0.,-1.));
#12734=DIRECTION('',(0.,0.,-1.));
#12735=DIRECTION('',(0.,-1.,0.));
#12736=DIRECTION('',(0.,1.,0.));
#12737=DIRECTION('',(0.,0.,1.));
#12738=DIRECTION('',(0.,0.,-1.));
#12739=DIRECTION('',(1.,0.,0.));
#12740=DIRECTION('',(1.,0.,0.));
#12741=DIRECTION('',(0.,0.,-1.));
#12742=DIRECTION('',(0.,0.,-1.));
#12743=DIRECTION('',(0.,-1.,0.));
#12744=DIRECTION('',(0.,-1.,0.));
#12745=DIRECTION('',(0.,0.,-1.));
#12746=DIRECTION('',(0.,0.,-1.));
#12747=DIRECTION('',(-1.,0.,0.));
#12748=DIRECTION('',(1.,0.,0.));
#12749=DIRECTION('',(0.,0.,-1.));
#12750=DIRECTION('',(0.,0.,-1.));
#12751=DIRECTION('',(0.,-1.,0.));
#12752=DIRECTION('',(0.,0.,-1.));
#12753=DIRECTION('',(-0.226294981404137,0.974058818240101,0.));
#12754=DIRECTION('',(0.,0.,-1.));
#12755=DIRECTION('',(0.,0.,-1.));
#12756=DIRECTION('',(-1.,0.,0.));
#12757=DIRECTION('',(0.,0.,-1.));
#12758=DIRECTION('',(0.,0.,-1.));
#12759=DIRECTION('',(0.,0.,-1.));
#12760=DIRECTION('',(0.65101245384876,0.759067049037051,0.));
#12761=DIRECTION('',(0.,0.,-1.));
#12762=DIRECTION('',(0.,0.,-1.));
#12763=DIRECTION('',(-1.,0.,0.));
#12764=DIRECTION('',(0.,0.,-1.));
#12765=DIRECTION('',(0.908385124833143,0.418134505849344,0.));
#12766=DIRECTION('',(0.,0.,-1.));
#12767=DIRECTION('',(0.,0.,-1.));
#12768=DIRECTION('',(-1.,0.,0.));
#12769=DIRECTION('',(0.,0.,-1.));
#12770=DIRECTION('',(0.998952826471424,0.0457520544320549,0.));
#12771=DIRECTION('',(0.,0.,-1.));
#12772=DIRECTION('',(0.,0.,-1.));
#12773=DIRECTION('',(-1.,0.,0.));
#12774=DIRECTION('',(0.,-1.,0.));
#12775=DIRECTION('',(0.,0.,-1.));
#12776=DIRECTION('',(0.,0.,-1.));
#12777=DIRECTION('',(-1.,0.,0.));
#12778=DIRECTION('',(0.,0.,-1.));
#12779=DIRECTION('',(-0.979320975259422,-0.202312697122386,0.));
#12780=DIRECTION('',(0.,0.,-1.));
#12781=DIRECTION('',(0.,0.,-1.));
#12782=DIRECTION('',(-1.,0.,0.));
#12783=DIRECTION('',(0.,0.,-1.));
#12784=DIRECTION('',(-0.818254593604532,-0.574855999399051,0.));
#12785=DIRECTION('',(0.,0.,-1.));
#12786=DIRECTION('',(0.,0.,-1.));
#12787=DIRECTION('',(-1.,0.,0.));
#12788=DIRECTION('',(0.,0.,-1.));
#12789=DIRECTION('',(-0.529986721551739,-0.84800594041483,0.));
#12790=DIRECTION('',(0.,0.,-1.));
#12791=DIRECTION('',(0.,0.,-1.));
#12792=DIRECTION('',(-1.,0.,0.));
#12793=DIRECTION('',(0.,0.,-1.));
#12794=DIRECTION('',(-0.177995917853437,-0.984031225738042,0.));
#12795=DIRECTION('',(0.,0.,-1.));
#12796=DIRECTION('',(0.,0.,-1.));
#12797=DIRECTION('',(-1.,0.,0.));
#12798=DIRECTION('',(0.,0.,-1.));
#12799=DIRECTION('',(0.0849874928410946,-0.996382018133901,0.));
#12800=DIRECTION('',(0.,0.,-1.));
#12801=DIRECTION('',(0.,0.,-1.));
#12802=DIRECTION('',(-1.,0.,0.));
#12803=DIRECTION('',(0.,0.,-1.));
#12804=DIRECTION('',(0.245843635511336,-0.969309500045558,0.));
#12805=DIRECTION('',(0.,0.,-1.));
#12806=DIRECTION('',(0.,0.,-1.));
#12807=DIRECTION('',(-1.,0.,0.));
#12808=DIRECTION('',(0.,0.,-1.));
#12809=DIRECTION('',(0.405626403790988,-0.914038960081894,0.));
#12810=DIRECTION('',(0.,0.,-1.));
#12811=DIRECTION('',(0.,0.,-1.));
#12812=DIRECTION('',(-1.,0.,0.));
#12813=DIRECTION('',(0.,0.,-1.));
#12814=DIRECTION('',(0.596823820786633,-0.802372311923614,0.));
#12815=DIRECTION('',(0.,0.,-1.));
#12816=DIRECTION('',(0.,0.,-1.));
#12817=DIRECTION('',(-1.,0.,0.));
#12818=DIRECTION('',(0.836019308520839,0.548700023492197,0.));
#12819=DIRECTION('',(-0.548700023492197,0.836019308520839,0.));
#12820=DIRECTION('',(0.,0.,-1.));
#12821=DIRECTION('',(0.548700023492197,-0.836019308520839,0.));
#12822=DIRECTION('',(0.,0.,-1.));
#12823=DIRECTION('',(0.62507699145942,-0.780563101067453,0.));
#12824=DIRECTION('',(0.,0.,-1.));
#12825=DIRECTION('',(0.,0.,-1.));
#12826=DIRECTION('',(-1.,0.,0.));
#12827=DIRECTION('',(0.,0.,-1.));
#12828=DIRECTION('',(0.,0.,-1.));
#12829=DIRECTION('',(-0.214558358805733,-0.976711170544594,0.));
#12830=DIRECTION('',(0.,0.,-1.));
#12831=DIRECTION('',(0.,0.,-1.));
#12832=DIRECTION('',(-1.,0.,0.));
#12833=DIRECTION('',(0.,0.,-1.));
#12834=DIRECTION('',(-0.600803958096649,-0.799396399751338,0.));
#12835=DIRECTION('',(0.,0.,-1.));
#12836=DIRECTION('',(0.,0.,-1.));
#12837=DIRECTION('',(-1.,0.,0.));
#12838=DIRECTION('',(0.,0.,-1.));
#12839=DIRECTION('',(-0.858965298757913,-0.512033803112381,0.));
#12840=DIRECTION('',(0.,0.,-1.));
#12841=DIRECTION('',(0.,0.,-1.));
#12842=DIRECTION('',(-1.,0.,0.));
#12843=DIRECTION('',(0.,0.,-1.));
#12844=DIRECTION('',(-0.984015616784262,-0.178082188678961,0.));
#12845=DIRECTION('',(0.,0.,-1.));
#12846=DIRECTION('',(0.,0.,-1.));
#12847=DIRECTION('',(-1.,0.,0.));
#12848=DIRECTION('',(0.,0.,-1.));
#12849=DIRECTION('',(-0.984020211811195,0.17805679640792,0.));
#12850=DIRECTION('',(0.,0.,-1.));
#12851=DIRECTION('',(0.,0.,-1.));
#12852=DIRECTION('',(-1.,0.,0.));
#12853=DIRECTION('',(0.,0.,-1.));
#12854=DIRECTION('',(-0.861714710971979,0.507393098981921,0.));
#12855=DIRECTION('',(0.,0.,-1.));
#12856=DIRECTION('',(0.,0.,-1.));
#12857=DIRECTION('',(-1.,0.,0.));
#12858=DIRECTION('',(0.,0.,-1.));
#12859=DIRECTION('',(0.39614994109661,-0.91818583313464,0.));
#12860=DIRECTION('',(0.,0.,-1.));
#12861=DIRECTION('',(0.,0.,-1.));
#12862=DIRECTION('',(-1.,0.,0.));
#12863=DIRECTION('',(0.,0.,-1.));
#12864=DIRECTION('',(0.,0.,-1.));
#12865=DIRECTION('',(0.288200599991014,0.957570057053174,0.));
#12866=DIRECTION('',(0.,0.,-1.));
#12867=DIRECTION('',(0.,0.,-1.));
#12868=DIRECTION('',(-1.,0.,0.));
#12869=DIRECTION('',(0.,0.,-1.));
#12870=DIRECTION('',(0.571949380336902,0.820288916377781,0.));
#12871=DIRECTION('',(0.,0.,-1.));
#12872=DIRECTION('',(0.,0.,-1.));
#12873=DIRECTION('',(-1.,0.,0.));
#12874=DIRECTION('',(0.,0.,-1.));
#12875=DIRECTION('',(0.81666595249119,0.577110667066254,0.));
#12876=DIRECTION('',(0.,0.,-1.));
#12877=DIRECTION('',(0.,0.,-1.));
#12878=DIRECTION('',(-1.,0.,0.));
#12879=DIRECTION('',(0.,0.,-1.));
#12880=DIRECTION('',(0.,0.,-1.));
#12881=DIRECTION('',(0.,0.,-1.));
#12882=DIRECTION('',(0.842927000871673,-0.538027946487435,0.));
#12883=DIRECTION('',(0.,0.,-1.));
#12884=DIRECTION('',(0.,0.,-1.));
#12885=DIRECTION('',(-1.,0.,0.));
#12886=DIRECTION('',(0.,0.,-1.));
#12887=DIRECTION('',(0.601278202091145,-0.799039751007445,0.));
#12888=DIRECTION('',(0.,0.,-1.));
#12889=DIRECTION('',(0.,0.,-1.));
#12890=DIRECTION('',(-1.,0.,0.));
#12891=DIRECTION('',(0.,0.,-1.));
#12892=DIRECTION('',(0.370099015424017,-0.928992313629221,0.));
#12893=DIRECTION('',(0.,0.,-1.));
#12894=DIRECTION('',(0.,0.,-1.));
#12895=DIRECTION('',(-1.,0.,0.));
#12896=DIRECTION('',(0.,0.,-1.));
#12897=DIRECTION('',(0.186684118848782,-0.98241999153603,0.));
#12898=DIRECTION('',(0.,0.,-1.));
#12899=DIRECTION('',(0.,0.,-1.));
#12900=DIRECTION('',(-1.,0.,0.));
#12901=DIRECTION('',(0.,0.,-1.));
#12902=DIRECTION('',(0.0559205727254242,-0.998435220505597,0.));
#12903=DIRECTION('',(0.,0.,-1.));
#12904=DIRECTION('',(0.,0.,-1.));
#12905=DIRECTION('',(-1.,0.,0.));
#12906=DIRECTION('',(0.,-1.,0.));
#12907=DIRECTION('',(0.,0.,-1.));
#12908=DIRECTION('',(0.,0.,-1.));
#12909=DIRECTION('',(-1.,0.,0.));
#12910=DIRECTION('',(-1.,0.,0.));
#12911=DIRECTION('',(0.,0.,1.));
#12912=DIRECTION('',(0.,0.,-1.));
#12913=DIRECTION('',(0.,1.,0.));
#12914=DIRECTION('',(0.,1.,0.));
#12915=DIRECTION('',(0.,0.,1.));
#12916=DIRECTION('',(0.,0.,-1.));
#12917=DIRECTION('',(1.,0.,0.));
#12918=DIRECTION('',(0.,0.,-1.));
#12919=DIRECTION('',(0.120270432306128,0.992741166222544,0.));
#12920=DIRECTION('',(0.,0.,-1.));
#12921=DIRECTION('',(0.,0.,-1.));
#12922=DIRECTION('',(-1.,0.,0.));
#12923=DIRECTION('',(0.,0.,-1.));
#12924=DIRECTION('',(0.411481600957617,0.911418066571733,0.));
#12925=DIRECTION('',(0.,0.,-1.));
#12926=DIRECTION('',(0.,0.,-1.));
#12927=DIRECTION('',(-1.,0.,0.));
#12928=DIRECTION('',(0.,0.,-1.));
#12929=DIRECTION('',(0.755453409348517,0.655202370496095,0.));
#12930=DIRECTION('',(0.,0.,-1.));
#12931=DIRECTION('',(0.,0.,-1.));
#12932=DIRECTION('',(-1.,0.,0.));
#12933=DIRECTION('',(0.,0.,-1.));
#12934=DIRECTION('',(0.,0.,-1.));
#12935=DIRECTION('',(0.983972021786554,-0.178322910309587,0.));
#12936=DIRECTION('',(0.,0.,-1.));
#12937=DIRECTION('',(0.,0.,-1.));
#12938=DIRECTION('',(-1.,0.,0.));
#12939=DIRECTION('',(0.,0.,-1.));
#12940=DIRECTION('',(0.870298074578448,-0.492525391614529,0.));
#12941=DIRECTION('',(0.,0.,-1.));
#12942=DIRECTION('',(0.,0.,-1.));
#12943=DIRECTION('',(-1.,0.,0.));
#12944=DIRECTION('',(0.,1.,0.));
#12945=DIRECTION('',(0.,0.,1.));
#12946=DIRECTION('',(0.,0.,-1.));
#12947=DIRECTION('',(1.,0.,0.));
#12948=DIRECTION('',(0.,0.,-1.));
#12949=DIRECTION('',(1.,0.,0.));
#12950=DIRECTION('',(0.,0.,-1.));
#12951=DIRECTION('',(0.,0.,-1.));
#12952=DIRECTION('',(0.,-1.,0.));
#12953=DIRECTION('',(0.,-1.,0.));
#12954=DIRECTION('',(0.,0.,-1.));
#12955=DIRECTION('',(0.,0.,-1.));
#12956=DIRECTION('',(-1.,0.,0.));
#12957=DIRECTION('',(-0.869218605211529,-0.494427968822683,0.));
#12958=DIRECTION('',(0.494427968822684,-0.869218605211529,0.));
#12959=DIRECTION('',(0.,0.,-1.));
#12960=DIRECTION('',(-0.494427968822684,0.869218605211529,0.));
#12961=DIRECTION('',(1.,0.,0.));
#12962=DIRECTION('',(0.,0.,-1.));
#12963=DIRECTION('',(0.,0.,-1.));
#12964=DIRECTION('',(0.,-1.,0.));
#12965=DIRECTION('',(0.,-1.,0.));
#12966=DIRECTION('',(0.,0.,-1.));
#12967=DIRECTION('',(0.,0.,-1.));
#12968=DIRECTION('',(-1.,0.,0.));
#12969=DIRECTION('',(-1.,0.,0.));
#12970=DIRECTION('',(0.,0.,1.));
#12971=DIRECTION('',(0.,0.,-1.));
#12972=DIRECTION('',(0.,1.,0.));
#12973=DIRECTION('',(0.,1.,0.));
#12974=DIRECTION('',(0.,0.,1.));
#12975=DIRECTION('',(0.,0.,-1.));
#12976=DIRECTION('',(1.,0.,0.));
#12977=DIRECTION('',(0.869218605211529,0.494427968822683,0.));
#12978=DIRECTION('',(-0.494427968822684,0.869218605211529,0.));
#12979=DIRECTION('',(0.,0.,-1.));
#12980=DIRECTION('',(0.494427968822684,-0.869218605211529,0.));
#12981=DIRECTION('',(0.,0.,-1.));
#12982=DIRECTION('',(0.,0.,-1.));
#12983=DIRECTION('',(0.,0.,-1.));
#12984=DIRECTION('',(0.978320852126661,-0.207094930633668,0.));
#12985=DIRECTION('',(0.,0.,-1.));
#12986=DIRECTION('',(0.,0.,-1.));
#12987=DIRECTION('',(-1.,0.,0.));
#12988=DIRECTION('',(0.,0.,-1.));
#12989=DIRECTION('',(0.817784105915301,-0.57552511336371,0.));
#12990=DIRECTION('',(0.,0.,-1.));
#12991=DIRECTION('',(0.,0.,-1.));
#12992=DIRECTION('',(-1.,0.,0.));
#12993=DIRECTION('',(0.,0.,-1.));
#12994=DIRECTION('',(0.527677331067618,-0.84944489772872,0.));
#12995=DIRECTION('',(0.,0.,-1.));
#12996=DIRECTION('',(0.,0.,-1.));
#12997=DIRECTION('',(-1.,0.,0.));
#12998=DIRECTION('',(0.,0.,-1.));
#12999=DIRECTION('',(0.,0.,-1.));
#13000=DIRECTION('',(-0.0494891947600275,-0.998774659070806,0.));
#13001=DIRECTION('',(0.,0.,-1.));
#13002=DIRECTION('',(0.,0.,-1.));
#13003=DIRECTION('',(-1.,0.,0.));
#13004=DIRECTION('',(0.,0.,-1.));
#13005=DIRECTION('',(-0.161986894350782,-0.986792909408346,0.));
#13006=DIRECTION('',(0.,0.,-1.));
#13007=DIRECTION('',(0.,0.,-1.));
#13008=DIRECTION('',(-1.,0.,0.));
#13009=DIRECTION('',(0.,0.,-1.));
#13010=DIRECTION('',(-0.318186690202545,-0.948028074572663,0.));
#13011=DIRECTION('',(0.,0.,-1.));
#13012=DIRECTION('',(0.,0.,-1.));
#13013=DIRECTION('',(-1.,0.,0.));
#13014=DIRECTION('',(0.,0.,-1.));
#13015=DIRECTION('',(-0.533953222656799,-0.845514018816021,0.));
#13016=DIRECTION('',(0.,0.,-1.));
#13017=DIRECTION('',(0.,0.,-1.));
#13018=DIRECTION('',(-1.,0.,0.));
#13019=DIRECTION('',(-0.971195081368721,0.238285782045851,0.));
#13020=DIRECTION('',(-0.238285782045851,-0.971195081368721,0.));
#13021=DIRECTION('',(0.,0.,-1.));
#13022=DIRECTION('',(0.238285782045851,0.971195081368721,0.));
#13023=DIRECTION('',(0.,0.,-1.));
#13024=DIRECTION('',(-0.40586970299643,-0.913930951543709,0.));
#13025=DIRECTION('',(0.,0.,-1.));
#13026=DIRECTION('',(0.,0.,-1.));
#13027=DIRECTION('',(-1.,0.,0.));
#13028=DIRECTION('',(0.,0.,-1.));
#13029=DIRECTION('',(-0.300447127402171,-0.953798471185493,0.));
#13030=DIRECTION('',(0.,0.,-1.));
#13031=DIRECTION('',(0.,0.,-1.));
#13032=DIRECTION('',(-1.,0.,0.));
#13033=DIRECTION('',(0.,0.,-1.));
#13034=DIRECTION('',(-0.221967466062897,-0.975054072351691,0.));
#13035=DIRECTION('',(0.,0.,-1.));
#13036=DIRECTION('',(0.,0.,-1.));
#13037=DIRECTION('',(-1.,0.,0.));
#13038=DIRECTION('',(0.,0.,-1.));
#13039=DIRECTION('',(-0.090330426581707,-0.995911850533754,0.));
#13040=DIRECTION('',(0.,0.,-1.));
#13041=DIRECTION('',(0.,0.,-1.));
#13042=DIRECTION('',(-1.,0.,0.));
#13043=DIRECTION('',(0.,0.,-1.));
#13044=DIRECTION('',(0.,0.,-1.));
#13045=DIRECTION('',(0.,0.,-1.));
#13046=DIRECTION('',(0.929267674343237,0.369407078195195,0.));
#13047=DIRECTION('',(0.,0.,-1.));
#13048=DIRECTION('',(0.,0.,-1.));
#13049=DIRECTION('',(-1.,0.,0.));
#13050=DIRECTION('',(0.,0.,-1.));
#13051=DIRECTION('',(0.606628161168553,0.794985706838343,0.));
#13052=DIRECTION('',(0.,0.,-1.));
#13053=DIRECTION('',(0.,0.,-1.));
#13054=DIRECTION('',(-1.,0.,0.));
#13055=DIRECTION('',(0.,0.,-1.));
#13056=DIRECTION('',(0.464016556321522,0.885826526730554,0.));
#13057=DIRECTION('',(0.,0.,-1.));
#13058=DIRECTION('',(0.,0.,-1.));
#13059=DIRECTION('',(-1.,0.,0.));
#13060=DIRECTION('',(0.,0.,-1.));
#13061=DIRECTION('',(-0.522808908198192,-0.852449907917535,0.));
#13062=DIRECTION('',(0.,0.,-1.));
#13063=DIRECTION('',(0.,0.,-1.));
#13064=DIRECTION('',(-1.,0.,0.));
#13065=DIRECTION('',(0.,0.,-1.));
#13066=DIRECTION('',(-0.733477738657488,-0.679713474115305,0.));
#13067=DIRECTION('',(0.,0.,-1.));
#13068=DIRECTION('',(0.,0.,-1.));
#13069=DIRECTION('',(-1.,0.,0.));
#13070=DIRECTION('',(0.,0.,-1.));
#13071=DIRECTION('',(0.,0.,-1.));
#13072=DIRECTION('',(0.,0.,-1.));
#13073=DIRECTION('',(-0.798413005039807,0.602110183756515,0.));
#13074=DIRECTION('',(0.,0.,-1.));
#13075=DIRECTION('',(0.,0.,-1.));
#13076=DIRECTION('',(-1.,0.,0.));
#13077=DIRECTION('',(0.,0.,-1.));
#13078=DIRECTION('',(-0.497189751475549,0.867641833378083,0.));
#13079=DIRECTION('',(0.,0.,-1.));
#13080=DIRECTION('',(0.,0.,-1.));
#13081=DIRECTION('',(-1.,0.,0.));
#13082=DIRECTION('',(0.,0.,-1.));
#13083=DIRECTION('',(-0.163056550127543,0.986616724701393,0.));
#13084=DIRECTION('',(0.,0.,-1.));
#13085=DIRECTION('',(0.,0.,-1.));
#13086=DIRECTION('',(-1.,0.,0.));
#13087=DIRECTION('',(0.,0.,-1.));
#13088=DIRECTION('',(0.090249177792552,0.99591921655713,0.));
#13089=DIRECTION('',(0.,0.,-1.));
#13090=DIRECTION('',(0.,0.,-1.));
#13091=DIRECTION('',(-1.,0.,0.));
#13092=DIRECTION('',(0.,0.,-1.));
#13093=DIRECTION('',(0.,0.,-1.));
#13094=DIRECTION('',(0.896699505543969,-0.442639804759131,0.));
#13095=DIRECTION('',(0.,0.,-1.));
#13096=DIRECTION('',(0.,0.,-1.));
#13097=DIRECTION('',(-1.,0.,0.));
#13098=DIRECTION('',(0.888461516247553,-0.458951123919639,1.33867272891406E-26));
#13099=DIRECTION('',(-0.458951123919639,-0.888461516247553,2.6619906353583E-34));
#13100=DIRECTION('',(0.,0.,-1.));
#13101=DIRECTION('',(-0.458951123919639,-0.888461516247553,0.));
#13102=DIRECTION('',(0.,0.,-1.));
#13103=DIRECTION('',(0.881748653640979,-0.471719526628187,0.));
#13104=DIRECTION('',(0.,0.,-1.));
#13105=DIRECTION('',(0.,0.,-1.));
#13106=DIRECTION('',(-1.,0.,0.));
#13107=DIRECTION('',(0.,0.,-1.));
#13108=DIRECTION('',(0.851109648655105,-0.524987967448954,0.));
#13109=DIRECTION('',(0.,0.,-1.));
#13110=DIRECTION('',(0.,0.,-1.));
#13111=DIRECTION('',(-1.,0.,0.));
#13112=DIRECTION('',(0.,0.,-1.));
#13113=DIRECTION('',(-0.506878723472355,-0.862017377835874,0.));
#13114=DIRECTION('',(0.,0.,-1.));
#13115=DIRECTION('',(0.,0.,-1.));
#13116=DIRECTION('',(-1.,0.,0.));
#13117=DIRECTION('',(0.,0.,-1.));
#13118=DIRECTION('',(0.431161820548513,0.902274617010415,0.));
#13119=DIRECTION('',(0.,0.,-1.));
#13120=DIRECTION('',(0.,0.,-1.));
#13121=DIRECTION('',(-1.,0.,0.));
#13122=DIRECTION('',(0.,0.,-1.));
#13123=DIRECTION('',(0.195454009333855,0.980712868394884,0.));
#13124=DIRECTION('',(0.,0.,-1.));
#13125=DIRECTION('',(0.,0.,-1.));
#13126=DIRECTION('',(-1.,0.,0.));
#13127=DIRECTION('',(0.,0.,-1.));
#13128=DIRECTION('',(-0.0117440729319554,0.999931035997468,0.));
#13129=DIRECTION('',(0.,0.,-1.));
#13130=DIRECTION('',(0.,0.,-1.));
#13131=DIRECTION('',(-1.,0.,0.));
#13132=DIRECTION('',(0.,0.,-1.));
#13133=DIRECTION('',(-0.28978372654399,0.957092154304003,0.));
#13134=DIRECTION('',(0.,0.,-1.));
#13135=DIRECTION('',(0.,0.,-1.));
#13136=DIRECTION('',(-1.,0.,0.));
#13137=DIRECTION('',(0.,0.,-1.));
#13138=DIRECTION('',(-0.591468239844514,0.806328296201512,0.));
#13139=DIRECTION('',(0.,0.,-1.));
#13140=DIRECTION('',(0.,0.,-1.));
#13141=DIRECTION('',(-1.,0.,0.));
#13142=DIRECTION('',(0.,0.,-1.));
#13143=DIRECTION('',(-0.820495510003174,0.571652969960475,0.));
#13144=DIRECTION('',(0.,0.,-1.));
#13145=DIRECTION('',(0.,0.,-1.));
#13146=DIRECTION('',(-1.,0.,0.));
#13147=DIRECTION('',(0.,0.,-1.));
#13148=DIRECTION('',(-0.974238864263751,0.225518592045262,0.));
#13149=DIRECTION('',(0.,0.,-1.));
#13150=DIRECTION('',(0.,0.,-1.));
#13151=DIRECTION('',(-1.,0.,0.));
#13152=DIRECTION('',(0.,0.,-1.));
#13153=DIRECTION('',(0.,0.,-1.));
#13154=DIRECTION('',(-0.605333406537687,-0.795972026474222,0.));
#13155=DIRECTION('',(0.,0.,-1.));
#13156=DIRECTION('',(0.,0.,-1.));
#13157=DIRECTION('',(-1.,0.,0.));
#13158=DIRECTION('',(0.,0.,-1.));
#13159=DIRECTION('',(-0.438246338139686,-0.898854908818523,0.));
#13160=DIRECTION('',(0.,0.,-1.));
#13161=DIRECTION('',(0.,0.,-1.));
#13162=DIRECTION('',(-1.,0.,0.));
#13163=DIRECTION('',(0.,0.,-1.));
#13164=DIRECTION('',(0.495809668075029,0.868431213766139,0.));
#13165=DIRECTION('',(0.,0.,-1.));
#13166=DIRECTION('',(0.,0.,-1.));
#13167=DIRECTION('',(-1.,0.,0.));
#13168=DIRECTION('',(0.,0.,-1.));
#13169=DIRECTION('',(0.,0.,-1.));
#13170=DIRECTION('',(0.,0.,-1.));
#13171=DIRECTION('',(0.,0.,-1.));
#13172=DIRECTION('',(0.,0.,-1.));
#13173=DIRECTION('',(0.589447134337884,-0.807806954550935,0.));
#13174=DIRECTION('',(0.,0.,-1.));
#13175=DIRECTION('',(0.,0.,-1.));
#13176=DIRECTION('',(-1.,0.,0.));
#13177=DIRECTION('',(0.,0.,-1.));
#13178=DIRECTION('',(0.196853858654827,-0.980432842336845,0.));
#13179=DIRECTION('',(0.,0.,-1.));
#13180=DIRECTION('',(0.,0.,-1.));
#13181=DIRECTION('',(-1.,0.,0.));
#13182=DIRECTION('',(0.,0.,-1.));
#13183=DIRECTION('',(-0.19684756535549,-0.980434105900859,0.));
#13184=DIRECTION('',(0.,0.,-1.));
#13185=DIRECTION('',(0.,0.,-1.));
#13186=DIRECTION('',(-1.,0.,0.));
#13187=DIRECTION('',(0.,0.,-1.));
#13188=DIRECTION('',(-0.589165559540487,-0.808012341150397,0.));
#13189=DIRECTION('',(0.,0.,-1.));
#13190=DIRECTION('',(0.,0.,-1.));
#13191=DIRECTION('',(-1.,0.,0.));
#13192=DIRECTION('',(0.,0.,-1.));
#13193=DIRECTION('',(0.,0.,-1.));
#13194=DIRECTION('',(0.,0.,-1.));
#13195=DIRECTION('',(0.,0.,-1.));
#13196=DIRECTION('',(0.,0.,-1.));
#13197=DIRECTION('',(-0.591876455108164,0.806028697931156,0.));
#13198=DIRECTION('',(0.,0.,-1.));
#13199=DIRECTION('',(0.,0.,-1.));
#13200=DIRECTION('',(-1.,0.,0.));
#13201=DIRECTION('',(0.,0.,-1.));
#13202=DIRECTION('',(-0.200519884529608,0.979689632438882,0.));
#13203=DIRECTION('',(0.,0.,-1.));
#13204=DIRECTION('',(0.,0.,-1.));
#13205=DIRECTION('',(-1.,0.,0.));
#13206=DIRECTION('',(0.,0.,-1.));
#13207=DIRECTION('',(0.200526076852436,0.979688364992752,0.));
#13208=DIRECTION('',(0.,0.,-1.));
#13209=DIRECTION('',(0.,0.,-1.));
#13210=DIRECTION('',(-1.,0.,0.));
#13211=DIRECTION('',(0.,0.,-1.));
#13212=DIRECTION('',(0.592158765640261,0.8058213178338,0.));
#13213=DIRECTION('',(0.,0.,-1.));
#13214=DIRECTION('',(0.,0.,-1.));
#13215=DIRECTION('',(-1.,0.,0.));
#13216=DIRECTION('',(0.,1.,0.));
#13217=DIRECTION('',(0.,0.,1.));
#13218=DIRECTION('',(0.,0.,-1.));
#13219=DIRECTION('',(1.,0.,0.));
#13220=DIRECTION('',(0.,0.,-1.));
#13221=DIRECTION('',(1.,0.,0.));
#13222=DIRECTION('',(0.,0.,-1.));
#13223=DIRECTION('',(0.,0.,-1.));
#13224=DIRECTION('',(0.,-1.,0.));
#13225=DIRECTION('',(0.,-1.,0.));
#13226=DIRECTION('',(0.,0.,-1.));
#13227=DIRECTION('',(0.,0.,-1.));
#13228=DIRECTION('',(-1.,0.,0.));
#13229=DIRECTION('',(1.,0.,0.));
#13230=DIRECTION('',(0.,0.,-1.));
#13231=DIRECTION('',(0.,0.,-1.));
#13232=DIRECTION('',(0.,-1.,0.));
#13233=DIRECTION('',(0.,-1.,0.));
#13234=DIRECTION('',(0.,0.,-1.));
#13235=DIRECTION('',(0.,0.,-1.));
#13236=DIRECTION('',(-1.,0.,0.));
#13237=DIRECTION('',(-1.,0.,0.));
#13238=DIRECTION('',(0.,0.,1.));
#13239=DIRECTION('',(0.,0.,-1.));
#13240=DIRECTION('',(0.,1.,0.));
#13241=DIRECTION('',(0.,-1.,0.));
#13242=DIRECTION('',(0.,0.,-1.));
#13243=DIRECTION('',(0.,0.,-1.));
#13244=DIRECTION('',(-1.,0.,0.));
#13245=DIRECTION('',(0.,1.,0.));
#13246=DIRECTION('',(0.,0.,1.));
#13247=DIRECTION('',(0.,0.,-1.));
#13248=DIRECTION('',(1.,0.,0.));
#13249=DIRECTION('',(0.,0.,-1.));
#13250=DIRECTION('',(1.,0.,0.));
#13251=DIRECTION('',(0.,0.,-1.));
#13252=DIRECTION('',(0.,0.,-1.));
#13253=DIRECTION('',(0.,-1.,0.));
#13254=DIRECTION('',(0.,-1.,0.));
#13255=DIRECTION('',(0.,0.,-1.));
#13256=DIRECTION('',(0.,0.,-1.));
#13257=DIRECTION('',(-1.,0.,0.));
#13258=DIRECTION('',(1.,0.,0.));
#13259=DIRECTION('',(0.,0.,-1.));
#13260=DIRECTION('',(0.,0.,-1.));
#13261=DIRECTION('',(0.,-1.,0.));
#13262=DIRECTION('',(0.,-1.,0.));
#13263=DIRECTION('',(0.,0.,-1.));
#13264=DIRECTION('',(0.,0.,-1.));
#13265=DIRECTION('',(-1.,0.,0.));
#13266=DIRECTION('',(-1.,0.,0.));
#13267=DIRECTION('',(0.,0.,1.));
#13268=DIRECTION('',(0.,0.,-1.));
#13269=DIRECTION('',(0.,1.,0.));
#13270=DIRECTION('',(0.,-1.,0.));
#13271=DIRECTION('',(0.,0.,-1.));
#13272=DIRECTION('',(0.,0.,-1.));
#13273=DIRECTION('',(-1.,0.,0.));
#13274=DIRECTION('',(0.,1.,0.));
#13275=DIRECTION('',(0.,0.,1.));
#13276=DIRECTION('',(0.,0.,-1.));
#13277=DIRECTION('',(1.,0.,0.));
#13278=DIRECTION('',(0.,0.,-1.));
#13279=DIRECTION('',(1.,0.,0.));
#13280=DIRECTION('',(0.,0.,-1.));
#13281=DIRECTION('',(0.,0.,-1.));
#13282=DIRECTION('',(0.,-1.,0.));
#13283=DIRECTION('',(0.,0.,-1.));
#13284=DIRECTION('',(0.,0.,-1.));
#13285=DIRECTION('',(0.,0.,-1.));
#13286=DIRECTION('',(0.618214544483778,-0.786009400063838,0.));
#13287=DIRECTION('',(0.,0.,-1.));
#13288=DIRECTION('',(0.,0.,-1.));
#13289=DIRECTION('',(-1.,0.,0.));
#13290=DIRECTION('',(0.,0.,-1.));
#13291=DIRECTION('',(0.,0.,-1.));
#13292=DIRECTION('',(0.,0.,-1.));
#13293=DIRECTION('',(-0.617832402386987,-0.786309813343776,0.));
#13294=DIRECTION('',(0.,0.,-1.));
#13295=DIRECTION('',(0.,0.,-1.));
#13296=DIRECTION('',(-1.,0.,0.));
#13297=DIRECTION('',(0.,0.,-1.));
#13298=DIRECTION('',(0.,0.,-1.));
#13299=DIRECTION('',(-1.,0.,0.));
#13300=DIRECTION('',(0.,0.,1.));
#13301=DIRECTION('',(0.,0.,-1.));
#13302=DIRECTION('',(0.,1.,0.));
#13303=DIRECTION('',(0.,1.,0.));
#13304=DIRECTION('',(0.,0.,1.));
#13305=DIRECTION('',(0.,0.,-1.));
#13306=DIRECTION('',(1.,0.,0.));
#13307=DIRECTION('',(1.,0.,0.));
#13308=DIRECTION('',(0.,0.,-1.));
#13309=DIRECTION('',(0.,0.,-1.));
#13310=DIRECTION('',(0.,-1.,0.));
#13311=DIRECTION('',(0.,0.,-1.));
#13312=DIRECTION('',(0.,0.,-1.));
#13313=DIRECTION('',(0.,0.,-1.));
#13314=DIRECTION('',(0.,0.,-1.));
#13315=DIRECTION('',(-0.222645688230334,-0.974899429434873,0.));
#13316=DIRECTION('',(0.,0.,-1.));
#13317=DIRECTION('',(0.,0.,-1.));
#13318=DIRECTION('',(-1.,0.,0.));
#13319=DIRECTION('',(0.,0.,-1.));
#13320=DIRECTION('',(0.202816605596399,-0.979216740305411,0.));
#13321=DIRECTION('',(0.,0.,-1.));
#13322=DIRECTION('',(0.,0.,-1.));
#13323=DIRECTION('',(-1.,0.,0.));
#13324=DIRECTION('',(0.,0.,-1.));
#13325=DIRECTION('',(0.,0.,-1.));
#13326=DIRECTION('',(0.,0.,-1.));
#13327=DIRECTION('',(0.,0.,-1.));
#13328=DIRECTION('',(-0.198873326476035,0.980025203765881,0.));
#13329=DIRECTION('',(0.,0.,-1.));
#13330=DIRECTION('',(0.,0.,-1.));
#13331=DIRECTION('',(-1.,0.,0.));
#13332=DIRECTION('',(0.,0.,-1.));
#13333=DIRECTION('',(0.,0.,-1.));
#13334=DIRECTION('',(0.213419649845397,0.976960620014885,0.));
#13335=DIRECTION('',(0.,0.,-1.));
#13336=DIRECTION('',(0.,0.,-1.));
#13337=DIRECTION('',(-1.,0.,0.));
#13338=DIRECTION('',(0.,0.,-1.));
#13339=DIRECTION('',(0.610112470456837,0.792314819622261,0.));
#13340=DIRECTION('',(0.,0.,-1.));
#13341=DIRECTION('',(0.,0.,-1.));
#13342=DIRECTION('',(-1.,0.,0.));
#13343=DIRECTION('',(0.,0.,-1.));
#13344=DIRECTION('',(0.871137872262124,0.491038499010637,0.));
#13345=DIRECTION('',(0.,0.,-1.));
#13346=DIRECTION('',(0.,0.,-1.));
#13347=DIRECTION('',(-1.,0.,0.));
#13348=DIRECTION('',(0.,0.,-1.));
#13349=DIRECTION('',(0.986938901924649,0.161095015030781,0.));
#13350=DIRECTION('',(0.,0.,-1.));
#13351=DIRECTION('',(0.,0.,-1.));
#13352=DIRECTION('',(-1.,0.,0.));
#13353=DIRECTION('',(0.,0.,-1.));
#13354=DIRECTION('',(0.985614620999314,-0.169008339653339,0.));
#13355=DIRECTION('',(0.,0.,-1.));
#13356=DIRECTION('',(0.,0.,-1.));
#13357=DIRECTION('',(-1.,0.,0.));
#13358=DIRECTION('',(0.,0.,-1.));
#13359=DIRECTION('',(0.860584038717047,-0.509308464788733,0.));
#13360=DIRECTION('',(0.,0.,-1.));
#13361=DIRECTION('',(0.,0.,-1.));
#13362=DIRECTION('',(-1.,0.,0.));
#13363=DIRECTION('',(0.,0.,-1.));
#13364=DIRECTION('',(0.590788071282286,-0.806826781180791,0.));
#13365=DIRECTION('',(0.,0.,-1.));
#13366=DIRECTION('',(0.,0.,-1.));
#13367=DIRECTION('',(-1.,0.,0.));
#13368=DIRECTION('',(0.,0.,-1.));
#13369=DIRECTION('',(0.203741885762353,-0.979024639110784,0.));
#13370=DIRECTION('',(0.,0.,-1.));
#13371=DIRECTION('',(0.,0.,-1.));
#13372=DIRECTION('',(-1.,0.,0.));
#13373=DIRECTION('',(0.,0.,-1.));
#13374=DIRECTION('',(-0.204191451708089,-0.97893097358769,0.));
#13375=DIRECTION('',(0.,0.,-1.));
#13376=DIRECTION('',(0.,0.,-1.));
#13377=DIRECTION('',(-1.,0.,0.));
#13378=DIRECTION('',(0.,0.,-1.));
#13379=DIRECTION('',(-0.597679869181598,-0.801734852663315,0.));
#13380=DIRECTION('',(0.,0.,-1.));
#13381=DIRECTION('',(0.,0.,-1.));
#13382=DIRECTION('',(-1.,0.,0.));
#13383=DIRECTION('',(0.,0.,-1.));
#13384=DIRECTION('',(-0.869029837598088,-0.494759680414886,0.));
#13385=DIRECTION('',(0.,0.,-1.));
#13386=DIRECTION('',(0.,0.,-1.));
#13387=DIRECTION('',(-1.,0.,0.));
#13388=DIRECTION('',(0.,0.,-1.));
#13389=DIRECTION('',(-0.98709298358601,-0.160148186862256,0.));
#13390=DIRECTION('',(0.,0.,-1.));
#13391=DIRECTION('',(0.,0.,-1.));
#13392=DIRECTION('',(-1.,0.,0.));
#13393=DIRECTION('',(0.,0.,-1.));
#13394=DIRECTION('',(-0.985254388710974,0.171095848943698,0.));
#13395=DIRECTION('',(0.,0.,-1.));
#13396=DIRECTION('',(0.,0.,-1.));
#13397=DIRECTION('',(-1.,0.,0.));
#13398=DIRECTION('',(0.,0.,-1.));
#13399=DIRECTION('',(-0.856938003473022,0.515419497306487,0.));
#13400=DIRECTION('',(0.,0.,-1.));
#13401=DIRECTION('',(0.,0.,-1.));
#13402=DIRECTION('',(-1.,0.,0.));
#13403=DIRECTION('',(1.,0.,0.));
#13404=DIRECTION('',(0.,0.,-1.));
#13405=DIRECTION('',(0.,0.,-1.));
#13406=DIRECTION('',(0.,-1.,0.));
#13407=DIRECTION('',(0.,0.,-1.));
#13408=DIRECTION('',(0.,0.,-1.));
#13409=DIRECTION('',(0.,0.,-1.));
#13410=DIRECTION('',(-0.747422009107593,-0.664349561828387,0.));
#13411=DIRECTION('',(0.,0.,-1.));
#13412=DIRECTION('',(0.,0.,-1.));
#13413=DIRECTION('',(-1.,0.,0.));
#13414=DIRECTION('',(0.,0.,-1.));
#13415=DIRECTION('',(-0.321526823470358,-0.946900470899165,0.));
#13416=DIRECTION('',(0.,0.,-1.));
#13417=DIRECTION('',(0.,0.,-1.));
#13418=DIRECTION('',(-1.,0.,0.));
#13419=DIRECTION('',(0.,0.,-1.));
#13420=DIRECTION('',(-0.0579904342961009,-0.998317138754088,0.));
#13421=DIRECTION('',(0.,0.,-1.));
#13422=DIRECTION('',(0.,0.,-1.));
#13423=DIRECTION('',(-1.,0.,0.));
#13424=DIRECTION('',(1.,0.,0.));
#13425=DIRECTION('',(0.,0.,-1.));
#13426=DIRECTION('',(0.,0.,-1.));
#13427=DIRECTION('',(0.,-1.,0.));
#13428=DIRECTION('',(0.,0.,-1.));
#13429=DIRECTION('',(0.115630246082875,-0.993292326654552,0.));
#13430=DIRECTION('',(0.,0.,-1.));
#13431=DIRECTION('',(7.08951099363185E-18,-6.08205416822788E-17,-1.));
#13432=DIRECTION('',(0.157043288665385,-0.987591720036757,0.));
#13433=DIRECTION('',(0.,0.,-1.));
#13434=DIRECTION('',(0.0557621730825382,-0.998444079582384,0.));
#13435=DIRECTION('',(0.,0.,-1.));
#13436=DIRECTION('',(0.,0.,-1.));
#13437=DIRECTION('',(-1.,0.,0.));
#13438=DIRECTION('',(0.,0.,-1.));
#13439=DIRECTION('',(0.0156774536223109,-0.999877101171899,0.));
#13440=DIRECTION('',(0.,0.,-1.));
#13441=DIRECTION('',(9.73586626368569E-19,-6.12245995147016E-17,-1.));
#13442=DIRECTION('',(0.0315799380673921,-0.999501229369759,0.));
#13443=DIRECTION('',(0.,0.,-1.));
#13444=DIRECTION('',(-0.0312280144119842,-0.999512286625775,0.));
#13445=DIRECTION('',(0.,0.,-1.));
#13446=DIRECTION('',(-1.92258062205926E-18,-6.12021498021624E-17,-1.));
#13447=DIRECTION('',(-0.000516456944997651,-0.999999866636103,0.));
#13448=DIRECTION('',(0.,0.,-1.));
#13449=DIRECTION('',(-0.117791929523532,-0.993038298022349,0.));
#13450=DIRECTION('',(0.,0.,-1.));
#13451=DIRECTION('',(0.,0.,-1.));
#13452=DIRECTION('',(-1.,0.,0.));
#13453=DIRECTION('',(0.,0.,-1.));
#13454=DIRECTION('',(0.,0.,-1.));
#13455=DIRECTION('',(-0.877157289899884,-0.480203174474608,0.));
#13456=DIRECTION('',(0.,0.,-1.));
#13457=DIRECTION('',(0.,0.,-1.));
#13458=DIRECTION('',(-1.,0.,0.));
#13459=DIRECTION('',(0.,0.,-1.));
#13460=DIRECTION('',(-0.977838453832554,-0.209360832550791,0.));
#13461=DIRECTION('',(0.,0.,-1.));
#13462=DIRECTION('',(0.,0.,-1.));
#13463=DIRECTION('',(-1.,0.,0.));
#13464=DIRECTION('',(0.,0.,-1.));
#13465=DIRECTION('',(-0.998490132236269,-0.0549313737931059,0.));
#13466=DIRECTION('',(0.,0.,-1.));
#13467=DIRECTION('',(0.,0.,-1.));
#13468=DIRECTION('',(-1.,0.,0.));
#13469=DIRECTION('',(-1.,0.,0.));
#13470=DIRECTION('',(0.,0.,1.));
#13471=DIRECTION('',(0.,0.,-1.));
#13472=DIRECTION('',(0.,1.,0.));
#13473=DIRECTION('',(0.,-1.,0.));
#13474=DIRECTION('',(0.,0.,-1.));
#13475=DIRECTION('',(0.,0.,-1.));
#13476=DIRECTION('',(-1.,0.,0.));
#13477=DIRECTION('',(-1.,0.,0.));
#13478=DIRECTION('',(0.,0.,1.));
#13479=DIRECTION('',(0.,0.,-1.));
#13480=DIRECTION('',(0.,1.,0.));
#13481=DIRECTION('',(0.,1.,0.));
#13482=DIRECTION('',(0.,0.,1.));
#13483=DIRECTION('',(0.,0.,-1.));
#13484=DIRECTION('',(1.,0.,0.));
#13485=DIRECTION('',(-1.,0.,0.));
#13486=DIRECTION('',(0.,0.,1.));
#13487=DIRECTION('',(0.,0.,-1.));
#13488=DIRECTION('',(0.,1.,0.));
#13489=DIRECTION('',(0.,1.,0.));
#13490=DIRECTION('',(0.,0.,1.));
#13491=DIRECTION('',(0.,0.,-1.));
#13492=DIRECTION('',(1.,0.,0.));
#13493=DIRECTION('',(1.,0.,0.));
#13494=DIRECTION('',(0.,0.,-1.));
#13495=DIRECTION('',(0.,0.,-1.));
#13496=DIRECTION('',(0.,-1.,0.));
#13497=DIRECTION('',(0.,1.,0.));
#13498=DIRECTION('',(0.,0.,1.));
#13499=DIRECTION('',(0.,0.,-1.));
#13500=DIRECTION('',(1.,0.,0.));
#13501=DIRECTION('',(1.,0.,0.));
#13502=DIRECTION('',(0.,0.,-1.));
#13503=DIRECTION('',(0.,0.,-1.));
#13504=DIRECTION('',(0.,-1.,0.));
#13505=DIRECTION('',(1.,0.,0.));
#13506=DIRECTION('',(0.,0.,-1.));
#13507=DIRECTION('',(0.,0.,-1.));
#13508=DIRECTION('',(0.,-1.,0.));
#13509=DIRECTION('',(0.,0.,-1.));
#13510=DIRECTION('',(0.,-1.,0.));
#13511=DIRECTION('',(0.,0.,-1.));
#13512=DIRECTION('',(0.,0.,-1.));
#13513=DIRECTION('',(-1.,0.,0.));
#13514=DIRECTION('',(-1.,0.,0.));
#13515=DIRECTION('',(0.,0.,1.));
#13516=DIRECTION('',(0.,0.,-1.));
#13517=DIRECTION('',(0.,1.,0.));
#13518=DIRECTION('',(0.,0.,-1.));
#13519=DIRECTION('',(0.998874889028994,0.0474231596091456,0.));
#13520=DIRECTION('',(0.,0.,-1.));
#13521=DIRECTION('',(0.,0.,-1.));
#13522=DIRECTION('',(-1.,0.,0.));
#13523=DIRECTION('',(0.,0.,-1.));
#13524=DIRECTION('',(0.967981289221224,0.251022357007532,0.));
#13525=DIRECTION('',(0.,0.,-1.));
#13526=DIRECTION('',(0.,0.,-1.));
#13527=DIRECTION('',(-1.,0.,0.));
#13528=DIRECTION('',(0.,0.,-1.));
#13529=DIRECTION('',(0.777473133082121,0.628916152865762,0.));
#13530=DIRECTION('',(0.,0.,-1.));
#13531=DIRECTION('',(0.,0.,-1.));
#13532=DIRECTION('',(-1.,0.,0.));
#13533=DIRECTION('',(0.,0.,-1.));
#13534=DIRECTION('',(0.,0.,-1.));
#13535=DIRECTION('',(-0.0996389984706939,0.995023652977032,0.));
#13536=DIRECTION('',(0.,0.,-1.));
#13537=DIRECTION('',(0.,0.,-1.));
#13538=DIRECTION('',(-1.,0.,0.));
#13539=DIRECTION('',(0.,0.,-1.));
#13540=DIRECTION('',(-0.242537810760997,0.97014195371155,0.));
#13541=DIRECTION('',(0.,0.,-1.));
#13542=DIRECTION('',(0.,0.,-1.));
#13543=DIRECTION('',(-1.,0.,0.));
#13544=DIRECTION('',(0.,0.,-1.));
#13545=DIRECTION('',(-0.393907310207313,0.919150167799168,0.));
#13546=DIRECTION('',(0.,0.,-1.));
#13547=DIRECTION('',(0.,0.,-1.));
#13548=DIRECTION('',(-1.,0.,0.));
#13549=DIRECTION('',(0.,0.,-1.));
#13550=DIRECTION('',(-0.658633396347926,0.752463985327668,0.));
#13551=DIRECTION('',(0.,0.,-1.));
#13552=DIRECTION('',(0.,0.,-1.));
#13553=DIRECTION('',(-1.,0.,0.));
#13554=DIRECTION('',(1.,0.,0.));
#13555=DIRECTION('',(0.,0.,-1.));
#13556=DIRECTION('',(0.,0.,-1.));
#13557=DIRECTION('',(0.,-1.,0.));
#13558=DIRECTION('',(0.,-1.,0.));
#13559=DIRECTION('',(0.,0.,-1.));
#13560=DIRECTION('',(0.,0.,-1.));
#13561=DIRECTION('',(-1.,0.,0.));
#13562=DIRECTION('',(-1.,0.,0.));
#13563=DIRECTION('',(0.,0.,1.));
#13564=DIRECTION('',(0.,0.,-1.));
#13565=DIRECTION('',(0.,1.,0.));
#13566=DIRECTION('',(0.,1.,0.));
#13567=DIRECTION('',(0.,0.,1.));
#13568=DIRECTION('',(0.,0.,-1.));
#13569=DIRECTION('',(1.,0.,0.));
#13570=DIRECTION('',(0.975079015927063,0.221857865983403,0.));
#13571=DIRECTION('',(-0.221857865983403,0.975079015927063,0.));
#13572=DIRECTION('',(0.,0.,-1.));
#13573=DIRECTION('',(0.221857865983403,-0.975079015927063,0.));
#13574=DIRECTION('',(0.,0.,-1.));
#13575=DIRECTION('',(-0.597091421883998,0.802173194461486,0.));
#13576=DIRECTION('',(0.,0.,-1.));
#13577=DIRECTION('',(0.,0.,-1.));
#13578=DIRECTION('',(-1.,0.,0.));
#13579=DIRECTION('',(0.,0.,-1.));
#13580=DIRECTION('',(-0.452537956413649,0.891745141845448,0.));
#13581=DIRECTION('',(0.,0.,-1.));
#13582=DIRECTION('',(0.,0.,-1.));
#13583=DIRECTION('',(-1.,0.,0.));
#13584=DIRECTION('',(0.,0.,-1.));
#13585=DIRECTION('',(-0.307547381345446,0.95153276781599,0.));
#13586=DIRECTION('',(0.,0.,-1.));
#13587=DIRECTION('',(-1.8879489426716E-17,5.82491573813833E-17,-1.));
#13588=DIRECTION('',(-0.381709138504582,0.924282496632977,0.));
#13589=DIRECTION('',(0.,0.,-1.));
#13590=DIRECTION('',(-0.120342321336506,0.992732454236962,0.));
#13591=DIRECTION('',(0.,0.,-1.));
#13592=DIRECTION('',(0.,0.,-1.));
#13593=DIRECTION('',(-1.,0.,0.));
#13594=DIRECTION('',(0.,0.,-1.));
#13595=DIRECTION('',(0.,0.,-1.));
#13596=DIRECTION('',(0.616869167429271,0.787065708994566,0.));
#13597=DIRECTION('',(0.,0.,-1.));
#13598=DIRECTION('',(0.,0.,-1.));
#13599=DIRECTION('',(-1.,0.,0.));
#13600=DIRECTION('',(0.,0.,-1.));
#13601=DIRECTION('',(0.831038991717503,0.556214162211963,0.));
#13602=DIRECTION('',(0.,0.,-1.));
#13603=DIRECTION('',(0.,0.,-1.));
#13604=DIRECTION('',(-1.,0.,0.));
#13605=DIRECTION('',(0.,0.,-1.));
#13606=DIRECTION('',(0.958218121151587,0.286038515407843,0.));
#13607=DIRECTION('',(0.,0.,-1.));
#13608=DIRECTION('',(0.,0.,-1.));
#13609=DIRECTION('',(-1.,0.,0.));
#13610=DIRECTION('',(0.,0.,-1.));
#13611=DIRECTION('',(0.994011143044532,0.109278760531509,0.));
#13612=DIRECTION('',(0.,0.,-1.));
#13613=DIRECTION('',(6.08614274784407E-17,6.72949492466936E-18,-1.));
#13614=DIRECTION('',(0.983439656719956,0.18123587280264,0.));
#13615=DIRECTION('',(0.,0.,-1.));
#13616=DIRECTION('',(0.907150819526793,0.42080564472434,0.));
#13617=DIRECTION('',(0.,0.,-1.));
#13618=DIRECTION('',(0.,0.,-1.));
#13619=DIRECTION('',(-1.,0.,0.));
#13620=DIRECTION('',(0.,0.,-1.));
#13621=DIRECTION('',(0.,0.,-1.));
#13622=DIRECTION('',(0.992632690963271,0.121162456359285,0.));
#13623=DIRECTION('',(0.,0.,-1.));
#13624=DIRECTION('',(0.,0.,-1.));
#13625=DIRECTION('',(-1.,0.,0.));
#13626=DIRECTION('',(0.,0.,-1.));
#13627=DIRECTION('',(0.992601118966785,-0.121420832750751,0.));
#13628=DIRECTION('',(0.,0.,-1.));
#13629=DIRECTION('',(0.,0.,-1.));
#13630=DIRECTION('',(-1.,0.,0.));
#13631=DIRECTION('',(0.,0.,-1.));
#13632=DIRECTION('',(0.917516033503998,-0.397698790874564,0.));
#13633=DIRECTION('',(0.,0.,-1.));
#13634=DIRECTION('',(0.,0.,-1.));
#13635=DIRECTION('',(-1.,0.,0.));
#13636=DIRECTION('',(0.,0.,-1.));
#13637=DIRECTION('',(0.690451757652285,-0.723378442003126,0.));
#13638=DIRECTION('',(0.,0.,-1.));
#13639=DIRECTION('',(0.,0.,-1.));
#13640=DIRECTION('',(-1.,0.,0.));
#13641=DIRECTION('',(0.,0.,-1.));
#13642=DIRECTION('',(0.,0.,-1.));
#13643=DIRECTION('',(-0.103622213683688,-0.994616728610218,0.));
#13644=DIRECTION('',(0.,0.,-1.));
#13645=DIRECTION('',(0.,0.,-1.));
#13646=DIRECTION('',(-1.,0.,0.));
#13647=DIRECTION('',(0.,0.,-1.));
#13648=DIRECTION('',(-0.312900433915763,-0.94978593296349,0.));
#13649=DIRECTION('',(0.,0.,-1.));
#13650=DIRECTION('',(0.,0.,-1.));
#13651=DIRECTION('',(-1.,0.,0.));
#13652=DIRECTION('',(0.,0.,-1.));
#13653=DIRECTION('',(-0.532670140927306,-0.846322941296337,0.));
#13654=DIRECTION('',(0.,0.,-1.));
#13655=DIRECTION('',(0.,0.,-1.));
#13656=DIRECTION('',(-1.,0.,0.));
#13657=DIRECTION('',(0.,0.,-1.));
#13658=DIRECTION('',(0.,0.,-1.));
#13659=DIRECTION('',(0.995848522514568,-0.0910259315005965,0.));
#13660=DIRECTION('',(0.,0.,-1.));
#13661=DIRECTION('',(0.,0.,-1.));
#13662=DIRECTION('',(-1.,0.,0.));
#13663=DIRECTION('',(0.,0.,-1.));
#13664=DIRECTION('',(-0.996062104793875,0.088658239287707,0.));
#13665=DIRECTION('',(0.,0.,-1.));
#13666=DIRECTION('',(0.,0.,-1.));
#13667=DIRECTION('',(-1.,0.,0.));
#13668=DIRECTION('',(0.,-1.,0.));
#13669=DIRECTION('',(0.,0.,-1.));
#13670=DIRECTION('',(0.,0.,-1.));
#13671=DIRECTION('',(-1.,0.,0.));
#13672=DIRECTION('',(-1.,0.,0.));
#13673=DIRECTION('',(0.,0.,1.));
#13674=DIRECTION('',(0.,0.,-1.));
#13675=DIRECTION('',(0.,1.,0.));
#13676=DIRECTION('',(0.,1.,0.));
#13677=DIRECTION('',(0.,0.,1.));
#13678=DIRECTION('',(0.,0.,-1.));
#13679=DIRECTION('',(1.,0.,0.));
#13680=DIRECTION('',(1.,0.,0.));
#13681=DIRECTION('',(0.,0.,-1.));
#13682=DIRECTION('',(0.,0.,-1.));
#13683=DIRECTION('',(0.,-1.,0.));
#13684=DIRECTION('',(0.,0.,-1.));
#13685=DIRECTION('',(0.,0.,-1.));
#13686=DIRECTION('',(-0.18996219477626,0.981791405827015,0.));
#13687=DIRECTION('',(0.,0.,-1.));
#13688=DIRECTION('',(0.,0.,-1.));
#13689=DIRECTION('',(-1.,0.,0.));
#13690=DIRECTION('',(0.,0.,-1.));
#13691=DIRECTION('',(0.131035250249294,0.991377709650618,0.));
#13692=DIRECTION('',(0.,0.,-1.));
#13693=DIRECTION('',(0.,0.,-1.));
#13694=DIRECTION('',(-1.,0.,0.));
#13695=DIRECTION('',(0.,0.,-1.));
#13696=DIRECTION('',(0.426691032117557,0.90439745859354,0.));
#13697=DIRECTION('',(0.,0.,-1.));
#13698=DIRECTION('',(0.,0.,-1.));
#13699=DIRECTION('',(-1.,0.,0.));
#13700=DIRECTION('',(0.,0.,-1.));
#13701=DIRECTION('',(0.983338478445528,0.181784038926509,0.));
#13702=DIRECTION('',(0.,0.,-1.));
#13703=DIRECTION('',(0.,0.,-1.));
#13704=DIRECTION('',(-1.,0.,0.));
#13705=DIRECTION('',(0.,0.,-1.));
#13706=DIRECTION('',(0.,0.,-1.));
#13707=DIRECTION('',(0.979303159005618,-0.202398919862772,0.));
#13708=DIRECTION('',(0.,0.,-1.));
#13709=DIRECTION('',(0.,0.,-1.));
#13710=DIRECTION('',(-1.,0.,0.));
#13711=DIRECTION('',(0.,0.,-1.));
#13712=DIRECTION('',(0.877284658238212,-0.479970445360819,0.));
#13713=DIRECTION('',(0.,0.,-1.));
#13714=DIRECTION('',(0.,0.,-1.));
#13715=DIRECTION('',(-1.,0.,0.));
#13716=DIRECTION('',(0.,0.,-1.));
#13717=DIRECTION('',(0.787188705402296,-0.616712203614504,0.));
#13718=DIRECTION('',(0.,0.,-1.));
#13719=DIRECTION('',(0.,0.,-1.));
#13720=DIRECTION('',(-1.,0.,0.));
#13721=DIRECTION('',(0.,0.,-1.));
#13722=DIRECTION('',(0.732086574473687,-0.681211602569556,0.));
#13723=DIRECTION('',(0.,0.,-1.));
#13724=DIRECTION('',(0.,0.,-1.));
#13725=DIRECTION('',(-1.,0.,0.));
#13726=DIRECTION('',(0.,0.,-1.));
#13727=DIRECTION('',(0.698456879112223,-0.715652141770576,0.));
#13728=DIRECTION('',(0.,0.,-1.));
#13729=DIRECTION('',(0.,0.,-1.));
#13730=DIRECTION('',(-1.,0.,0.));
#13731=DIRECTION('',(0.,0.,-1.));
#13732=DIRECTION('',(-0.692879359021554,0.721053530496787,0.));
#13733=DIRECTION('',(0.,0.,-1.));
#13734=DIRECTION('',(0.,0.,-1.));
#13735=DIRECTION('',(-1.,0.,0.));
#13736=DIRECTION('',(0.,1.,0.));
#13737=DIRECTION('',(0.,0.,1.));
#13738=DIRECTION('',(0.,0.,-1.));
#13739=DIRECTION('',(1.,0.,0.));
#13740=DIRECTION('',(1.,0.,0.));
#13741=DIRECTION('',(0.,0.,-1.));
#13742=DIRECTION('',(0.,0.,-1.));
#13743=DIRECTION('',(0.,-1.,0.));
#13744=DIRECTION('',(0.,-1.,0.));
#13745=DIRECTION('',(0.,0.,-1.));
#13746=DIRECTION('',(0.,0.,-1.));
#13747=DIRECTION('',(-1.,0.,0.));
#13748=DIRECTION('',(-1.,0.,0.));
#13749=DIRECTION('',(0.,0.,1.));
#13750=DIRECTION('',(0.,-7.09186566372929E-26,-1.));
#13751=DIRECTION('',(0.,1.,0.));
#13752=DIRECTION('',(-0.657005869397493,0.753885460515883,-5.34645441181733E-26));
#13753=DIRECTION('',(-0.753885460515883,-0.657005869397493,-3.70318882806935E-32));
#13754=DIRECTION('',(0.,0.,-1.));
#13755=DIRECTION('',(0.753885460515883,0.657005869397493,0.));
#13756=DIRECTION('',(0.,0.,-1.));
#13757=DIRECTION('',(0.664930859490452,-0.746904915030882,0.));
#13758=DIRECTION('',(0.,0.,-1.));
#13759=DIRECTION('',(0.,0.,-1.));
#13760=DIRECTION('',(-1.,0.,0.));
#13761=DIRECTION('',(0.,0.,-1.));
#13762=DIRECTION('',(0.699511103691001,-0.71462172917775,0.));
#13763=DIRECTION('',(0.,0.,-1.));
#13764=DIRECTION('',(0.,0.,-1.));
#13765=DIRECTION('',(-1.,0.,0.));
#13766=DIRECTION('',(0.,0.,-1.));
#13767=DIRECTION('',(0.75645390651879,-0.654047006959333,0.));
#13768=DIRECTION('',(0.,0.,-1.));
#13769=DIRECTION('',(0.,0.,-1.));
#13770=DIRECTION('',(-1.,0.,0.));
#13771=DIRECTION('',(0.,0.,-1.));
#13772=DIRECTION('',(0.841663542601177,-0.540002297269222,0.));
#13773=DIRECTION('',(0.,0.,-1.));
#13774=DIRECTION('',(0.,0.,-1.));
#13775=DIRECTION('',(-1.,0.,0.));
#13776=DIRECTION('',(0.,0.,-1.));
#13777=DIRECTION('',(0.967751309811432,-0.251907527394991,0.));
#13778=DIRECTION('',(0.,0.,-1.));
#13779=DIRECTION('',(0.,0.,-1.));
#13780=DIRECTION('',(-1.,0.,0.));
#13781=DIRECTION('',(0.,0.,-1.));
#13782=DIRECTION('',(0.975585625525133,0.219619414598835,0.));
#13783=DIRECTION('',(0.,0.,-1.));
#13784=DIRECTION('',(0.,0.,-1.));
#13785=DIRECTION('',(-1.,0.,0.));
#13786=DIRECTION('',(0.,0.,-1.));
#13787=DIRECTION('',(0.772172762024985,0.635412641978979,0.));
#13788=DIRECTION('',(0.,0.,-1.));
#13789=DIRECTION('',(0.,0.,-1.));
#13790=DIRECTION('',(-1.,0.,0.));
#13791=DIRECTION('',(0.,0.,-1.));
#13792=DIRECTION('',(0.44957964044591,0.893240251498177,0.));
#13793=DIRECTION('',(0.,0.,-1.));
#13794=DIRECTION('',(0.,0.,-1.));
#13795=DIRECTION('',(-1.,0.,0.));
#13796=DIRECTION('',(0.,0.,-1.));
#13797=DIRECTION('',(0.136278586585877,0.990670554139041,0.));
#13798=DIRECTION('',(0.,0.,-1.));
#13799=DIRECTION('',(0.,0.,-1.));
#13800=DIRECTION('',(-1.,0.,0.));
#13801=DIRECTION('',(0.,0.,-1.));
#13802=DIRECTION('',(-0.041599694895521,0.999134358024285,0.));
#13803=DIRECTION('',(0.,0.,-1.));
#13804=DIRECTION('',(0.,0.,-1.));
#13805=DIRECTION('',(-1.,0.,0.));
#13806=DIRECTION('',(0.,0.,-1.));
#13807=DIRECTION('',(-0.157217330651234,0.987564028781375,0.));
#13808=DIRECTION('',(0.,0.,-1.));
#13809=DIRECTION('',(0.,0.,-1.));
#13810=DIRECTION('',(-1.,0.,0.));
#13811=DIRECTION('',(0.,0.,-1.));
#13812=DIRECTION('',(-0.347477856679511,0.937688188641306,0.));
#13813=DIRECTION('',(0.,0.,-1.));
#13814=DIRECTION('',(0.,0.,-1.));
#13815=DIRECTION('',(-1.,0.,0.));
#13816=DIRECTION('',(0.,0.,-1.));
#13817=DIRECTION('',(-0.492361191698833,0.870390979335669,0.));
#13818=DIRECTION('',(0.,0.,-1.));
#13819=DIRECTION('',(0.,0.,-1.));
#13820=DIRECTION('',(-1.,0.,0.));
#13821=DIRECTION('',(-0.903976231070746,-0.427582709728925,0.));
#13822=DIRECTION('',(0.427582709728925,-0.903976231070746,0.));
#13823=DIRECTION('',(0.,0.,-1.));
#13824=DIRECTION('',(-0.427582709728925,0.903976231070746,0.));
#13825=DIRECTION('',(0.,0.,-1.));
#13826=DIRECTION('',(-0.549574632878147,0.835444625871069,0.));
#13827=DIRECTION('',(0.,0.,-1.));
#13828=DIRECTION('',(0.,0.,-1.));
#13829=DIRECTION('',(-1.,0.,0.));
#13830=DIRECTION('',(0.,0.,-1.));
#13831=DIRECTION('',(-0.355896119141467,0.934525522594243,0.));
#13832=DIRECTION('',(0.,0.,-1.));
#13833=DIRECTION('',(-2.18426646756424E-17,5.72039986060598E-17,-1.));
#13834=DIRECTION('',(-0.440224120357836,0.897887923883137,0.));
#13835=DIRECTION('',(0.,0.,-1.));
#13836=DIRECTION('',(-0.216696121972369,0.976239105302659,0.));
#13837=DIRECTION('',(0.,0.,-1.));
#13838=DIRECTION('',(0.,0.,-1.));
#13839=DIRECTION('',(-1.,0.,0.));
#13840=DIRECTION('',(0.,0.,-1.));
#13841=DIRECTION('',(-0.085143506476316,0.996368698477084,0.));
#13842=DIRECTION('',(0.,0.,-1.));
#13843=DIRECTION('',(0.,0.,-1.));
#13844=DIRECTION('',(-1.,0.,0.));
#13845=DIRECTION('',(0.,0.,-1.));
#13846=DIRECTION('',(0.194068743895431,0.980987931955765,0.));
#13847=DIRECTION('',(0.,0.,-1.));
#13848=DIRECTION('',(0.,0.,-1.));
#13849=DIRECTION('',(-1.,0.,0.));
#13850=DIRECTION('',(0.,0.,-1.));
#13851=DIRECTION('',(0.577357343821046,0.8164915783619,0.));
#13852=DIRECTION('',(0.,0.,-1.));
#13853=DIRECTION('',(0.,0.,-1.));
#13854=DIRECTION('',(-1.,0.,0.));
#13855=DIRECTION('',(0.,0.,-1.));
#13856=DIRECTION('',(0.983338478445526,0.18178403892652,0.));
#13857=DIRECTION('',(0.,0.,-1.));
#13858=DIRECTION('',(0.,0.,-1.));
#13859=DIRECTION('',(-1.,0.,0.));
#13860=DIRECTION('',(0.,0.,-1.));
#13861=DIRECTION('',(0.,0.,-1.));
#13862=DIRECTION('',(0.979303159005626,-0.202398919862737,0.));
#13863=DIRECTION('',(0.,0.,-1.));
#13864=DIRECTION('',(0.,0.,-1.));
#13865=DIRECTION('',(-1.,0.,0.));
#13866=DIRECTION('',(0.,0.,-1.));
#13867=DIRECTION('',(0.877284658238216,-0.479970445360811,0.));
#13868=DIRECTION('',(0.,0.,-1.));
#13869=DIRECTION('',(0.,0.,-1.));
#13870=DIRECTION('',(-1.,0.,0.));
#13871=DIRECTION('',(0.,0.,-1.));
#13872=DIRECTION('',(0.787188705402349,-0.616712203614436,0.));
#13873=DIRECTION('',(0.,0.,-1.));
#13874=DIRECTION('',(0.,0.,-1.));
#13875=DIRECTION('',(-1.,0.,0.));
#13876=DIRECTION('',(0.,0.,-1.));
#13877=DIRECTION('',(0.732086574473681,-0.681211602569563,0.));
#13878=DIRECTION('',(0.,0.,-1.));
#13879=DIRECTION('',(0.,0.,-1.));
#13880=DIRECTION('',(-1.,0.,0.));
#13881=DIRECTION('',(0.,0.,-1.));
#13882=DIRECTION('',(0.698456879112228,-0.715652141770572,0.));
#13883=DIRECTION('',(0.,0.,-1.));
#13884=DIRECTION('',(0.,0.,-1.));
#13885=DIRECTION('',(-1.,0.,0.));
#13886=DIRECTION('',(0.,0.,-1.));
#13887=DIRECTION('',(-0.692879359021557,0.721053530496784,0.));
#13888=DIRECTION('',(0.,0.,-1.));
#13889=DIRECTION('',(0.,0.,-1.));
#13890=DIRECTION('',(-1.,0.,0.));
#13891=DIRECTION('',(0.,1.,0.));
#13892=DIRECTION('',(0.,0.,1.));
#13893=DIRECTION('',(0.,0.,-1.));
#13894=DIRECTION('',(1.,0.,0.));
#13895=DIRECTION('',(1.,0.,0.));
#13896=DIRECTION('',(0.,0.,-1.));
#13897=DIRECTION('',(0.,0.,-1.));
#13898=DIRECTION('',(0.,-1.,0.));
#13899=DIRECTION('',(0.,-1.,0.));
#13900=DIRECTION('',(0.,0.,-1.));
#13901=DIRECTION('',(0.,0.,-1.));
#13902=DIRECTION('',(-1.,0.,0.));
#13903=DIRECTION('',(-1.,0.,0.));
#13904=DIRECTION('',(0.,0.,1.));
#13905=DIRECTION('',(0.,-1.10311826761694E-25,-1.));
#13906=DIRECTION('',(0.,1.,0.));
#13907=DIRECTION('',(-0.657005869397497,0.753885460515879,-8.31624823185877E-26));
#13908=DIRECTION('',(-0.753885460515879,-0.657005869397497,-5.7601982978979E-32));
#13909=DIRECTION('',(0.,0.,-1.));
#13910=DIRECTION('',(0.753885460515879,0.657005869397497,0.));
#13911=DIRECTION('',(0.,0.,-1.));
#13912=DIRECTION('',(0.664930859490452,-0.746904915030882,0.));
#13913=DIRECTION('',(0.,0.,-1.));
#13914=DIRECTION('',(0.,0.,-1.));
#13915=DIRECTION('',(-1.,0.,0.));
#13916=DIRECTION('',(0.,0.,-1.));
#13917=DIRECTION('',(0.699511103690999,-0.714621729177752,0.));
#13918=DIRECTION('',(0.,0.,-1.));
#13919=DIRECTION('',(0.,0.,-1.));
#13920=DIRECTION('',(-1.,0.,0.));
#13921=DIRECTION('',(0.,0.,-1.));
#13922=DIRECTION('',(0.756453906519341,-0.654047006958696,0.));
#13923=DIRECTION('',(0.,0.,-1.));
#13924=DIRECTION('',(0.,0.,-1.));
#13925=DIRECTION('',(-1.,0.,0.));
#13926=DIRECTION('',(0.,0.,-1.));
#13927=DIRECTION('',(0.84166354260116,-0.540002297269249,0.));
#13928=DIRECTION('',(0.,0.,-1.));
#13929=DIRECTION('',(0.,0.,-1.));
#13930=DIRECTION('',(-1.,0.,0.));
#13931=DIRECTION('',(0.,0.,-1.));
#13932=DIRECTION('',(0.967751309811588,-0.25190752739439,0.));
#13933=DIRECTION('',(0.,0.,-1.));
#13934=DIRECTION('',(0.,0.,-1.));
#13935=DIRECTION('',(-1.,0.,0.));
#13936=DIRECTION('',(0.,0.,-1.));
#13937=DIRECTION('',(0.975585625525126,0.219619414598867,0.));
#13938=DIRECTION('',(0.,0.,-1.));
#13939=DIRECTION('',(0.,0.,-1.));
#13940=DIRECTION('',(-1.,0.,0.));
#13941=DIRECTION('',(0.,0.,-1.));
#13942=DIRECTION('',(0.77217276202499,0.635412641978972,0.));
#13943=DIRECTION('',(0.,0.,-1.));
#13944=DIRECTION('',(0.,0.,-1.));
#13945=DIRECTION('',(-1.,0.,0.));
#13946=DIRECTION('',(0.,0.,-1.));
#13947=DIRECTION('',(0.449579640445904,0.89324025149818,0.));
#13948=DIRECTION('',(0.,0.,-1.));
#13949=DIRECTION('',(0.,0.,-1.));
#13950=DIRECTION('',(-1.,0.,0.));
#13951=DIRECTION('',(0.,0.,-1.));
#13952=DIRECTION('',(0.13627858658588,0.990670554139041,0.));
#13953=DIRECTION('',(0.,0.,-1.));
#13954=DIRECTION('',(0.,0.,-1.));
#13955=DIRECTION('',(-1.,0.,0.));
#13956=DIRECTION('',(0.,0.,-1.));
#13957=DIRECTION('',(-0.0415996948955196,0.999134358024285,0.));
#13958=DIRECTION('',(0.,0.,-1.));
#13959=DIRECTION('',(0.,0.,-1.));
#13960=DIRECTION('',(-1.,0.,0.));
#13961=DIRECTION('',(0.,0.,-1.));
#13962=DIRECTION('',(-0.157217330651234,0.987564028781375,0.));
#13963=DIRECTION('',(0.,0.,-1.));
#13964=DIRECTION('',(0.,0.,-1.));
#13965=DIRECTION('',(-1.,0.,0.));
#13966=DIRECTION('',(0.,0.,-1.));
#13967=DIRECTION('',(-0.347477856679512,0.937688188641305,0.));
#13968=DIRECTION('',(0.,0.,-1.));
#13969=DIRECTION('',(0.,0.,-1.));
#13970=DIRECTION('',(-1.,0.,0.));
#13971=DIRECTION('',(0.,0.,-1.));
#13972=DIRECTION('',(-0.492361191698833,0.870390979335669,0.));
#13973=DIRECTION('',(0.,0.,-1.));
#13974=DIRECTION('',(0.,0.,-1.));
#13975=DIRECTION('',(-1.,0.,0.));
#13976=DIRECTION('',(-0.903976231070746,-0.427582709728924,0.));
#13977=DIRECTION('',(0.427582709728924,-0.903976231070746,0.));
#13978=DIRECTION('',(0.,0.,-1.));
#13979=DIRECTION('',(-0.427582709728924,0.903976231070746,0.));
#13980=DIRECTION('',(0.,0.,-1.));
#13981=DIRECTION('',(-0.549574632877789,0.835444625871304,0.));
#13982=DIRECTION('',(0.,0.,-1.));
#13983=DIRECTION('',(0.,0.,-1.));
#13984=DIRECTION('',(-1.,0.,0.));
#13985=DIRECTION('',(0.,0.,-1.));
#13986=DIRECTION('',(-0.355896119141466,0.934525522594243,0.));
#13987=DIRECTION('',(0.,0.,-1.));
#13988=DIRECTION('',(-2.18426646756425E-17,5.72039986060597E-17,-1.));
#13989=DIRECTION('',(-0.440224120357847,0.897887923883132,0.));
#13990=DIRECTION('',(0.,0.,-1.));
#13991=DIRECTION('',(-0.216696121972596,0.976239105302609,0.));
#13992=DIRECTION('',(0.,0.,-1.));
#13993=DIRECTION('',(0.,0.,-1.));
#13994=DIRECTION('',(-1.,0.,0.));
#13995=DIRECTION('',(0.,0.,-1.));
#13996=DIRECTION('',(-0.085143506476316,0.996368698477083,0.));
#13997=DIRECTION('',(0.,0.,-1.));
#13998=DIRECTION('',(0.,0.,-1.));
#13999=DIRECTION('',(-1.,0.,0.));
#14000=DIRECTION('',(0.,0.,-1.));
#14001=DIRECTION('',(0.194068743895434,0.980987931955765,0.));
#14002=DIRECTION('',(0.,0.,-1.));
#14003=DIRECTION('',(0.,0.,-1.));
#14004=DIRECTION('',(-1.,0.,0.));
#14005=DIRECTION('',(0.,0.,-1.));
#14006=DIRECTION('',(0.577357343821009,0.816491578361926,0.));
#14007=DIRECTION('',(0.,0.,-1.));
#14008=DIRECTION('',(0.,0.,-1.));
#14009=DIRECTION('',(-1.,0.,0.));
#14010=DIRECTION('',(0.,1.,0.));
#14011=DIRECTION('',(0.,0.,1.));
#14012=DIRECTION('',(0.,0.,-1.));
#14013=DIRECTION('',(1.,0.,0.));
#14014=DIRECTION('',(0.,0.,-1.));
#14015=DIRECTION('',(1.,0.,0.));
#14016=DIRECTION('',(0.,0.,-1.));
#14017=DIRECTION('',(0.,0.,-1.));
#14018=DIRECTION('',(0.,-1.,0.));
#14019=DIRECTION('',(0.,-1.,0.));
#14020=DIRECTION('',(0.,0.,-1.));
#14021=DIRECTION('',(0.,0.,-1.));
#14022=DIRECTION('',(-1.,0.,0.));
#14023=DIRECTION('',(0.,0.,-1.));
#14024=DIRECTION('',(-0.20836920828314,0.978050240549767,0.));
#14025=DIRECTION('',(0.,0.,-1.));
#14026=DIRECTION('',(0.,0.,-1.));
#14027=DIRECTION('',(-1.,0.,0.));
#14028=DIRECTION('',(0.,0.,-1.));
#14029=DIRECTION('',(0.,0.,-1.));
#14030=DIRECTION('',(0.208194193932337,0.978087510201855,0.));
#14031=DIRECTION('',(0.,0.,-1.));
#14032=DIRECTION('',(0.,0.,-1.));
#14033=DIRECTION('',(-1.,0.,0.));
#14034=DIRECTION('',(0.,0.,-1.));
#14035=DIRECTION('',(0.624910357052919,0.780696513152193,0.));
#14036=DIRECTION('',(0.,0.,-1.));
#14037=DIRECTION('',(0.,0.,-1.));
#14038=DIRECTION('',(-1.,0.,0.));
#14039=DIRECTION('',(0.,0.,-1.));
#14040=DIRECTION('',(0.898330597500249,0.439320085580942,0.));
#14041=DIRECTION('',(0.,0.,-1.));
#14042=DIRECTION('',(0.,0.,-1.));
#14043=DIRECTION('',(-1.,0.,0.));
#14044=DIRECTION('',(0.,0.,-1.));
#14045=DIRECTION('',(0.992306765757382,0.123803403152434,0.));
#14046=DIRECTION('',(0.,0.,-1.));
#14047=DIRECTION('',(0.,0.,-1.));
#14048=DIRECTION('',(-1.,0.,0.));
#14049=DIRECTION('',(0.,0.,-1.));
#14050=DIRECTION('',(0.992370152527175,-0.123294283619278,0.));
#14051=DIRECTION('',(0.,0.,-1.));
#14052=DIRECTION('',(0.,0.,-1.));
#14053=DIRECTION('',(-1.,0.,0.));
#14054=DIRECTION('',(0.,0.,-1.));
#14055=DIRECTION('',(0.898923413564892,-0.438105805194181,0.));
#14056=DIRECTION('',(0.,0.,-1.));
#14057=DIRECTION('',(0.,0.,-1.));
#14058=DIRECTION('',(-1.,0.,0.));
#14059=DIRECTION('',(0.,0.,-1.));
#14060=DIRECTION('',(0.622202186860946,-0.782856588824196,0.));
#14061=DIRECTION('',(0.,0.,-1.));
#14062=DIRECTION('',(0.,0.,-1.));
#14063=DIRECTION('',(-1.,0.,0.));
#14064=DIRECTION('',(0.,0.,-1.));
#14065=DIRECTION('',(0.204405574954885,-0.978886286004336,0.));
#14066=DIRECTION('',(0.,0.,-1.));
#14067=DIRECTION('',(0.,0.,-1.));
#14068=DIRECTION('',(-1.,0.,0.));
#14069=DIRECTION('',(0.,0.,-1.));
#14070=DIRECTION('',(-0.20457776668291,-0.978850314082308,0.));
#14071=DIRECTION('',(0.,0.,-1.));
#14072=DIRECTION('',(0.,0.,-1.));
#14073=DIRECTION('',(-1.,0.,0.));
#14074=DIRECTION('',(0.,0.,-1.));
#14075=DIRECTION('',(-0.624039295107107,-0.781392960143758,0.));
#14076=DIRECTION('',(0.,0.,-1.));
#14077=DIRECTION('',(0.,0.,-1.));
#14078=DIRECTION('',(-1.,0.,0.));
#14079=DIRECTION('',(0.,0.,-1.));
#14080=DIRECTION('',(-0.900352318157666,-0.435161697749374,0.));
#14081=DIRECTION('',(0.,0.,-1.));
#14082=DIRECTION('',(0.,0.,-1.));
#14083=DIRECTION('',(-1.,0.,0.));
#14084=DIRECTION('',(0.,0.,-1.));
#14085=DIRECTION('',(-0.992431162770594,-0.12280222783731,0.));
#14086=DIRECTION('',(0.,0.,-1.));
#14087=DIRECTION('',(0.,0.,-1.));
#14088=DIRECTION('',(-1.,0.,0.));
#14089=DIRECTION('',(0.,0.,-1.));
#14090=DIRECTION('',(-0.992368269718848,0.123309437007956,0.));
#14091=DIRECTION('',(0.,0.,-1.));
#14092=DIRECTION('',(0.,0.,-1.));
#14093=DIRECTION('',(-1.,0.,0.));
#14094=DIRECTION('',(0.,0.,-1.));
#14095=DIRECTION('',(-0.899766202187194,0.436372296785249,0.));
#14096=DIRECTION('',(0.,0.,-1.));
#14097=DIRECTION('',(0.,0.,-1.));
#14098=DIRECTION('',(-1.,0.,0.));
#14099=DIRECTION('',(0.,1.,0.));
#14100=DIRECTION('',(0.,0.,1.));
#14101=DIRECTION('',(0.,0.,-1.));
#14102=DIRECTION('',(1.,0.,0.));
#14103=DIRECTION('',(0.,0.,-1.));
#14104=DIRECTION('',(1.,0.,0.));
#14105=DIRECTION('',(0.,0.,-1.));
#14106=DIRECTION('',(0.,0.,-1.));
#14107=DIRECTION('',(0.,-1.,0.));
#14108=DIRECTION('',(0.,-1.,0.));
#14109=DIRECTION('',(0.,0.,-1.));
#14110=DIRECTION('',(0.,0.,-1.));
#14111=DIRECTION('',(-1.,0.,0.));
#14112=DIRECTION('',(0.,0.,-1.));
#14113=DIRECTION('',(-0.20836920828314,0.978050240549767,0.));
#14114=DIRECTION('',(0.,0.,-1.));
#14115=DIRECTION('',(0.,0.,-1.));
#14116=DIRECTION('',(-1.,0.,0.));
#14117=DIRECTION('',(0.,0.,-1.));
#14118=DIRECTION('',(0.,0.,-1.));
#14119=DIRECTION('',(0.208194193932321,0.978087510201859,0.));
#14120=DIRECTION('',(0.,0.,-1.));
#14121=DIRECTION('',(0.,0.,-1.));
#14122=DIRECTION('',(-1.,0.,0.));
#14123=DIRECTION('',(0.,0.,-1.));
#14124=DIRECTION('',(0.624910357052941,0.780696513152176,0.));
#14125=DIRECTION('',(0.,0.,-1.));
#14126=DIRECTION('',(0.,0.,-1.));
#14127=DIRECTION('',(-1.,0.,0.));
#14128=DIRECTION('',(0.,0.,-1.));
#14129=DIRECTION('',(0.898330597500246,0.439320085580948,0.));
#14130=DIRECTION('',(0.,0.,-1.));
#14131=DIRECTION('',(0.,0.,-1.));
#14132=DIRECTION('',(-1.,0.,0.));
#14133=DIRECTION('',(0.,0.,-1.));
#14134=DIRECTION('',(0.992306765757384,0.123803403152417,0.));
#14135=DIRECTION('',(0.,0.,-1.));
#14136=DIRECTION('',(0.,0.,-1.));
#14137=DIRECTION('',(-1.,0.,0.));
#14138=DIRECTION('',(0.,0.,-1.));
#14139=DIRECTION('',(0.992370152527173,-0.123294283619299,0.));
#14140=DIRECTION('',(0.,0.,-1.));
#14141=DIRECTION('',(0.,0.,-1.));
#14142=DIRECTION('',(-1.,0.,0.));
#14143=DIRECTION('',(0.,0.,-1.));
#14144=DIRECTION('',(0.898923413564887,-0.438105805194191,0.));
#14145=DIRECTION('',(0.,0.,-1.));
#14146=DIRECTION('',(0.,0.,-1.));
#14147=DIRECTION('',(-1.,0.,0.));
#14148=DIRECTION('',(0.,0.,-1.));
#14149=DIRECTION('',(0.622202186860936,-0.782856588824204,0.));
#14150=DIRECTION('',(0.,0.,-1.));
#14151=DIRECTION('',(0.,0.,-1.));
#14152=DIRECTION('',(-1.,0.,0.));
#14153=DIRECTION('',(0.,0.,-1.));
#14154=DIRECTION('',(0.204405574954869,-0.978886286004339,0.));
#14155=DIRECTION('',(0.,0.,-1.));
#14156=DIRECTION('',(0.,0.,-1.));
#14157=DIRECTION('',(-1.,0.,0.));
#14158=DIRECTION('',(0.,0.,-1.));
#14159=DIRECTION('',(-0.20457776668291,-0.978850314082308,0.));
#14160=DIRECTION('',(0.,0.,-1.));
#14161=DIRECTION('',(0.,0.,-1.));
#14162=DIRECTION('',(-1.,0.,0.));
#14163=DIRECTION('',(0.,0.,-1.));
#14164=DIRECTION('',(-0.624039295107107,-0.781392960143758,0.));
#14165=DIRECTION('',(0.,0.,-1.));
#14166=DIRECTION('',(0.,0.,-1.));
#14167=DIRECTION('',(-1.,0.,0.));
#14168=DIRECTION('',(0.,0.,-1.));
#14169=DIRECTION('',(-0.900352318157675,-0.435161697749354,0.));
#14170=DIRECTION('',(0.,0.,-1.));
#14171=DIRECTION('',(0.,0.,-1.));
#14172=DIRECTION('',(-1.,0.,0.));
#14173=DIRECTION('',(0.,0.,-1.));
#14174=DIRECTION('',(-0.992431162770594,-0.122802227837308,0.));
#14175=DIRECTION('',(0.,0.,-1.));
#14176=DIRECTION('',(0.,0.,-1.));
#14177=DIRECTION('',(-1.,0.,0.));
#14178=DIRECTION('',(0.,0.,-1.));
#14179=DIRECTION('',(-0.992368269718857,0.123309437007885,0.));
#14180=DIRECTION('',(0.,0.,-1.));
#14181=DIRECTION('',(0.,0.,-1.));
#14182=DIRECTION('',(-1.,0.,0.));
#14183=DIRECTION('',(0.,0.,-1.));
#14184=DIRECTION('',(-0.899766202188401,0.436372296782761,0.));
#14185=DIRECTION('',(0.,0.,-1.));
#14186=DIRECTION('',(0.,0.,-1.));
#14187=DIRECTION('',(-1.,0.,0.));
#14188=DIRECTION('',(0.,0.,-1.));
#14189=DIRECTION('',(0.983338478445441,0.18178403892698,0.));
#14190=DIRECTION('',(0.,0.,-1.));
#14191=DIRECTION('',(0.,0.,-1.));
#14192=DIRECTION('',(-1.,0.,0.));
#14193=DIRECTION('',(0.,0.,-1.));
#14194=DIRECTION('',(0.,0.,-1.));
#14195=DIRECTION('',(0.979303159005614,-0.202398919862793,0.));
#14196=DIRECTION('',(0.,0.,-1.));
#14197=DIRECTION('',(0.,0.,-1.));
#14198=DIRECTION('',(-1.,0.,0.));
#14199=DIRECTION('',(0.,0.,-1.));
#14200=DIRECTION('',(0.877284658238234,-0.479970445360779,0.));
#14201=DIRECTION('',(0.,0.,-1.));
#14202=DIRECTION('',(0.,0.,-1.));
#14203=DIRECTION('',(-1.,0.,0.));
#14204=DIRECTION('',(0.,0.,-1.));
#14205=DIRECTION('',(0.787188705402297,-0.616712203614503,0.));
#14206=DIRECTION('',(0.,0.,-1.));
#14207=DIRECTION('',(0.,0.,-1.));
#14208=DIRECTION('',(-1.,0.,0.));
#14209=DIRECTION('',(0.,0.,-1.));
#14210=DIRECTION('',(0.732086574473678,-0.681211602569566,0.));
#14211=DIRECTION('',(0.,0.,-1.));
#14212=DIRECTION('',(0.,0.,-1.));
#14213=DIRECTION('',(-1.,0.,0.));
#14214=DIRECTION('',(0.,0.,-1.));
#14215=DIRECTION('',(0.698456879115983,-0.715652141766907,0.));
#14216=DIRECTION('',(0.,0.,-1.));
#14217=DIRECTION('',(0.,0.,-1.));
#14218=DIRECTION('',(-1.,0.,0.));
#14219=DIRECTION('',(0.,0.,-1.));
#14220=DIRECTION('',(-0.692879359021539,0.721053530496801,0.));
#14221=DIRECTION('',(0.,0.,-1.));
#14222=DIRECTION('',(0.,0.,-1.));
#14223=DIRECTION('',(-1.,0.,0.));
#14224=DIRECTION('',(0.,1.,0.));
#14225=DIRECTION('',(0.,0.,1.));
#14226=DIRECTION('',(0.,0.,-1.));
#14227=DIRECTION('',(1.,0.,0.));
#14228=DIRECTION('',(1.,0.,0.));
#14229=DIRECTION('',(0.,0.,-1.));
#14230=DIRECTION('',(0.,0.,-1.));
#14231=DIRECTION('',(0.,-1.,0.));
#14232=DIRECTION('',(0.,-1.,0.));
#14233=DIRECTION('',(0.,0.,-1.));
#14234=DIRECTION('',(0.,0.,-1.));
#14235=DIRECTION('',(-1.,0.,0.));
#14236=DIRECTION('',(-1.,0.,0.));
#14237=DIRECTION('',(0.,0.,1.));
#14238=DIRECTION('',(0.,-6.43531282832223E-26,-1.));
#14239=DIRECTION('',(0.,1.,0.));
#14240=DIRECTION('',(-0.65700586939751,0.753885460515868,-4.85148877514337E-26));
#14241=DIRECTION('',(-0.753885460515868,-0.65700586939751,-3.36035395402642E-32));
#14242=DIRECTION('',(0.,0.,-1.));
#14243=DIRECTION('',(0.753885460515868,0.65700586939751,0.));
#14244=DIRECTION('',(0.,0.,-1.));
#14245=DIRECTION('',(0.664930859493627,-0.746904915028055,0.));
#14246=DIRECTION('',(0.,0.,-1.));
#14247=DIRECTION('',(0.,0.,-1.));
#14248=DIRECTION('',(-1.,0.,0.));
#14249=DIRECTION('',(0.,0.,-1.));
#14250=DIRECTION('',(0.699511103692099,-0.714621729176675,0.));
#14251=DIRECTION('',(0.,0.,-1.));
#14252=DIRECTION('',(0.,0.,-1.));
#14253=DIRECTION('',(-1.,0.,0.));
#14254=DIRECTION('',(0.,0.,-1.));
#14255=DIRECTION('',(0.756453906518766,-0.654047006959361,0.));
#14256=DIRECTION('',(0.,0.,-1.));
#14257=DIRECTION('',(0.,0.,-1.));
#14258=DIRECTION('',(-1.,0.,0.));
#14259=DIRECTION('',(0.,0.,-1.));
#14260=DIRECTION('',(0.841663542601178,-0.540002297269219,0.));
#14261=DIRECTION('',(0.,0.,-1.));
#14262=DIRECTION('',(0.,0.,-1.));
#14263=DIRECTION('',(-1.,0.,0.));
#14264=DIRECTION('',(0.,0.,-1.));
#14265=DIRECTION('',(0.967751309811631,-0.251907527394224,0.));
#14266=DIRECTION('',(0.,0.,-1.));
#14267=DIRECTION('',(0.,0.,-1.));
#14268=DIRECTION('',(-1.,0.,0.));
#14269=DIRECTION('',(0.,0.,-1.));
#14270=DIRECTION('',(0.975585625525122,0.219619414598883,0.));
#14271=DIRECTION('',(0.,0.,-1.));
#14272=DIRECTION('',(0.,0.,-1.));
#14273=DIRECTION('',(-1.,0.,0.));
#14274=DIRECTION('',(0.,0.,-1.));
#14275=DIRECTION('',(0.772172762025032,0.635412641978922,0.));
#14276=DIRECTION('',(0.,0.,-1.));
#14277=DIRECTION('',(0.,0.,-1.));
#14278=DIRECTION('',(-1.,0.,0.));
#14279=DIRECTION('',(0.,0.,-1.));
#14280=DIRECTION('',(0.449579640445889,0.893240251498188,0.));
#14281=DIRECTION('',(0.,0.,-1.));
#14282=DIRECTION('',(0.,0.,-1.));
#14283=DIRECTION('',(-1.,0.,0.));
#14284=DIRECTION('',(0.,0.,-1.));
#14285=DIRECTION('',(0.136278586585876,0.990670554139042,0.));
#14286=DIRECTION('',(0.,0.,-1.));
#14287=DIRECTION('',(0.,0.,-1.));
#14288=DIRECTION('',(-1.,0.,0.));
#14289=DIRECTION('',(0.,0.,-1.));
#14290=DIRECTION('',(-0.0415996948955145,0.999134358024285,0.));
#14291=DIRECTION('',(0.,0.,-1.));
#14292=DIRECTION('',(0.,0.,-1.));
#14293=DIRECTION('',(-1.,0.,0.));
#14294=DIRECTION('',(0.,0.,-1.));
#14295=DIRECTION('',(-0.157217330651238,0.987564028781375,0.));
#14296=DIRECTION('',(0.,0.,-1.));
#14297=DIRECTION('',(0.,0.,-1.));
#14298=DIRECTION('',(-1.,0.,0.));
#14299=DIRECTION('',(0.,0.,-1.));
#14300=DIRECTION('',(-0.347477856679539,0.937688188641295,0.));
#14301=DIRECTION('',(0.,0.,-1.));
#14302=DIRECTION('',(0.,0.,-1.));
#14303=DIRECTION('',(-1.,0.,0.));
#14304=DIRECTION('',(0.,0.,-1.));
#14305=DIRECTION('',(-0.492361191698824,0.870390979335674,0.));
#14306=DIRECTION('',(0.,0.,-1.));
#14307=DIRECTION('',(0.,0.,-1.));
#14308=DIRECTION('',(-1.,0.,0.));
#14309=DIRECTION('',(-0.903976231070746,-0.427582709728925,0.));
#14310=DIRECTION('',(0.427582709728925,-0.903976231070746,0.));
#14311=DIRECTION('',(0.,0.,-1.));
#14312=DIRECTION('',(-0.427582709728925,0.903976231070746,0.));
#14313=DIRECTION('',(0.,0.,-1.));
#14314=DIRECTION('',(-0.549574632878166,0.835444625871056,0.));
#14315=DIRECTION('',(0.,0.,-1.));
#14316=DIRECTION('',(0.,0.,-1.));
#14317=DIRECTION('',(-1.,0.,0.));
#14318=DIRECTION('',(0.,0.,-1.));
#14319=DIRECTION('',(-0.355896119141439,0.934525522594253,0.));
#14320=DIRECTION('',(0.,0.,-1.));
#14321=DIRECTION('',(-2.18426646756405E-17,5.72039986060605E-17,-1.));
#14322=DIRECTION('',(-0.440224120357812,0.897887923883148,0.));
#14323=DIRECTION('',(0.,0.,-1.));
#14324=DIRECTION('',(-0.216696121972616,0.976239105302604,0.));
#14325=DIRECTION('',(0.,0.,-1.));
#14326=DIRECTION('',(0.,0.,-1.));
#14327=DIRECTION('',(-1.,0.,0.));
#14328=DIRECTION('',(0.,0.,-1.));
#14329=DIRECTION('',(-0.0851435064763071,0.996368698477084,0.));
#14330=DIRECTION('',(0.,0.,-1.));
#14331=DIRECTION('',(0.,0.,-1.));
#14332=DIRECTION('',(-1.,0.,0.));
#14333=DIRECTION('',(0.,0.,-1.));
#14334=DIRECTION('',(0.194068743889218,0.980987931956995,0.));
#14335=DIRECTION('',(0.,0.,-1.));
#14336=DIRECTION('',(0.,0.,-1.));
#14337=DIRECTION('',(-1.,0.,0.));
#14338=DIRECTION('',(0.,0.,-1.));
#14339=DIRECTION('',(0.577357343820966,0.816491578361956,0.));
#14340=DIRECTION('',(0.,0.,-1.));
#14341=DIRECTION('',(0.,0.,-1.));
#14342=DIRECTION('',(-1.,0.,0.));
#14343=DIRECTION('',(0.,1.,0.));
#14344=DIRECTION('',(0.,0.,1.));
#14345=DIRECTION('',(1.,0.,0.));
#14346=DIRECTION('',(0.,1.,0.));
#14347=DIRECTION('',(0.,0.,1.));
#14348=DIRECTION('',(1.,0.,0.));
#14349=DIRECTION('',(0.,1.,0.));
#14350=DIRECTION('',(0.,0.,1.));
#14351=DIRECTION('',(1.,0.,0.));
#14352=DIRECTION('',(0.,1.,0.));
#14353=DIRECTION('',(0.,0.,1.));
#14354=DIRECTION('',(0.,0.,-1.));
#14355=DIRECTION('',(1.,0.,0.));
#14356=DIRECTION('',(0.,1.,0.));
#14357=DIRECTION('',(0.,0.,1.));
#14358=DIRECTION('',(1.,0.,0.));
#14359=DIRECTION('',(0.,1.,0.));
#14360=DIRECTION('',(0.,0.,1.));
#14361=DIRECTION('',(1.,0.,0.));
#14362=DIRECTION('',(0.,1.,0.));
#14363=DIRECTION('',(0.,0.,1.));
#14364=DIRECTION('',(1.,0.,0.));
#14365=DIRECTION('',(0.,1.,0.));
#14366=DIRECTION('',(0.,0.,1.));
#14367=DIRECTION('',(1.,0.,0.));
#14368=DIRECTION('',(0.,1.,0.));
#14369=DIRECTION('',(0.,0.,1.));
#14370=DIRECTION('',(1.,0.,0.));
#14371=DIRECTION('',(0.,0.,-1.));
#14372=DIRECTION('',(0.852563594214039,0.522623495282062,0.));
#14373=DIRECTION('',(0.,0.,-1.));
#14374=DIRECTION('',(-1.,0.,0.));
#14375=DIRECTION('',(0.,-1.,0.));
#14376=DIRECTION('',(0.,0.,-1.));
#14377=DIRECTION('',(-1.,0.,0.));
#14378=DIRECTION('',(0.,0.,-1.));
#14379=DIRECTION('',(-0.611813629460912,0.791001948673874,0.));
#14380=DIRECTION('',(0.,0.,-1.));
#14381=DIRECTION('',(-1.,0.,0.));
#14382=DIRECTION('',(0.,0.,-1.));
#14383=DIRECTION('',(0.67369328464514,-0.739011067727705,0.));
#14384=DIRECTION('',(0.,0.,-1.));
#14385=DIRECTION('',(-1.,0.,0.));
#14386=DIRECTION('',(-1.,0.,0.));
#14387=DIRECTION('',(0.,0.,1.));
#14388=DIRECTION('',(0.,1.,0.));
#14389=DIRECTION('',(0.,0.,-1.));
#14390=DIRECTION('',(0.735877819264063,0.677114344195401,0.));
#14391=DIRECTION('',(0.,0.,-1.));
#14392=DIRECTION('',(-1.,0.,0.));
#14393=DIRECTION('',(-1.,0.,0.));
#14394=DIRECTION('',(0.,0.,1.));
#14395=DIRECTION('',(0.,1.,0.));
#14396=DIRECTION('',(-1.,0.,0.));
#14397=DIRECTION('',(0.,0.,1.));
#14398=DIRECTION('',(0.,1.,0.));
#14399=DIRECTION('',(-1.,0.,0.));
#14400=DIRECTION('',(0.,0.,1.));
#14401=DIRECTION('',(0.,1.,0.));
#14402=DIRECTION('',(0.,0.,-1.));
#14403=DIRECTION('',(-0.578689195181956,0.815548168644661,0.));
#14404=DIRECTION('',(0.,0.,-1.));
#14405=DIRECTION('',(-1.,0.,0.));
#14406=DIRECTION('',(0.,-1.,0.));
#14407=DIRECTION('',(0.,0.,-1.));
#14408=DIRECTION('',(-1.,0.,0.));
#14409=DIRECTION('',(0.,0.,-1.));
#14410=DIRECTION('',(0.999811111798725,0.0194355530869841,0.));
#14411=DIRECTION('',(0.,0.,-1.));
#14412=DIRECTION('',(-1.,0.,0.));
#14413=DIRECTION('',(0.,0.,-1.));
#14414=DIRECTION('',(0.710982210968677,0.7032099940175,0.));
#14415=DIRECTION('',(0.,0.,-1.));
#14416=DIRECTION('',(-1.,0.,0.));
#14417=DIRECTION('',(0.,0.,-1.));
#14418=DIRECTION('',(0.852563594214019,0.522623495282095,0.));
#14419=DIRECTION('',(0.,0.,-1.));
#14420=DIRECTION('',(-1.,0.,0.));
#14421=DIRECTION('',(0.,0.,-1.));
#14422=DIRECTION('',(0.852563594214034,0.522623495282069,0.));
#14423=DIRECTION('',(0.,0.,-1.));
#14424=DIRECTION('',(-1.,0.,0.));
#14425=DIRECTION('',(-1.,0.,0.));
#14426=DIRECTION('',(0.,0.,1.));
#14427=DIRECTION('',(0.,1.,0.));
#14428=DIRECTION('',(0.,0.,-1.));
#14429=DIRECTION('',(-0.62674405123086,0.779225188406233,0.));
#14430=DIRECTION('',(0.,0.,-1.));
#14431=DIRECTION('',(-1.,0.,0.));
#14432=DIRECTION('',(-1.,0.,0.));
#14433=DIRECTION('',(0.,0.,1.));
#14434=DIRECTION('',(0.,1.,0.));
#14435=DIRECTION('',(0.,0.,-1.));
#14436=DIRECTION('',(-0.626744051230858,0.779225188406234,0.));
#14437=DIRECTION('',(0.,0.,-1.));
#14438=DIRECTION('',(-1.,0.,0.));
#14439=DIRECTION('',(0.,0.,-1.));
#14440=DIRECTION('',(0.852563594214033,0.522623495282071,0.));
#14441=DIRECTION('',(0.,0.,-1.));
#14442=DIRECTION('',(-1.,0.,0.));
#14443=DIRECTION('',(0.,0.,1.));
#14444=DIRECTION('',(1.,0.,0.));
#14445=DIRECTION('',(6.55775706338339E-17,-1.,0.));
#14446=DIRECTION('',(1.,0.,0.));
#14447=DIRECTION('',(6.55775706338339E-17,-1.,0.));
#14448=DIRECTION('',(1.,0.,0.));
#14449=DIRECTION('',(0.,0.,1.));
#14450=DIRECTION('',(1.,0.,0.));
#14451=DIRECTION('',(0.,0.,1.));
#14452=DIRECTION('',(1.,0.,0.));
#14453=DIRECTION('',(0.,0.,1.));
#14454=DIRECTION('',(1.,0.,0.));
#14455=DIRECTION('',(0.,0.,1.));
#14456=DIRECTION('',(1.,0.,0.));
#14457=DIRECTION('',(0.,0.,1.));
#14458=DIRECTION('',(1.,0.,0.));
#14459=DIRECTION('',(0.,0.,1.));
#14460=DIRECTION('',(1.,0.,0.));
#14461=DIRECTION('',(1.,6.55775706338339E-17,0.));
#14462=DIRECTION('',(-6.55775706338339E-17,1.,0.));
#14463=DIRECTION('',(6.55775706338339E-17,-1.,0.));
#14464=DIRECTION('',(0.,0.,-1.));
#14465=DIRECTION('',(6.55775706338339E-17,-1.,0.));
#14466=DIRECTION('',(0.,0.,-1.));
#14467=DIRECTION('',(0.,1.,0.));
#14468=DIRECTION('',(0.,0.,1.));
#14469=DIRECTION('',(1.,0.,0.));
#14470=DIRECTION('',(0.,0.,-1.));
#14471=DIRECTION('',(1.,0.,0.));
#14472=DIRECTION('',(0.,0.,-1.));
#14473=DIRECTION('',(1.,6.55775706338339E-17,0.));
#14474=DIRECTION('',(-6.55775706338339E-17,1.,0.));
#14475=DIRECTION('',(6.55775706338339E-17,-1.,0.));
#14476=DIRECTION('',(0.,0.,-1.));
#14477=DIRECTION('',(6.55775706338339E-17,-1.,0.));
#14478=DIRECTION('',(0.,0.,-1.));
#14479=DIRECTION('',(0.,0.,-1.));
#14480=DIRECTION('',(-1.,0.,0.));
#14481=DIRECTION('',(0.,0.,1.));
#14482=DIRECTION('',(1.,0.,0.));
#14483=DIRECTION('',(0.,0.,-1.));
#14484=DIRECTION('',(-1.,0.,0.));
#14485=DIRECTION('',(0.,0.,1.));
#14486=DIRECTION('',(1.,0.,0.));
#14487=DIRECTION('',(0.,0.,-1.));
#14488=DIRECTION('',(-1.,0.,0.));
#14489=DIRECTION('',(0.,0.,1.));
#14490=DIRECTION('',(1.,0.,0.));
#14491=DIRECTION('',(0.,0.,1.));
#14492=DIRECTION('',(1.,0.,0.));
#14493=DIRECTION('',(6.55775706338339E-17,-1.,0.));
#14494=DIRECTION('',(1.,0.,0.));
#14495=DIRECTION('',(6.55775706338339E-17,-1.,0.));
#14496=DIRECTION('',(1.,0.,0.));
#14497=DIRECTION('',(0.,0.,1.));
#14498=DIRECTION('',(1.,0.,0.));
#14499=DIRECTION('',(0.,0.,-1.));
#14500=DIRECTION('',(-1.,0.,0.));
#14501=DIRECTION('',(1.,0.,0.));
#14502=DIRECTION('',(0.,0.,-1.));
#14503=DIRECTION('',(1.,0.,0.));
#14504=DIRECTION('',(0.,0.,-1.));
#14505=DIRECTION('',(1.,0.,0.));
#14506=DIRECTION('',(0.,0.,-1.));
#14507=DIRECTION('',(-6.55775706338339E-17,1.,0.));
#14508=DIRECTION('',(-1.,-6.55775706338339E-17,0.));
#14509=DIRECTION('',(-6.55775706338339E-17,1.,0.));
#14510=DIRECTION('',(-1.,-6.55775706338339E-17,0.));
#14511=DIRECTION('',(-6.55775706338339E-17,1.,0.));
#14512=DIRECTION('',(-1.,-6.55775706338339E-17,0.));
#14513=DIRECTION('',(6.55775706338339E-17,-1.,0.));
#14514=DIRECTION('',(1.,6.55775706338339E-17,0.));
#14515=DIRECTION('',(6.55775706338339E-17,-1.,0.));
#14516=DIRECTION('',(1.,6.55775706338339E-17,0.));
#14517=DIRECTION('',(6.55775706338339E-17,-1.,0.));
#14518=DIRECTION('',(1.,6.55775706338339E-17,0.));
#14519=DIRECTION('',(-1.,0.,0.));
#14520=DIRECTION('',(0.,0.,1.));
#14521=DIRECTION('',(-1.,0.,0.));
#14522=DIRECTION('',(0.,0.,1.));
#14523=DIRECTION('',(-1.,0.,0.));
#14524=DIRECTION('',(0.,0.,1.));
#14525=DIRECTION('',(-1.,0.,-3.03576608295942E-16));
#14526=DIRECTION('',(-3.03576608295942E-16,0.,1.));
#14527=DIRECTION('',(0.,-1.,0.));
#14528=DIRECTION('',(0.,-1.,0.));
#14529=DIRECTION('',(-1.7347234759768E-16,0.,1.));
#14530=DIRECTION('',(1.,0.,1.73472347597681E-16));
#14531=DIRECTION('',(0.,-1.,0.));
#14532=DIRECTION('',(-1.,0.,0.));
#14533=DIRECTION('',(0.,0.,1.));
#14534=DIRECTION('',(0.,-1.,0.));
#14535=DIRECTION('',(-8.67361737988403E-17,0.,1.));
#14536=DIRECTION('',(1.,0.,8.67361737988404E-17));
#14537=DIRECTION('',(0.,0.,1.));
#14538=DIRECTION('',(1.,0.,0.));
#14539=DIRECTION('',(0.,0.,-1.));
#14540=DIRECTION('',(-1.,0.,0.));
#14541=DIRECTION('',(0.,0.,1.));
#14542=DIRECTION('',(1.,0.,0.));
#14543=DIRECTION('',(0.,-8.67361737988403E-16,-1.));
#14544=DIRECTION('',(0.,1.,-8.67361737988403E-16));
#14545=DIRECTION('',(0.,0.,1.));
#14546=DIRECTION('',(1.,0.,0.));
#14547=DIRECTION('',(0.,0.,-1.));
#14548=DIRECTION('',(-1.,0.,0.));
#14549=DIRECTION('',(0.,1.,0.));
#14550=DIRECTION('',(0.,0.,1.));
#14551=DIRECTION('',(0.,1.,0.));
#14552=DIRECTION('',(0.,0.,1.));
#14553=DIRECTION('',(-1.,0.,6.93889390390723E-15));
#14554=DIRECTION('',(6.93889390390723E-15,0.,1.));
#14555=DIRECTION('',(0.,0.,1.));
#14556=DIRECTION('',(1.,0.,0.));
#14557=DIRECTION('',(0.,0.,-1.));
#14558=DIRECTION('',(-1.,0.,0.));
#14559=DIRECTION('',(0.,0.,-1.));
#14560=DIRECTION('',(-1.,0.,0.));
#14561=DIRECTION('',(0.,0.,-1.));
#14562=DIRECTION('',(-1.,0.,0.));
#14563=DIRECTION('',(-1.,0.,0.));
#14564=DIRECTION('',(0.,0.,1.));
#14565=DIRECTION('',(1.,0.,0.));
#14566=DIRECTION('',(0.,0.,-1.));
#14567=DIRECTION('',(6.55775706338339E-17,-1.,0.));
#14568=DIRECTION('',(1.,6.55775706338339E-17,0.));
#14569=DIRECTION('',(0.,-1.,0.));
#14570=DIRECTION('',(0.,0.,-1.));
#14571=DIRECTION('',(0.,0.,-1.));
#14572=DIRECTION('',(-1.,0.,0.));
#14573=DIRECTION('',(0.,0.,-1.));
#14574=DIRECTION('',(-1.,0.,0.));
#14575=DIRECTION('',(0.,1.,0.));
#14576=DIRECTION('',(0.,0.,1.));
#14577=DIRECTION('',(0.,1.,0.));
#14578=DIRECTION('',(0.,0.,1.));
#14579=DIRECTION('',(-1.,0.,8.67361737988403E-16));
#14580=DIRECTION('',(8.67361737988403E-16,0.,1.));
#14581=DIRECTION('',(-1.,0.,0.));
#14582=DIRECTION('',(0.,0.,1.));
#14583=DIRECTION('',(-6.55775706338339E-17,1.,0.));
#14584=DIRECTION('',(-1.,-6.55775706338339E-17,0.));
#14585=DIRECTION('',(0.,-1.,0.));
#14586=DIRECTION('',(0.,0.,-1.));
#14587=DIRECTION('',(1.,0.,0.));
#14588=DIRECTION('',(0.,0.,-1.));
#14589=DIRECTION('',(1.,0.,6.93889390390722E-15));
#14590=DIRECTION('',(6.93889390390722E-15,0.,-1.));
#14591=DIRECTION('',(6.93889390390723E-15,0.,-1.));
#14592=DIRECTION('',(-1.,0.,-6.93889390390723E-15));
#14593=DIRECTION('',(0.,-8.67361737988403E-16,-1.));
#14594=DIRECTION('',(0.,1.,-8.67361737988403E-16));
#14595=DIRECTION('',(0.,0.,1.));
#14596=DIRECTION('',(1.,0.,0.));
#14597=DIRECTION('',(0.,0.,1.));
#14598=DIRECTION('',(1.,0.,0.));
#14599=DIRECTION('',(0.,0.,1.));
#14600=DIRECTION('',(1.,0.,0.));
#14601=DIRECTION('',(0.,0.,-1.));
#14602=DIRECTION('',(-1.,0.,0.));
#14603=DIRECTION('',(0.,0.,1.));
#14604=DIRECTION('',(1.,0.,0.));
#14605=CARTESIAN_POINT('',(0.,0.,0.));
#14606=CARTESIAN_POINT('',(-0.00514281413202476,0.0664815891964264,0.013));
#14607=CARTESIAN_POINT('',(-0.0373383141320247,0.0664815891964264,0.013));
#14608=CARTESIAN_POINT('',(-0.0373383141320247,0.0664815891964264,0.013));
#14609=CARTESIAN_POINT('',(-0.0373383141320247,0.0664815891964264,0.003));
#14610=CARTESIAN_POINT('',(-0.00514281413202476,0.0664815891964264,0.003));
#14611=CARTESIAN_POINT('',(0.0270526858679753,0.0664815891964264,0.003));
#14612=CARTESIAN_POINT('',(0.0270526858679753,0.0664815891964264,0.013));
#14613=CARTESIAN_POINT('',(0.0270526858679753,0.0664815891964264,0.013));
#14614=CARTESIAN_POINT('',(-0.00514281413202476,0.0664815891964264,0.013));
#14615=CARTESIAN_POINT('',(0.000176875071483358,0.0664815891964264,0.013));
#14616=CARTESIAN_POINT('',(0.00017687507148336,0.0664815891964264,0.00508655933663249));
#14617=CARTESIAN_POINT('',(0.000176875071483359,0.0664815891964264,0.0100865593366325));
#14618=CARTESIAN_POINT('',(-0.00514281413202475,0.0664815891964264,0.00508655933663249));
#14619=CARTESIAN_POINT('',(-0.00982312492851664,0.0664815891964264,0.00508655933663249));
#14620=CARTESIAN_POINT('',(-0.00982312492851664,0.0664815891964264,0.013));
#14621=CARTESIAN_POINT('',(-0.00982312492851664,0.0664815891964264,0.0100865593366325));
#14622=CARTESIAN_POINT('',(-0.00514281413202475,0.0664815891964264,0.0100865593366325));
#14623=CARTESIAN_POINT('',(-0.00514281413202476,0.0764815891964264,0.013));
#14624=CARTESIAN_POINT('',(-0.00514281413202476,0.0764815891964264,0.015));
#14625=CARTESIAN_POINT('',(-0.0463383141320248,0.0764815891964264,0.015));
#14626=CARTESIAN_POINT('',(0.0360526858679752,0.0764815891964264,0.015));
#14627=CARTESIAN_POINT('',(0.0360526858679752,0.0764815891964264,0.013));
#14628=CARTESIAN_POINT('',(0.0360526858679752,0.0764815891964264,0.001));
#14629=CARTESIAN_POINT('',(-0.0473383141320248,0.0764815891964264,0.001));
#14630=CARTESIAN_POINT('',(-0.0463383141320248,0.0764815891964264,0.001));
#14631=CARTESIAN_POINT('',(-0.0463383141320248,0.0764815891964264,0.015));
#14632=CARTESIAN_POINT('',(-0.00514281413202476,0.0764815891964264,0.00508655933663249));
#14633=CARTESIAN_POINT('',(-0.00982312492851664,0.0764815891964264,0.00508655933663249));
#14634=CARTESIAN_POINT('',(0.00017687507148336,0.0764815891964264,0.00508655933663249));
#14635=CARTESIAN_POINT('',(0.000176875071483358,0.0764815891964264,0.013));
#14636=CARTESIAN_POINT('',(0.000176875071483359,0.0764815891964264,0.0100865593366325));
#14637=CARTESIAN_POINT('',(-0.00514281413202476,0.0764815891964264,0.0100865593366325));
#14638=CARTESIAN_POINT('',(-0.00982312492851664,0.0764815891964264,0.0100865593366325));
#14639=CARTESIAN_POINT('',(-0.00982312492851664,0.0764815891964264,0.013));
#14640=CARTESIAN_POINT('',(-0.0373383141320247,0.0235755891964264,0.013));
#14641=CARTESIAN_POINT('',(-0.0373383141320247,0.0235755891964264,0.003));
#14642=CARTESIAN_POINT('',(-0.0373383141320247,-0.0193304108035736,0.003));
#14643=CARTESIAN_POINT('',(-0.0373383141320247,0.0235755891964264,0.013));
#14644=CARTESIAN_POINT('',(-0.0373383141320247,-0.0193304108035736,0.013));
#14645=CARTESIAN_POINT('',(-0.0373383141320247,-0.0193304108035736,0.013));
#14646=CARTESIAN_POINT('',(-0.00514281413202475,-0.0193304108035736,0.013));
#14647=CARTESIAN_POINT('',(-0.00514281413202475,-0.0193304108035736,0.003));
#14648=CARTESIAN_POINT('',(0.0270526858679753,-0.0193304108035736,0.003));
#14649=CARTESIAN_POINT('',(-0.00514281413202475,-0.0193304108035736,0.013));
#14650=CARTESIAN_POINT('',(0.0270526858679753,-0.0193304108035736,0.013));
#14651=CARTESIAN_POINT('',(0.0270526858679753,-0.0193304108035736,0.013));
#14652=CARTESIAN_POINT('',(0.0270526858679753,0.0235755891964264,0.013));
#14653=CARTESIAN_POINT('',(0.0270526858679753,0.0235755891964264,0.003));
#14654=CARTESIAN_POINT('',(0.0270526858679753,0.0235755891964264,0.013));
#14655=CARTESIAN_POINT('',(-0.00514281413202476,0.0235755891964264,0.003));
#14656=CARTESIAN_POINT('',(-0.00514281413202476,0.0235755891964264,0.013));
#14657=CARTESIAN_POINT('',(-0.0349611498359584,0.0335707415972543,0.013));
#14658=CARTESIAN_POINT('',(-0.0349611498359584,0.0432207415972543,0.013));
#14659=CARTESIAN_POINT('',(-0.0349611498359584,0.0239207415972542,0.013));
#14660=CARTESIAN_POINT('',(-0.0253111498359584,0.0239207415972542,0.013));
#14661=CARTESIAN_POINT('',(-0.0156611498359584,0.0239207415972542,0.013));
#14662=CARTESIAN_POINT('',(-0.0156611498359584,0.0335707415972543,0.013));
#14663=CARTESIAN_POINT('',(-0.0156611498359584,0.0432207415972543,0.013));
#14664=CARTESIAN_POINT('',(-0.0253111498359584,0.0432207415972543,0.013));
#14665=CARTESIAN_POINT('',(-0.0149219122666859,0.0335687792233193,0.013));
#14666=CARTESIAN_POINT('',(-0.0149219122666859,0.0432187792233193,0.013));
#14667=CARTESIAN_POINT('',(-0.0149219122666859,0.0239187792233193,0.013));
#14668=CARTESIAN_POINT('',(-0.00527191226668588,0.0239187792233193,0.013));
#14669=CARTESIAN_POINT('',(0.00437808773331412,0.0239187792233193,0.013));
#14670=CARTESIAN_POINT('',(0.00437808773331411,0.0335687792233193,0.013));
#14671=CARTESIAN_POINT('',(0.00437808773331411,0.0432187792233193,0.013));
#14672=CARTESIAN_POINT('',(-0.00527191226668588,0.0432187792233193,0.013));
#14673=CARTESIAN_POINT('',(0.00515279373936355,0.0335784293711185,0.013));
#14674=CARTESIAN_POINT('',(0.00515279373936355,0.0432284293711186,0.013));
#14675=CARTESIAN_POINT('',(0.00515279373936355,0.0239284293711186,0.013));
#14676=CARTESIAN_POINT('',(0.0148027937393635,0.0239284293711186,0.013));
#14677=CARTESIAN_POINT('',(0.0244527937393635,0.0239284293711186,0.013));
#14678=CARTESIAN_POINT('',(0.0244527937393635,0.0335784293711185,0.013));
#14679=CARTESIAN_POINT('',(0.0244527937393635,0.0432284293711186,0.013));
#14680=CARTESIAN_POINT('',(0.0148027937393635,0.0432284293711186,0.013));
#14681=CARTESIAN_POINT('',(-0.0349682003714142,0.013562822062099,0.013));
#14682=CARTESIAN_POINT('',(-0.0349682003714142,0.023212822062099,0.013));
#14683=CARTESIAN_POINT('',(-0.0349682003714142,0.00491282206209896,0.013));
#14684=CARTESIAN_POINT('',(-0.0339682003714142,0.00491282206209896,0.013));
#14685=CARTESIAN_POINT('',(-0.0339682003714142,0.00391282206209896,0.013));
#14686=CARTESIAN_POINT('',(-0.0253182003714142,0.00391282206209896,0.013));
#14687=CARTESIAN_POINT('',(-0.0156682003714142,0.00391282206209896,0.013));
#14688=CARTESIAN_POINT('',(-0.0156682003714142,0.013562822062099,0.013));
#14689=CARTESIAN_POINT('',(-0.0156682003714142,0.023212822062099,0.013));
#14690=CARTESIAN_POINT('',(-0.0253182003714142,0.023212822062099,0.013));
#14691=CARTESIAN_POINT('',(-0.0149289628021417,0.013560859688164,0.013));
#14692=CARTESIAN_POINT('',(-0.0149289628021417,0.023210859688164,0.013));
#14693=CARTESIAN_POINT('',(-0.0149289628021417,0.00391085968816402,0.013));
#14694=CARTESIAN_POINT('',(-0.00527896280214168,0.00391085968816402,0.013));
#14695=CARTESIAN_POINT('',(0.00437103719785832,0.00391085968816401,0.013));
#14696=CARTESIAN_POINT('',(0.00437103719785832,0.013560859688164,0.013));
#14697=CARTESIAN_POINT('',(0.00437103719785832,0.023210859688164,0.013));
#14698=CARTESIAN_POINT('',(-0.00527896280214168,0.023210859688164,0.013));
#14699=CARTESIAN_POINT('',(0.00514574320390776,0.0135705098359632,0.013));
#14700=CARTESIAN_POINT('',(0.00514574320390776,0.0232205098359633,0.013));
#14701=CARTESIAN_POINT('',(0.00514574320390776,0.00392050983596325,0.013));
#14702=CARTESIAN_POINT('',(0.0147957432039078,0.00392050983596325,0.013));
#14703=CARTESIAN_POINT('',(0.0244457432039078,0.00392050983596324,0.013));
#14704=CARTESIAN_POINT('',(0.0244457432039078,0.0135705098359632,0.013));
#14705=CARTESIAN_POINT('',(0.0244457432039078,0.0232205098359633,0.013));
#14706=CARTESIAN_POINT('',(0.0147957432039078,0.0232205098359633,0.013));
#14707=CARTESIAN_POINT('',(-0.0253014351680872,0.0031336558993399,0.013));
#14708=CARTESIAN_POINT('',(-0.0339514351680873,0.0031336558993399,0.013));
#14709=CARTESIAN_POINT('',(-0.0156514351680873,0.0031336558993399,0.013));
#14710=CARTESIAN_POINT('',(-0.0339514351680873,0.0021336558993399,0.013));
#14711=CARTESIAN_POINT('',(-0.0349514351680872,0.0021336558993399,0.013));
#14712=CARTESIAN_POINT('',(-0.0349514351680872,-0.0065163441006601,0.013));
#14713=CARTESIAN_POINT('',(-0.0349514351680872,-0.0161663441006601,0.013));
#14714=CARTESIAN_POINT('',(-0.0253014351680872,-0.0161663441006601,0.013));
#14715=CARTESIAN_POINT('',(-0.0156514351680873,-0.0161663441006601,0.013));
#14716=CARTESIAN_POINT('',(-0.0156514351680873,-0.0065163441006601,0.013));
#14717=CARTESIAN_POINT('',(-0.0149121975988147,-0.00651830647459505,0.013));
#14718=CARTESIAN_POINT('',(-0.0149121975988147,0.00313169352540495,0.013));
#14719=CARTESIAN_POINT('',(-0.0149121975988147,-0.0161683064745951,0.013));
#14720=CARTESIAN_POINT('',(-0.00526219759881474,-0.0161683064745951,0.013));
#14721=CARTESIAN_POINT('',(0.00438780240118526,-0.0161683064745951,0.013));
#14722=CARTESIAN_POINT('',(0.00438780240118526,-0.00651830647459505,0.013));
#14723=CARTESIAN_POINT('',(0.00438780240118526,0.00313169352540495,0.013));
#14724=CARTESIAN_POINT('',(-0.00526219759881474,0.00313169352540495,0.013));
#14725=CARTESIAN_POINT('',(0.00516250840723469,-0.00650865632679582,0.013));
#14726=CARTESIAN_POINT('',(0.00516250840723469,0.00314134367320418,0.013));
#14727=CARTESIAN_POINT('',(0.00516250840723469,-0.0161586563267958,0.013));
#14728=CARTESIAN_POINT('',(0.0148125084072347,-0.0161586563267958,0.013));
#14729=CARTESIAN_POINT('',(0.0244625084072347,-0.0161586563267958,0.013));
#14730=CARTESIAN_POINT('',(0.0244625084072347,-0.00650865632679582,0.013));
#14731=CARTESIAN_POINT('',(0.0244625084072347,0.00314134367320418,0.013));
#14732=CARTESIAN_POINT('',(0.0148125084072347,0.00314134367320418,0.013));
#14733=CARTESIAN_POINT('',(-0.00876870895132593,0.0624703947178061,0.013));
#14734=CARTESIAN_POINT('',(-0.00823424843332263,0.0626740086240561,0.013));
#14735=CARTESIAN_POINT('',(-0.00819705888788994,0.0624785046304758,0.013));
#14736=CARTESIAN_POINT('',(-0.00874407773291403,0.0624870068673273,0.013));
#14737=CARTESIAN_POINT('',(-0.00834731636428072,0.0628582601902946,0.013));
#14738=CARTESIAN_POINT('',(-0.00877721528719105,0.0624481856621552,0.013));
#14739=CARTESIAN_POINT('',(-0.00854163942229165,0.0629943283672968,0.013));
#14740=CARTESIAN_POINT('',(-0.00880485796689556,0.0623603307211136,0.013));
#14741=CARTESIAN_POINT('',(-0.00882483223226096,0.0630473460264878,0.013));
#14742=CARTESIAN_POINT('',(-0.00881787590514326,0.0622199115518237,0.013));
#14743=CARTESIAN_POINT('',(-0.00895695459605704,0.0630360128122374,0.013));
#14744=CARTESIAN_POINT('',(-0.00874493829694962,0.0617452235831753,0.013));
#14745=CARTESIAN_POINT('',(-0.00910045800076852,0.0630041228905911,0.013));
#14746=CARTESIAN_POINT('',(-0.00887596599488052,0.0622043601291872,0.0130000000000001));
#14747=CARTESIAN_POINT('',(-0.00924026844884793,0.0629508037251935,0.013));
#14748=CARTESIAN_POINT('',(-0.00902971480803403,0.0625016495388604,0.013));
#14749=CARTESIAN_POINT('',(-0.00935338773987325,0.0628774536981966,0.013));
#14750=CARTESIAN_POINT('',(-0.00930880008188382,0.0627831884669221,0.013));
#14751=CARTESIAN_POINT('',(-0.00926428089640985,0.0626890679971649,0.013));
#14752=CARTESIAN_POINT('',(-0.008199918628058,0.060905720527855,0.013));
#14753=CARTESIAN_POINT('',(-0.00918320308730047,0.0627350486536781,0.013));
#14754=CARTESIAN_POINT('',(-0.00901905039504674,0.0624197400306507,0.013));
#14755=CARTESIAN_POINT('',(-0.00909680333886418,0.062766733214427,0.013));
#14756=CARTESIAN_POINT('',(-0.00890720867951277,0.0619156319119054,0.013));
#14757=CARTESIAN_POINT('',(-0.00898358865292962,0.0627844382812061,0.013));
#14758=CARTESIAN_POINT('',(-0.0088362944425837,0.0610126175673631,0.013));
#14759=CARTESIAN_POINT('',(-0.00881996333544208,0.0627906955233269,0.013));
#14760=CARTESIAN_POINT('',(-0.00882508959078222,0.0623684184479434,0.013));
#14761=CARTESIAN_POINT('',(-0.00871183911813606,0.0627754322299295,0.013));
#14762=CARTESIAN_POINT('',(-0.00878651305966365,0.0624968060347834,0.013));
#14763=CARTESIAN_POINT('',(-0.00860632070775167,0.0627222330064248,0.013));
#14764=CARTESIAN_POINT('',(-0.00879693294278973,0.0624856730776961,0.013));
#14765=CARTESIAN_POINT('',(-0.00852630765071492,0.0626245102749625,0.013));
#14766=CARTESIAN_POINT('',(-0.00881224742622743,0.0624876791790171,0.013));
#14767=CARTESIAN_POINT('',(-0.00849474720748464,0.0624756594653837,0.013));
#14768=CARTESIAN_POINT('',(-0.00889869786131272,0.0624888194824977,0.013));
#14769=CARTESIAN_POINT('',(-0.00854427663026402,0.0622930064641515,0.013));
#14770=CARTESIAN_POINT('',(-0.00967172652898018,0.0628826411423271,0.013));
#14771=CARTESIAN_POINT('',(-0.00867121858894488,0.0620960034950472,0.013));
#14772=CARTESIAN_POINT('',(-0.0106074829117286,0.0635997466561089,0.013));
#14773=CARTESIAN_POINT('',(-0.00884274245420387,0.0618978080356997,0.013));
#14774=CARTESIAN_POINT('',(-0.0118656505588117,0.0647951093651297,0.013));
#14775=CARTESIAN_POINT('',(-0.00903074449196492,0.0617136444926797,0.013));
#14776=CARTESIAN_POINT('',(-0.0139930308658347,0.0671033084296998,0.013));
#14777=CARTESIAN_POINT('',(-0.0092062151397617,0.0615574055693647,0.013));
#14778=CARTESIAN_POINT('',(-0.00927521964026593,0.0614974287671408,0.013));
#14779=CARTESIAN_POINT('',(-0.0093329878418386,0.0614470841863184,0.013));
#14780=CARTESIAN_POINT('',(-0.0093329878418386,0.0613044829738881,0.013));
#14781=CARTESIAN_POINT('',(-0.0093329878418386,0.0611622020329776,0.013));
#14782=CARTESIAN_POINT('',(-0.00875126205200173,0.0611622020329776,0.013));
#14783=CARTESIAN_POINT('',(-0.00816953626216485,0.0611622020329776,0.013));
#14784=CARTESIAN_POINT('',(-0.00816953626216485,0.0612853766761087,0.013));
#14785=CARTESIAN_POINT('',(-0.00816953626216485,0.0614085513192398,0.013));
#14786=CARTESIAN_POINT('',(-0.00856710986276616,0.0614085513192398,0.013));
#14787=CARTESIAN_POINT('',(-0.00896468346336746,0.0614085513192398,0.013));
#14788=CARTESIAN_POINT('',(-0.00536447832234131,0.0577729848715505,0.013));
#14789=CARTESIAN_POINT('',(-0.00884129031479524,0.0615268314168235,0.013));
#14790=CARTESIAN_POINT('',(-0.0123967166098816,0.0653232262106121,0.013));
#14791=CARTESIAN_POINT('',(-0.00868134660546662,0.0616831588797851,0.013));
#14792=CARTESIAN_POINT('',(-0.0119706473656097,0.0649119062948914,0.013));
#14793=CARTESIAN_POINT('',(-0.00851122084260984,0.0618660924121851,0.013));
#14794=CARTESIAN_POINT('',(-0.0101237919558567,0.0632915361827462,0.013));
#14795=CARTESIAN_POINT('',(-0.00835494248103079,0.0620655071087132,0.013));
#14796=CARTESIAN_POINT('',(-0.00925888605743129,0.0626986796244434,0.013));
#14797=CARTESIAN_POINT('',(-0.00824054555948474,0.0622738550977091,0.013));
#14798=CARTESIAN_POINT('',(-0.00873526246512869,0.0624867107392171,0.013));
#14799=CARTESIAN_POINT('',(-0.0071226205438399,0.0618507894795782,0.013));
#14800=CARTESIAN_POINT('',(-0.00734979478403344,0.0623831757644766,0.013));
#14801=CARTESIAN_POINT('',(-0.00711218837152396,0.0624299701596102,0.013));
#14802=CARTESIAN_POINT('',(-0.00748821381369064,0.0622675216853651,0.013));
#14803=CARTESIAN_POINT('',(-0.00745528593879422,0.0623362230539761,0.013));
#14804=CARTESIAN_POINT('',(-0.00734979478403344,0.0623831757644766,0.013));
#14805=CARTESIAN_POINT('',(-0.00748821381369064,0.0622675216853651,0.013));
#14806=CARTESIAN_POINT('',(-0.00749645402614966,0.0622811579874423,0.013));
#14807=CARTESIAN_POINT('',(-0.00749837858050859,0.0622650767610875,0.013));
#14808=CARTESIAN_POINT('',(-0.00750025788595445,0.062250847240632,0.013));
#14809=CARTESIAN_POINT('',(-0.00750848602265504,0.0622624640335125,0.013));
#14810=CARTESIAN_POINT('',(-0.00668354047957487,0.0622653597012889,0.013));
#14811=CARTESIAN_POINT('',(-0.00748307630782726,0.0624681247021257,0.013));
#14812=CARTESIAN_POINT('',(-0.00691348055679505,0.062328994705571,0.013));
#14813=CARTESIAN_POINT('',(-0.00740816829375074,0.0626433707320493,0.013));
#14814=CARTESIAN_POINT('',(-0.00708450228851076,0.0624356047908138,0.013));
#14815=CARTESIAN_POINT('',(-0.00728239430173411,0.0627654475563333,0.013));
#14816=CARTESIAN_POINT('',(-0.00711191685019982,0.0624663674156872,0.013));
#14817=CARTESIAN_POINT('',(-0.00710202533802026,0.0628108410611697,0.013));
#14818=CARTESIAN_POINT('',(-0.00708797539178383,0.0612442716621824,0.013));
#14819=CARTESIAN_POINT('',(-0.00690140168349514,0.0627996951723801,0.013));
#14820=CARTESIAN_POINT('',(-0.00694854738430411,0.0624220312002572,0.013));
#14821=CARTESIAN_POINT('',(-0.00674386742472782,0.0627427700840071,0.013));
#14822=CARTESIAN_POINT('',(-0.00669550571433222,0.0628480279242799,0.013));
#14823=CARTESIAN_POINT('',(-0.00664697011145608,0.062953664199541,0.013));
#14824=CARTESIAN_POINT('',(-0.00692298455364342,0.0625127104941597,0.013));
#14825=CARTESIAN_POINT('',(-0.00686199129688359,0.0630295868089128,0.013));
#14826=CARTESIAN_POINT('',(-0.00712149688779395,0.0611385988952404,0.013));
#14827=CARTESIAN_POINT('',(-0.00713007351817308,0.0630476851486748,0.013));
#14828=CARTESIAN_POINT('',(-0.00712397794517182,0.0624594844545594,0.013));
#14829=CARTESIAN_POINT('',(-0.00737021122411407,0.0629943547284466,0.013));
#14830=CARTESIAN_POINT('',(-0.00712456470703081,0.062483072289012,0.013));
#14831=CARTESIAN_POINT('',(-0.00758862350627604,0.0628112381381301,0.013));
#14832=CARTESIAN_POINT('',(-0.00774757164312176,0.0624593976971072,0.013));
#14833=CARTESIAN_POINT('',(-0.00768659409701726,0.0626817624819016,0.013));
#14834=CARTESIAN_POINT('',(-0.00758862350627604,0.0628112381381301,0.013));
#14835=CARTESIAN_POINT('',(-0.00774757164312176,0.0624593976971072,0.013));
#14836=CARTESIAN_POINT('',(-0.00780854918922625,0.0619016564087381,0.013));
#14837=CARTESIAN_POINT('',(-0.00780854918922625,0.0622370329123128,0.013));
#14838=CARTESIAN_POINT('',(-0.00774757164312176,0.0624593976971072,0.013));
#14839=CARTESIAN_POINT('',(-0.00780854918922625,0.0619016564087381,0.013));
#14840=CARTESIAN_POINT('',(-0.00668154170984548,0.0618886524371529,0.013));
#14841=CARTESIAN_POINT('',(-0.0077703503849977,0.0615994072879787,0.013));
#14842=CARTESIAN_POINT('',(-0.00713066343661037,0.0617690134243128,0.013));
#14843=CARTESIAN_POINT('',(-0.00765089730211991,0.0613605217120505,0.013));
#14844=CARTESIAN_POINT('',(-0.00722118814965129,0.0617049838083481,0.013));
#14845=CARTESIAN_POINT('',(-0.00744765536236884,0.0612026231740144,0.013));
#14846=CARTESIAN_POINT('',(-0.00717723158267219,0.0618380618570617,0.013));
#14847=CARTESIAN_POINT('',(-0.00715812788004211,0.0611469255449199,0.013));
#14848=CARTESIAN_POINT('',(-0.00717228091840839,0.061871425330382,0.013));
#14849=CARTESIAN_POINT('',(-0.0069573198645459,0.0611787179378422,0.013));
#14850=CARTESIAN_POINT('',(-0.00711506270282823,0.0617037173615731,0.013));
#14851=CARTESIAN_POINT('',(-0.00675398182334715,0.0612905931681588,0.013));
#14852=CARTESIAN_POINT('',(-0.00717959543265399,0.0617705754113647,0.013));
#14853=CARTESIAN_POINT('',(-0.00659651883115593,0.0615014404478056,0.013));
#14854=CARTESIAN_POINT('',(-0.00653289892472024,0.0618305159382829,0.013));
#14855=CARTESIAN_POINT('',(-0.00653289892472024,0.0616321356549562,0.013));
#14856=CARTESIAN_POINT('',(-0.00659651883115593,0.0615014404478056,0.013));
#14857=CARTESIAN_POINT('',(-0.00653289892472024,0.0618305159382829,0.013));
#14858=CARTESIAN_POINT('',(-0.00714432072794424,0.0618270606423559,0.013));
#14859=CARTESIAN_POINT('',(-0.0065723841199421,0.0620437139584739,0.013));
#14860=CARTESIAN_POINT('',(-0.00714266167475591,0.0618331743185016,0.013));
#14861=CARTESIAN_POINT('',(-0.00668797263323996,0.0622368407829334,0.013));
#14862=CARTESIAN_POINT('',(-0.00713221770339196,0.0618422613167567,0.013));
#14863=CARTESIAN_POINT('',(-0.00687211535307978,0.0623767177637141,0.013));
#14864=CARTESIAN_POINT('',(-0.00710400797824514,0.0618964768503384,0.013));
#14865=CARTESIAN_POINT('',(-0.00239414961212122,0.0613807049065187,0.013));
#14866=CARTESIAN_POINT('',(-0.00239414961212122,0.0611622020329776,0.013));
#14867=CARTESIAN_POINT('',(-0.00239414961212122,0.0615992077800598,0.013));
#14868=CARTESIAN_POINT('',(-0.00223906338652879,0.0611622020329776,0.013));
#14869=CARTESIAN_POINT('',(-0.00208397716093636,0.0611622020329776,0.013));
#14870=CARTESIAN_POINT('',(-0.00208397716093636,0.0613807049065187,0.013));
#14871=CARTESIAN_POINT('',(-0.00208397716093636,0.0615992077800598,0.013));
#14872=CARTESIAN_POINT('',(-0.00198620982868215,0.0615992077800598,0.013));
#14873=CARTESIAN_POINT('',(-0.00188844249642794,0.0615992077800598,0.013));
#14874=CARTESIAN_POINT('',(-0.00188844249642794,0.0617199433213467,0.013));
#14875=CARTESIAN_POINT('',(-0.00188844249642794,0.0618406788626336,0.013));
#14876=CARTESIAN_POINT('',(-0.00198620982868215,0.0618406788626336,0.013));
#14877=CARTESIAN_POINT('',(-0.00208397716093636,0.0618406788626336,0.013));
#14878=CARTESIAN_POINT('',(-0.00208397716093636,0.0624376490389966,0.013));
#14879=CARTESIAN_POINT('',(-0.00208397716093636,0.0630346192153596,0.013));
#14880=CARTESIAN_POINT('',(-0.00223906338652879,0.0630346192153596,0.013));
#14881=CARTESIAN_POINT('',(-0.00239414961212122,0.0630346192153596,0.013));
#14882=CARTESIAN_POINT('',(-0.00279924377674207,0.0624376490389966,0.013));
#14883=CARTESIAN_POINT('',(-0.00320433794136292,0.0618406788626336,0.013));
#14884=CARTESIAN_POINT('',(-0.00320433794136292,0.0617199433213467,0.013));
#14885=CARTESIAN_POINT('',(-0.00320433794136292,0.0615992077800598,0.013));
#14886=CARTESIAN_POINT('',(-0.00279924377674207,0.0615992077800598,0.013));
#14887=CARTESIAN_POINT('',(-0.0277536405814307,0.0533410042667491,0.013));
#14888=CARTESIAN_POINT('',(-0.028464121058653,0.054776229852118,0.013));
#14889=CARTESIAN_POINT('',(-0.0277493727248267,0.0549424557638258,0.013));
#14890=CARTESIAN_POINT('',(-0.0276638630340701,0.053136890260038,0.013));
#14891=CARTESIAN_POINT('',(-0.0290500300388429,0.0543232716368349,0.013));
#14892=CARTESIAN_POINT('',(-0.0273314075493866,0.0528686896744812,0.013));
#14893=CARTESIAN_POINT('',(-0.0294439631334692,0.0536495681337833,0.013));
#14894=CARTESIAN_POINT('',(-0.0273046966012759,0.0528438663685809,0.013));
#14895=CARTESIAN_POINT('',(-0.0295911328468576,0.05282818083231,0.013));
#14896=CARTESIAN_POINT('',(-0.0273122926480911,0.0528067651922933,0.013));
#14897=CARTESIAN_POINT('',(-0.0294440815006068,0.0520032187935682,0.013));
#14898=CARTESIAN_POINT('',(-0.0273564123772574,0.0527853534297347,0.013));
#14899=CARTESIAN_POINT('',(-0.0290464905920003,0.0513325044119892,0.013));
#14900=CARTESIAN_POINT('',(-0.0276847223452839,0.0525197425269903,0.013));
#14901=CARTESIAN_POINT('',(-0.0284423387309625,0.050879507615492,0.013));
#14902=CARTESIAN_POINT('',(-0.0276968643703247,0.0524804032432892,0.013));
#14903=CARTESIAN_POINT('',(-0.027683375355036,0.0507139099993767,0.013));
#14904=CARTESIAN_POINT('',(-0.0268584082326517,0.0508688859659388,0.013));
#14905=CARTESIAN_POINT('',(-0.0271825024593027,0.0507139099993767,0.013));
#14906=CARTESIAN_POINT('',(-0.027683375355036,0.0507139099993767,0.013));
#14907=CARTESIAN_POINT('',(-0.0268584082326517,0.0508688859659388,0.013));
#14908=CARTESIAN_POINT('',(-0.0275691063523123,0.0523273510187072,0.013));
#14909=CARTESIAN_POINT('',(-0.0262918988837684,0.0513261141001195,0.013));
#14910=CARTESIAN_POINT('',(-0.0264535850804533,0.0515724650688865,0.013));
#14911=CARTESIAN_POINT('',(-0.0266155694962336,0.0518192704162932,0.013));
#14912=CARTESIAN_POINT('',(-0.0273247739847979,0.052527210999471,0.013));
#14913=CARTESIAN_POINT('',(-0.0268549031847985,0.0516420547962595,0.013));
#14914=CARTESIAN_POINT('',(-0.0277639862061095,0.053315691654199,0.013));
#14915=CARTESIAN_POINT('',(-0.0271277174151545,0.0515206542315177,0.013));
#14916=CARTESIAN_POINT('',(-0.0276103609140206,0.0528611014199088,0.013));
#14917=CARTESIAN_POINT('',(-0.0273852140512841,0.0514546410277151,0.013));
#14918=CARTESIAN_POINT('',(-0.0276182413986219,0.0528672633189796,0.013));
#14919=CARTESIAN_POINT('',(-0.0275879126127178,0.0514363652325268,0.013));
#14920=CARTESIAN_POINT('',(-0.0276000324407416,0.0526860907810601,0.013));
#14921=CARTESIAN_POINT('',(-0.0280404619153013,0.0515170933165879,0.013));
#14922=CARTESIAN_POINT('',(-0.0276619683849262,0.0525315043300102,0.013));
#14923=CARTESIAN_POINT('',(-0.02840176895823,0.051741495569081,0.013));
#14924=CARTESIAN_POINT('',(-0.027668882534767,0.0525092057587098,0.013));
#14925=CARTESIAN_POINT('',(-0.0286415705192978,0.0520839210854203,0.013));
#14926=CARTESIAN_POINT('',(-0.0276736808434943,0.0525054416970713,0.013));
#14927=CARTESIAN_POINT('',(-0.0287295344020262,0.0525182309484769,0.013));
#14928=CARTESIAN_POINT('',(-0.027286212611831,0.0525182309484769,0.013));
#14929=CARTESIAN_POINT('',(-0.0258429969646153,0.0525182309484769,0.013));
#14930=CARTESIAN_POINT('',(-0.028197584910276,0.0528724495312703,0.013));
#14931=CARTESIAN_POINT('',(-0.0258827416035501,0.0534280177389368,0.013));
#14932=CARTESIAN_POINT('',(-0.0279840811315537,0.0529387241208717,0.013));
#14933=CARTESIAN_POINT('',(-0.0262359275944466,0.054201913525842,0.013));
#14934=CARTESIAN_POINT('',(-0.027708042595947,0.053114742075398,0.013));
#14935=CARTESIAN_POINT('',(-0.0268654793794151,0.0547397495566114,0.013));
#14936=CARTESIAN_POINT('',(-0.0277493727248267,0.0549424557638258,0.013));
#14937=CARTESIAN_POINT('',(-0.0272484998290934,0.0549424557638258,0.013));
#14938=CARTESIAN_POINT('',(-0.0268654793794151,0.0547397495566114,0.013));
#14939=CARTESIAN_POINT('',(-0.00752201204692402,0.0544407963148998,0.013));
#14940=CARTESIAN_POINT('',(-0.00703868602207338,0.0537228448574115,0.013));
#14941=CARTESIAN_POINT('',(-0.00731231416232987,0.0536014166303018,0.013));
#14942=CARTESIAN_POINT('',(-0.00760138508838123,0.0545922528406075,0.013));
#14943=CARTESIAN_POINT('',(-0.00678454139606917,0.0539548069041088,0.013));
#14944=CARTESIAN_POINT('',(-0.00779602595247472,0.0547368639718403,0.013));
#14945=CARTESIAN_POINT('',(-0.00660011721269895,0.0542830547866215,0.013));
#14946=CARTESIAN_POINT('',(-0.00765757699117769,0.0546825605418554,0.013));
#14947=CARTESIAN_POINT('',(-0.00652650423926383,0.0546985012004922,0.013));
#14948=CARTESIAN_POINT('',(-0.00667381979683243,0.0553732064541564,0.013));
#14949=CARTESIAN_POINT('',(-0.00652650423926383,0.0550897713213944,0.013));
#14950=CARTESIAN_POINT('',(-0.00652650423926383,0.0546985012004922,0.013));
#14951=CARTESIAN_POINT('',(-0.00667381979683243,0.0553732064541564,0.013));
#14952=CARTESIAN_POINT('',(-0.00780596610072037,0.0547981959622949,0.013));
#14953=CARTESIAN_POINT('',(-0.00707145633258499,0.0558335868061746,0.013));
#14954=CARTESIAN_POINT('',(-0.00803882640788805,0.0544392454829424,0.013));
#14955=CARTESIAN_POINT('',(-0.00764614274675654,0.0560907552230905,0.013));
#14956=CARTESIAN_POINT('',(-0.00830820066681352,0.0534077154498618,0.013));
#14957=CARTESIAN_POINT('',(-0.00831668267693389,0.056171585772111,0.013));
#14958=CARTESIAN_POINT('',(-0.00909745534995104,0.0561716567761782,0.013));
#14959=CARTESIAN_POINT('',(-0.00987822780506463,0.0561716567761782,0.013));
#14960=CARTESIAN_POINT('',(-0.00987822780506463,0.0534575149435343,0.013));
#14961=CARTESIAN_POINT('',(-0.00987822780506463,0.0507433731108904,0.013));
#14962=CARTESIAN_POINT('',(-0.00885821488445964,0.0507433731108904,0.013));
#14963=CARTESIAN_POINT('',(-0.00783819700968322,0.0507432326032817,0.013));
#14964=CARTESIAN_POINT('',(-0.00795487376565374,0.0540523574923913,0.013));
#14965=CARTESIAN_POINT('',(-0.00765375013919488,0.0507544564487187,0.013));
#14966=CARTESIAN_POINT('',(-0.0078223946588597,0.0524524009803278,0.013));
#14967=CARTESIAN_POINT('',(-0.00733322107600545,0.0508170835476254,0.013));
#14968=CARTESIAN_POINT('',(-0.00791855055803201,0.0528126290126533,0.013));
#14969=CARTESIAN_POINT('',(-0.00695724836716586,0.0509678693231997,0.013));
#14970=CARTESIAN_POINT('',(-0.00757873185437752,0.0521611719918449,0.013));
#14971=CARTESIAN_POINT('',(-0.00659646672304999,0.0512405658838006,0.013));
#14972=CARTESIAN_POINT('',(-0.00764287803709321,0.0522016860790331,0.013));
#14973=CARTESIAN_POINT('',(-0.00632026245866779,0.0516791215325661,0.013));
#14974=CARTESIAN_POINT('',(-0.00620948115937621,0.0523119891678808,0.013));
#14975=CARTESIAN_POINT('',(-0.00620948115937621,0.0519442895361896,0.013));
#14976=CARTESIAN_POINT('',(-0.00632026245866779,0.0516791215325661,0.013));
#14977=CARTESIAN_POINT('',(-0.00620948115937621,0.0523119891678808,0.013));
#14978=CARTESIAN_POINT('',(-0.00632026245866779,0.0528464500107397,0.013));
#14979=CARTESIAN_POINT('',(-0.00620948115937621,0.0526148699542419,0.013));
#14980=CARTESIAN_POINT('',(-0.00620948115937621,0.0523119891678808,0.013));
#14981=CARTESIAN_POINT('',(-0.00632026245866779,0.0528464500107397,0.013));
#14982=CARTESIAN_POINT('',(-0.00756723254702456,0.052267421582268,0.013));
#14983=CARTESIAN_POINT('',(-0.00659661389423885,0.0532400899718774,0.013));
#14984=CARTESIAN_POINT('',(-0.0074975508684623,0.0523383801763252,0.013));
#14985=CARTESIAN_POINT('',(-0.00695376736653602,0.0534904196241402,0.013));
#14986=CARTESIAN_POINT('',(-0.00750521291198274,0.0523482192554575,0.013));
#14987=CARTESIAN_POINT('',(0.0193644996345328,0.0561716567761782,0.013));
#14988=CARTESIAN_POINT('',(0.0189154818150637,0.0561716567761782,0.013));
#14989=CARTESIAN_POINT('',(0.0198135174540019,0.0561716567761782,0.013));
#14990=CARTESIAN_POINT('',(0.0189154818150637,0.0543007491950569,0.013));
#14991=CARTESIAN_POINT('',(0.0189154818150637,0.0524298416139357,0.013));
#14992=CARTESIAN_POINT('',(0.0178512742271882,0.0543007491950569,0.013));
#14993=CARTESIAN_POINT('',(0.0167870666393126,0.0561716567761782,0.013));
#14994=CARTESIAN_POINT('',(0.0163374595576132,0.0561716567761782,0.013));
#14995=CARTESIAN_POINT('',(0.0158878524759139,0.0561716567761782,0.013));
#14996=CARTESIAN_POINT('',(0.0158878524759139,0.0534575149435343,0.013));
#14997=CARTESIAN_POINT('',(0.0158878524759139,0.0507433731108904,0.013));
#14998=CARTESIAN_POINT('',(0.0163374595576132,0.0507433731108904,0.013));
#14999=CARTESIAN_POINT('',(0.0167870666393126,0.0507433731108904,0.013));
#15000=CARTESIAN_POINT('',(0.0167870666393126,0.0526142806920116,0.013));
#15001=CARTESIAN_POINT('',(0.0167870666393126,0.0544851882731328,0.013));
#15002=CARTESIAN_POINT('',(0.0178512742271882,0.0526142806920116,0.013));
#15003=CARTESIAN_POINT('',(0.0189154818150637,0.0507433731108904,0.013));
#15004=CARTESIAN_POINT('',(0.0193644996345328,0.0507433731108904,0.013));
#15005=CARTESIAN_POINT('',(0.0198135174540019,0.0507433731108904,0.013));
#15006=CARTESIAN_POINT('',(0.0198135174540019,0.0534575149435343,0.013));
#15007=CARTESIAN_POINT('',(0.0240638659209711,0.0529419104920442,0.013));
#15008=CARTESIAN_POINT('',(0.0242329841810599,0.0526655465060455,0.013));
#15009=CARTESIAN_POINT('',(0.0242329841810599,0.0522318495045635,0.013));
#15010=CARTESIAN_POINT('',(0.0240638659209711,0.0529419104920442,0.013));
#15011=CARTESIAN_POINT('',(0.0242329841810599,0.0522318495045635,0.013));
#15012=CARTESIAN_POINT('',(0.0227077613631975,0.0521226131088543,0.013));
#15013=CARTESIAN_POINT('',(0.0236408120922817,0.0534027637227206,0.013));
#15014=CARTESIAN_POINT('',(0.021934743907291,0.0510476188226154,0.013));
#15015=CARTESIAN_POINT('',(0.0230921832792796,0.0537156369108434,0.013));
#15016=CARTESIAN_POINT('',(0.0258213614839329,0.0600254078070997,0.013));
#15017=CARTESIAN_POINT('',(0.0225471917035095,0.0539809481375475,0.013));
#15018=CARTESIAN_POINT('',(0.0233286907454016,0.055458890414108,0.013));
#15019=CARTESIAN_POINT('',(0.0221269609700592,0.0542978028839056,0.013));
#15020=CARTESIAN_POINT('',(0.0219572534477402,0.0547727482415067,0.013));
#15021=CARTESIAN_POINT('',(0.0219572534477402,0.0544781171263695,0.013));
#15022=CARTESIAN_POINT('',(0.0221269609700592,0.0542978028839056,0.013));
#15023=CARTESIAN_POINT('',(0.0219572534477402,0.0547727482415067,0.013));
#15024=CARTESIAN_POINT('',(0.0225528207472532,0.0547589467641164,0.013));
#15025=CARTESIAN_POINT('',(0.0220163627914112,0.0550195593176743,0.013));
#15026=CARTESIAN_POINT('',(0.0227349246694497,0.0546902066543345,0.013));
#15027=CARTESIAN_POINT('',(0.022178239921429,0.0552518050554205,0.013));
#15028=CARTESIAN_POINT('',(0.0228590568680651,0.0545690127876571,0.013));
#15029=CARTESIAN_POINT('',(0.0224139457594122,0.0554244454718673,0.013));
#15030=CARTESIAN_POINT('',(0.022772836023766,0.0547451294422766,0.013));
#15031=CARTESIAN_POINT('',(0.022693861305855,0.0555090278205247,0.013));
#15032=CARTESIAN_POINT('',(0.022966813348042,0.0528251578465062,0.013));
#15033=CARTESIAN_POINT('',(0.0231287104633156,0.0555170500600285,0.013));
#15034=CARTESIAN_POINT('',(0.0230601155822592,0.0543844923868892,0.013));
#15035=CARTESIAN_POINT('',(0.0234015789904625,0.055465278225888,0.013));
#15036=CARTESIAN_POINT('',(0.0231585751385592,0.0547292048900774,0.013));
#15037=CARTESIAN_POINT('',(0.0235595795374713,0.0553916702412628,0.013));
#15038=CARTESIAN_POINT('',(0.0240938099752745,0.0561782769521327,0.013));
#15039=CARTESIAN_POINT('',(0.0236590427687727,0.0553325473602674,0.013));
#15040=CARTESIAN_POINT('',(0.0229422077020324,0.0558056570331674,0.013));
#15041=CARTESIAN_POINT('',(0.0237031657352885,0.0554062419178659,0.013));
#15042=CARTESIAN_POINT('',(0.0181322569759591,0.05848301944111,0.013));
#15043=CARTESIAN_POINT('',(0.0237916246403146,0.0555717888695079,0.013));
#15044=CARTESIAN_POINT('',(0.0238455132508529,0.0556760252129143,0.013));
#15045=CARTESIAN_POINT('',(0.0239018189079,0.0557851007327557,0.013));
#15046=CARTESIAN_POINT('',(0.0182641449659569,0.0587049838273643,0.013));
#15047=CARTESIAN_POINT('',(0.024005528960174,0.0559948781070958,0.013));
#15048=CARTESIAN_POINT('',(0.023445140579183,0.0561975843143102,0.013));
#15049=CARTESIAN_POINT('',(0.0237910375083541,0.0561351225179012,0.013));
#15050=CARTESIAN_POINT('',(0.024005528960174,0.0559948781070958,0.013));
#15051=CARTESIAN_POINT('',(0.023445140579183,0.0561975843143102,0.013));
#15052=CARTESIAN_POINT('',(0.0227533811321685,0.052409880645615,0.013));
#15053=CARTESIAN_POINT('',(0.022759827668745,0.0562599633272489,0.013));
#15054=CARTESIAN_POINT('',(0.0227485890582429,0.0543483869888816,0.013));
#15055=CARTESIAN_POINT('',(0.0221305185814496,0.0561568570352781,0.013));
#15056=CARTESIAN_POINT('',(0.0226313634724386,0.0546685708679226,0.013));
#15057=CARTESIAN_POINT('',(0.0216077360045215,0.0558588563936097,0.013));
#15058=CARTESIAN_POINT('',(0.0225505323566634,0.0547795899883839,0.013));
#15059=CARTESIAN_POINT('',(0.0212507280336411,0.0553838131743013,0.013));
#15060=CARTESIAN_POINT('',(0.0211181440318294,0.054743285129993,0.013));
#15061=CARTESIAN_POINT('',(0.0211181440318294,0.055103913614921,0.013));
#15062=CARTESIAN_POINT('',(0.0212507280336411,0.0553838131743013,0.013));
#15063=CARTESIAN_POINT('',(0.0211181440318294,0.054743285129993,0.013));
#15064=CARTESIAN_POINT('',(0.0212872622919182,0.054079775858704,0.013));
#15065=CARTESIAN_POINT('',(0.0211181440318294,0.0543449438623275,0.013));
#15066=CARTESIAN_POINT('',(0.0211181440318294,0.054743285129993,0.013));
#15067=CARTESIAN_POINT('',(0.0212872622919182,0.054079775858704,0.013));
#15068=CARTESIAN_POINT('',(0.0227690464880013,0.0550279712036606,0.013));
#15069=CARTESIAN_POINT('',(0.021714520679943,0.0536196199925257,0.013));
#15070=CARTESIAN_POINT('',(0.0237350909373301,0.0562962573492316,0.013));
#15071=CARTESIAN_POINT('',(0.02226719504398,0.0532807148969023,0.013));
#15072=CARTESIAN_POINT('',(0.0176941909820522,0.0438639748038924,0.013));
#15073=CARTESIAN_POINT('',(0.0228156932092815,0.0529935488413248,0.013));
#15074=CARTESIAN_POINT('',(0.0219468342500443,0.0513983578671755,0.013));
#15075=CARTESIAN_POINT('',(0.0232390868202947,0.0526739822087908,0.013));
#15076=CARTESIAN_POINT('',(0.0228127954132558,0.0522586474795834,0.013));
#15077=CARTESIAN_POINT('',(0.0234080170586757,0.0522459917980901,0.013));
#15078=CARTESIAN_POINT('',(0.0231687765931843,0.0516237308829203,0.013));
#15079=CARTESIAN_POINT('',(0.0234080170586757,0.051833508236898,0.013));
#15080=CARTESIAN_POINT('',(0.0234080170586757,0.0522459917980901,0.013));
#15081=CARTESIAN_POINT('',(0.0231687765931843,0.0516237308829203,0.013));
#15082=CARTESIAN_POINT('',(0.0224805183082238,0.0514139535289427,0.013));
#15083=CARTESIAN_POINT('',(0.022929536127693,0.0514139535289427,0.013));
#15084=CARTESIAN_POINT('',(0.0231687765931843,0.0516237308829203,0.013));
#15085=CARTESIAN_POINT('',(0.0224805183082238,0.0514139535289427,0.013));
#15086=CARTESIAN_POINT('',(0.0224960109341778,0.0532780326142165,0.013));
#15087=CARTESIAN_POINT('',(0.0221635098211777,0.0514434967295592,0.013));
#15088=CARTESIAN_POINT('',(0.0227414265347981,0.0547610117203807,0.013));
#15089=CARTESIAN_POINT('',(0.0218246721771606,0.0515206196913805,0.013));
#15090=CARTESIAN_POINT('',(0.0233479805504948,0.0569346180643951,0.013));
#15091=CARTESIAN_POINT('',(0.0214970910307797,0.0516238903498658,0.013));
#15092=CARTESIAN_POINT('',(0.0219987623665554,0.0531351967795468,0.013));
#15093=CARTESIAN_POINT('',(0.021235896916702,0.0517376419683505,0.013));
#15094=CARTESIAN_POINT('',(0.0211582138634881,0.051421024675706,0.013));
#15095=CARTESIAN_POINT('',(0.0210803581732909,0.0511037037678275,0.013));
#15096=CARTESIAN_POINT('',(0.0218642241726584,0.0520253774920516,0.013));
#15097=CARTESIAN_POINT('',(0.021379232111664,0.0509167198254746,0.013));
#15098=CARTESIAN_POINT('',(0.0221781644117686,0.0526992975182402,0.013));
#15099=CARTESIAN_POINT('',(0.0217433583846936,0.050794669803472,0.013));
#15100=CARTESIAN_POINT('',(0.0224135047176168,0.053678112894045,0.013));
#15101=CARTESIAN_POINT('',(0.0221228365272535,0.0507321809716691,0.013));
#15102=CARTESIAN_POINT('',(0.0224947812798802,0.0544877972196644,0.013));
#15103=CARTESIAN_POINT('',(0.0224875894549871,0.0507139099993767,0.013));
#15104=CARTESIAN_POINT('',(0.0232241672428301,0.0508394228544251,0.013));
#15105=CARTESIAN_POINT('',(0.0229000730161792,0.0507139099993767,0.013));
#15106=CARTESIAN_POINT('',(0.0224875894549871,0.0507139099993767,0.013));
#15107=CARTESIAN_POINT('',(0.0232241672428301,0.0508394228544251,0.013));
#15108=CARTESIAN_POINT('',(0.0226550976081858,0.0523822994632777,0.013));
#15109=CARTESIAN_POINT('',(0.0237694354730241,0.0511744943699574,0.013));
#15110=CARTESIAN_POINT('',(0.0227467085934361,0.0522587433201479,0.013));
#15111=CARTESIAN_POINT('',(0.0241115125384951,0.0516608919818886,0.013));
#15112=CARTESIAN_POINT('',(0.0228281302666668,0.0522327463757644,0.013));
#15113=CARTESIAN_POINT('',(0.0144700875498736,0.0546878944803472,0.013));
#15114=CARTESIAN_POINT('',(0.0146433306455743,0.0541681651932452,0.013));
#15115=CARTESIAN_POINT('',(0.0146433306455743,0.0534834424816663,0.013));
#15116=CARTESIAN_POINT('',(0.0144700875498736,0.0546878944803472,0.013));
#15117=CARTESIAN_POINT('',(0.0146433306455743,0.0534834424816663,0.013));
#15118=CARTESIAN_POINT('',(0.0139910173566605,0.0555535206966203,0.013));
#15119=CARTESIAN_POINT('',(0.0142968444541729,0.0552076237674492,0.013));
#15120=CARTESIAN_POINT('',(0.0144700875498736,0.0546878944803472,0.013));
#15121=CARTESIAN_POINT('',(0.0139910173566605,0.0555535206966203,0.013));
#15122=CARTESIAN_POINT('',(0.0124457106981731,0.054206195506383,0.013));
#15123=CARTESIAN_POINT('',(0.0132769607354792,0.0560800328801384,0.013));
#15124=CARTESIAN_POINT('',(0.0124093744032874,0.0540677238184554,0.013));
#15125=CARTESIAN_POINT('',(0.0123817381334655,0.0562596453846078,0.013));
#15126=CARTESIAN_POINT('',(0.0123550405511518,0.0540667070661112,0.013));
#15127=CARTESIAN_POINT('',(0.0114871179500089,0.0560800172915205,0.013));
#15128=CARTESIAN_POINT('',(0.0123164506404246,0.0542069847246418,0.013));
#15129=CARTESIAN_POINT('',(0.0107724670549018,0.0555535206966203,0.013));
#15130=CARTESIAN_POINT('',(0.0102933968616887,0.0546878944803472,0.013));
#15131=CARTESIAN_POINT('',(0.0104666399573893,0.0552076237674492,0.013));
#15132=CARTESIAN_POINT('',(0.0107724670549018,0.0555535206966203,0.013));
#15133=CARTESIAN_POINT('',(0.0102933968616887,0.0546878944803472,0.013));
#15134=CARTESIAN_POINT('',(0.010120153765988,0.0534834424816663,0.013));
#15135=CARTESIAN_POINT('',(0.010120153765988,0.0541681651932452,0.013));
#15136=CARTESIAN_POINT('',(0.0102933968616887,0.0546878944803472,0.013));
#15137=CARTESIAN_POINT('',(0.010120153765988,0.0534834424816663,0.013));
#15138=CARTESIAN_POINT('',(0.0102933968616887,0.0522754549096038,0.013));
#15139=CARTESIAN_POINT('',(0.010120153765988,0.0527987197700875,0.013));
#15140=CARTESIAN_POINT('',(0.010120153765988,0.0534834424816663,0.013));
#15141=CARTESIAN_POINT('',(0.0102933968616887,0.0522754549096038,0.013));
#15142=CARTESIAN_POINT('',(0.0107724670549018,0.0514062931199491,0.013));
#15143=CARTESIAN_POINT('',(0.0104666399573893,0.0517521900491202,0.013));
#15144=CARTESIAN_POINT('',(0.0102933968616887,0.0522754549096038,0.013));
#15145=CARTESIAN_POINT('',(0.0107724670549018,0.0514062931199491,0.013));
#15146=CARTESIAN_POINT('',(0.0122880342246512,0.0527264199724513,0.013));
#15147=CARTESIAN_POINT('',(0.0114871180939565,0.050883322561456,0.013));
#15148=CARTESIAN_POINT('',(0.0123544684349996,0.0529381846068631,0.013));
#15149=CARTESIAN_POINT('',(0.0123817462720058,0.0507072425593521,0.013));
#15150=CARTESIAN_POINT('',(0.0124099444246394,0.0529371562541758,0.013));
#15151=CARTESIAN_POINT('',(0.0132769635000939,0.0508833085328553,0.013));
#15152=CARTESIAN_POINT('',(0.0124742039381432,0.0527271415910541,0.013));
#15153=CARTESIAN_POINT('',(0.0139910173566605,0.0514062931199491,0.013));
#15154=CARTESIAN_POINT('',(0.0144700875498736,0.0522754549096038,0.013));
#15155=CARTESIAN_POINT('',(0.0142968444541729,0.0517521900491202,0.013));
#15156=CARTESIAN_POINT('',(0.0139910173566605,0.0514062931199491,0.013));
#15157=CARTESIAN_POINT('',(0.0144700875498736,0.0522754549096038,0.013));
#15158=CARTESIAN_POINT('',(0.0146433306455743,0.0534834424816663,0.013));
#15159=CARTESIAN_POINT('',(0.0146433306455743,0.0527987197700875,0.013));
#15160=CARTESIAN_POINT('',(0.0144700875498736,0.0522754549096038,0.013));
#15161=CARTESIAN_POINT('',(0.0071113808182069,0.0561716567761782,0.013));
#15162=CARTESIAN_POINT('',(0.00504542743886485,0.0561716567761782,0.013));
#15163=CARTESIAN_POINT('',(0.00917733419754895,0.0561716567761782,0.013));
#15164=CARTESIAN_POINT('',(0.00504542743886485,0.0558699545142777,0.013));
#15165=CARTESIAN_POINT('',(0.00504542743886485,0.0555682522523772,0.013));
#15166=CARTESIAN_POINT('',(0.00585566300549216,0.0555682522523772,0.013));
#15167=CARTESIAN_POINT('',(0.00666589857211946,0.0555682522523772,0.013));
#15168=CARTESIAN_POINT('',(0.00666589857211946,0.0531558126816338,0.013));
#15169=CARTESIAN_POINT('',(0.00666589857211946,0.0507433731108904,0.013));
#15170=CARTESIAN_POINT('',(0.00711138081820691,0.0507433731108904,0.013));
#15171=CARTESIAN_POINT('',(0.00755686306429435,0.0507433731108904,0.013));
#15172=CARTESIAN_POINT('',(0.00755686306429435,0.0531558126816338,0.013));
#15173=CARTESIAN_POINT('',(0.00755686306429435,0.0555682522523772,0.013));
#15174=CARTESIAN_POINT('',(0.00836709863092165,0.0555682522523772,0.013));
#15175=CARTESIAN_POINT('',(0.00917733419754895,0.0555682522523772,0.013));
#15176=CARTESIAN_POINT('',(0.00917733419754895,0.0558699545142777,0.013));
#15177=CARTESIAN_POINT('',(0.00222757545369266,0.0561716567761782,0.013));
#15178=CARTESIAN_POINT('',(0.000161622074350616,0.0561716567761782,0.013));
#15179=CARTESIAN_POINT('',(0.00429352883303471,0.0561716567761782,0.013));
#15180=CARTESIAN_POINT('',(0.000161622074350616,0.0558699545142777,0.013));
#15181=CARTESIAN_POINT('',(0.000161622074350616,0.0555682522523772,0.013));
#15182=CARTESIAN_POINT('',(0.00097185764097792,0.0555682522523772,0.013));
#15183=CARTESIAN_POINT('',(0.00178209320760523,0.0555682522523772,0.013));
#15184=CARTESIAN_POINT('',(0.00178209320760523,0.0531558126816338,0.013));
#15185=CARTESIAN_POINT('',(0.00178209320760523,0.0507433731108904,0.013));
#15186=CARTESIAN_POINT('',(0.00222757545369267,0.0507433731108904,0.013));
#15187=CARTESIAN_POINT('',(0.00267305769978011,0.0507433731108904,0.013));
#15188=CARTESIAN_POINT('',(0.00267305769978011,0.0531558126816338,0.013));
#15189=CARTESIAN_POINT('',(0.00267305769978011,0.0555682522523772,0.013));
#15190=CARTESIAN_POINT('',(0.00348329326640741,0.0555682522523772,0.013));
#15191=CARTESIAN_POINT('',(0.00429352883303471,0.0555682522523772,0.013));
#15192=CARTESIAN_POINT('',(0.00429352883303471,0.0558699545142777,0.013));
#15193=CARTESIAN_POINT('',(-0.00126321399845288,0.0561716567761782,0.013));
#15194=CARTESIAN_POINT('',(-0.00170869624454033,0.0561716567761782,0.013));
#15195=CARTESIAN_POINT('',(-0.000817731752365436,0.0561716567761782,0.013));
#15196=CARTESIAN_POINT('',(-0.00170869624454033,0.0548717442961928,0.013));
#15197=CARTESIAN_POINT('',(-0.00170869624454033,0.0535718318162075,0.013));
#15198=CARTESIAN_POINT('',(-0.00179708557908149,0.052533551766464,0.013));
#15199=CARTESIAN_POINT('',(-0.00170869624454033,0.0529460353276561,0.013));
#15200=CARTESIAN_POINT('',(-0.00170869624454033,0.0535718318162075,0.013));
#15201=CARTESIAN_POINT('',(-0.00179708557908149,0.052533551766464,0.013));
#15202=CARTESIAN_POINT('',(-0.00204752202694811,0.0518777029041686,0.013));
#15203=CARTESIAN_POINT('',(-0.00188547491362265,0.0521210682052719,0.013));
#15204=CARTESIAN_POINT('',(-0.00179708557908149,0.052533551766464,0.013));
#15205=CARTESIAN_POINT('',(-0.00204752202694811,0.0518777029041686,0.013));
#15206=CARTESIAN_POINT('',(-0.00243820288562003,0.0515312167127673,0.013));
#15207=CARTESIAN_POINT('',(-0.00220956914027357,0.0516343376030653,0.013));
#15208=CARTESIAN_POINT('',(-0.00204752202694811,0.0518777029041686,0.013));
#15209=CARTESIAN_POINT('',(-0.00243820288562003,0.0515312167127673,0.013));
#15210=CARTESIAN_POINT('',(-0.00292740821176768,0.0526507712464389,0.013));
#15211=CARTESIAN_POINT('',(-0.00294689911033213,0.0514286715851361,0.013));
#15212=CARTESIAN_POINT('',(-0.00296420929131313,0.0525165067649615,0.013));
#15213=CARTESIAN_POINT('',(-0.0034405379393168,0.0515388771217608,0.013));
#15214=CARTESIAN_POINT('',(-0.00381589798000159,0.0518965592955374,0.013));
#15215=CARTESIAN_POINT('',(-0.0036615112756697,0.0516496584210524,0.013));
#15216=CARTESIAN_POINT('',(-0.0034405379393168,0.0515388771217608,0.013));
#15217=CARTESIAN_POINT('',(-0.00381589798000159,0.0518965592955374,0.013));
#15218=CARTESIAN_POINT('',(-0.00405513844549299,0.0525559437312144,0.013));
#15219=CARTESIAN_POINT('',(-0.00397028468433348,0.0521434601700224,0.013));
#15220=CARTESIAN_POINT('',(-0.00381589798000159,0.0518965592955374,0.013));
#15221=CARTESIAN_POINT('',(-0.00405513844549299,0.0525559437312144,0.013));
#15222=CARTESIAN_POINT('',(-0.00413999220665251,0.0535718318162075,0.013));
#15223=CARTESIAN_POINT('',(-0.00413999220665251,0.0529684272924065,0.013));
#15224=CARTESIAN_POINT('',(-0.00405513844549299,0.0525559437312144,0.013));
#15225=CARTESIAN_POINT('',(-0.00413999220665251,0.0535718318162075,0.013));
#15226=CARTESIAN_POINT('',(-0.00413999220665251,0.0548717442961928,0.013));
#15227=CARTESIAN_POINT('',(-0.00413999220665251,0.0561716567761782,0.013));
#15228=CARTESIAN_POINT('',(-0.0045890100261216,0.0561716567761782,0.013));
#15229=CARTESIAN_POINT('',(-0.0050380278455907,0.0561716567761782,0.013));
#15230=CARTESIAN_POINT('',(-0.0050380278455907,0.0548275496289223,0.013));
#15231=CARTESIAN_POINT('',(-0.0050380278455907,0.0534834424816664,0.013));
#15232=CARTESIAN_POINT('',(-0.00488717671464045,0.0522754549096038,0.013));
#15233=CARTESIAN_POINT('',(-0.0050380278455907,0.0527987197700875,0.013));
#15234=CARTESIAN_POINT('',(-0.0050380278455907,0.0534834424816663,0.013));
#15235=CARTESIAN_POINT('',(-0.00488717671464045,0.0522754549096038,0.013));
#15236=CARTESIAN_POINT('',(-0.00445996159769151,0.0514062931199491,0.013));
#15237=CARTESIAN_POINT('',(-0.0047363255836902,0.0517521900491202,0.013));
#15238=CARTESIAN_POINT('',(-0.00488717671464045,0.0522754549096038,0.013));
#15239=CARTESIAN_POINT('',(-0.00445996159769151,0.0514062931199491,0.013));
#15240=CARTESIAN_POINT('',(-0.0030462448035412,0.0525151144703914,0.013));
#15241=CARTESIAN_POINT('',(-0.0037970415886328,0.0508836175216957,0.013));
#15242=CARTESIAN_POINT('',(-0.0029249334878267,0.0507068388526134,0.013));
#15243=CARTESIAN_POINT('',(-0.0034104855655728,0.0507068388526134,0.013));
#15244=CARTESIAN_POINT('',(-0.0037970415886328,0.0508836175216957,0.013));
#15245=CARTESIAN_POINT('',(-0.0029249334878267,0.0507068388526134,0.013));
#15246=CARTESIAN_POINT('',(-0.00205518243594168,0.0508836175216957,0.013));
#15247=CARTESIAN_POINT('',(-0.00244527403238333,0.0507068388526134,0.013));
#15248=CARTESIAN_POINT('',(-0.0029249334878267,0.0507068388526134,0.013));
#15249=CARTESIAN_POINT('',(-0.00205518243594168,0.0508836175216957,0.013));
#15250=CARTESIAN_POINT('',(-0.00278181320092438,0.0524852245647462,0.013));
#15251=CARTESIAN_POINT('',(-0.00139226242688298,0.0514062931199491,0.013));
#15252=CARTESIAN_POINT('',(-0.00096858288331568,0.0522754549096038,0.013));
#15253=CARTESIAN_POINT('',(-0.00111943401426593,0.0517521900491202,0.013));
#15254=CARTESIAN_POINT('',(-0.00139226242688298,0.0514062931199491,0.013));
#15255=CARTESIAN_POINT('',(-0.00096858288331568,0.0522754549096038,0.013));
#15256=CARTESIAN_POINT('',(-0.000817731752365436,0.0534834424816663,0.013));
#15257=CARTESIAN_POINT('',(-0.000817731752365436,0.0527987197700875,0.013));
#15258=CARTESIAN_POINT('',(-0.00096858288331568,0.0522754549096038,0.013));
#15259=CARTESIAN_POINT('',(-0.000817731752365436,0.0534834424816663,0.013));
#15260=CARTESIAN_POINT('',(-0.000817731752365436,0.0548275496289223,0.013));
#15261=CARTESIAN_POINT('',(-0.0150252078880809,0.0529620792069306,0.013));
#15262=CARTESIAN_POINT('',(-0.015793876552594,0.0547616589109339,0.013));
#15263=CARTESIAN_POINT('',(-0.0149989195231896,0.0549195965904241,0.013));
#15264=CARTESIAN_POINT('',(-0.0150788904739646,0.0530947299374624,0.013));
#15265=CARTESIAN_POINT('',(-0.0164092575969624,0.0543268892776911,0.013));
#15266=CARTESIAN_POINT('',(-0.0149312393662755,0.0529968581861765,0.013));
#15267=CARTESIAN_POINT('',(-0.0168066537846941,0.0536601804925811,0.013));
#15268=CARTESIAN_POINT('',(-0.0145404713708705,0.0528429663599987,0.013));
#15269=CARTESIAN_POINT('',(-0.0169502221137817,0.0528205201082732,0.013));
#15270=CARTESIAN_POINT('',(-0.0144186710511107,0.0527929626070256,0.013));
#15271=CARTESIAN_POINT('',(-0.0168180274525045,0.0519878754489208,0.013));
#15272=CARTESIAN_POINT('',(-0.0148865744664128,0.0526367224310212,0.013));
#15273=CARTESIAN_POINT('',(-0.0164386318133757,0.0513177773962126,0.013));
#15274=CARTESIAN_POINT('',(-0.0151325895952104,0.0524457574990527,0.013));
#15275=CARTESIAN_POINT('',(-0.0158345682859548,0.0508687074954452,0.013));
#15276=CARTESIAN_POINT('',(-0.0150709071195527,0.0526029135591531,0.013));
#15277=CARTESIAN_POINT('',(-0.0150428577047176,0.0507076893522077,0.013));
#15278=CARTESIAN_POINT('',(-0.0150144544557652,0.0525696023704418,0.013));
#15279=CARTESIAN_POINT('',(-0.0142657575343525,0.0508650830756571,0.013));
#15280=CARTESIAN_POINT('',(-0.0150010971378189,0.0525043950711192,0.013));
#15281=CARTESIAN_POINT('',(-0.0136617098387339,0.0513071472260391,0.013));
#15282=CARTESIAN_POINT('',(-0.0151819135901577,0.0526495726768036,0.013));
#15283=CARTESIAN_POINT('',(-0.0132677275632905,0.0519773095940875,0.013));
#15284=CARTESIAN_POINT('',(-0.0155388775552126,0.0527851847072001,0.013));
#15285=CARTESIAN_POINT('',(-0.0131276980689693,0.0528057924733166,0.013));
#15286=CARTESIAN_POINT('',(-0.0156340643556615,0.0528292644289568,0.013));
#15287=CARTESIAN_POINT('',(-0.0132600063844795,0.0536307576000355,0.013));
#15288=CARTESIAN_POINT('',(-0.015231673620037,0.0529688780944673,0.013));
#15289=CARTESIAN_POINT('',(-0.0136357948817675,0.0543014708123922,0.013));
#15290=CARTESIAN_POINT('',(-0.014975233489367,0.0531684956604594,0.013));
#15291=CARTESIAN_POINT('',(-0.0142250916534738,0.0547547495715459,0.013));
#15292=CARTESIAN_POINT('',(-0.0149693863762552,0.0531492440029456,0.013));
#15293=CARTESIAN_POINT('',(-0.0187407317483916,0.0531487415348705,0.013));
#15294=CARTESIAN_POINT('',(-0.0187407317483916,0.0542942673105239,0.013));
#15295=CARTESIAN_POINT('',(-0.0187407317483916,0.0520032157592171,0.013));
#15296=CARTESIAN_POINT('',(-0.0184095663749774,0.0542942673105239,0.013));
#15297=CARTESIAN_POINT('',(-0.0180784010015632,0.0542942673105239,0.013));
#15298=CARTESIAN_POINT('',(-0.0180784010015632,0.0545959695724244,0.013));
#15299=CARTESIAN_POINT('',(-0.0180784010015632,0.0548976718343249,0.013));
#15300=CARTESIAN_POINT('',(-0.0184095663749774,0.0548976718343249,0.013));
#15301=CARTESIAN_POINT('',(-0.0187407317483916,0.0548976718343249,0.013));
#15302=CARTESIAN_POINT('',(-0.0187407317483916,0.0554869340645993,0.013));
#15303=CARTESIAN_POINT('',(-0.0187407317483916,0.0560761962948737,0.013));
#15304=CARTESIAN_POINT('',(-0.019186213994479,0.0560761962948737,0.013));
#15305=CARTESIAN_POINT('',(-0.0196316962405665,0.0560761962948737,0.013));
#15306=CARTESIAN_POINT('',(-0.0196316962405665,0.0554869340645993,0.013));
#15307=CARTESIAN_POINT('',(-0.0196316962405665,0.0548976718343249,0.013));
#15308=CARTESIAN_POINT('',(-0.0199045246531836,0.0548976718343249,0.013));
#15309=CARTESIAN_POINT('',(-0.0201773530658006,0.0548976718343249,0.013));
#15310=CARTESIAN_POINT('',(-0.0201773530658006,0.0545959695724244,0.013));
#15311=CARTESIAN_POINT('',(-0.0201773530658006,0.0542942673105239,0.013));
#15312=CARTESIAN_POINT('',(-0.0199045246531836,0.0542942673105239,0.013));
#15313=CARTESIAN_POINT('',(-0.0196316962405665,0.0542942673105239,0.013));
#15314=CARTESIAN_POINT('',(-0.0196316962405665,0.0531746690730026,0.013));
#15315=CARTESIAN_POINT('',(-0.0196318722221945,0.0520550673924273,0.013));
#15316=CARTESIAN_POINT('',(-0.0158762261905897,0.0521285460390193,0.013));
#15317=CARTESIAN_POINT('',(-0.019613392484011,0.0517451232838113,0.013));
#15318=CARTESIAN_POINT('',(-0.0178090999987732,0.0519229271061022,0.013));
#15319=CARTESIAN_POINT('',(-0.0195249399621878,0.0513362050253265,0.013));
#15320=CARTESIAN_POINT('',(-0.0183644104743773,0.0517230129623316,0.013));
#15321=CARTESIAN_POINT('',(-0.0193152624229091,0.0509531504648681,0.013));
#15322=CARTESIAN_POINT('',(-0.0189245815642373,0.0507363019641271,0.013));
#15323=CARTESIAN_POINT('',(-0.0191756072743341,0.0507799073691674,0.013));
#15324=CARTESIAN_POINT('',(-0.0193152624229091,0.0509531504648681,0.013));
#15325=CARTESIAN_POINT('',(-0.0189245815642373,0.0507363019641271,0.013));
#15326=CARTESIAN_POINT('',(-0.0186483406833481,0.0523042316864132,0.013));
#15327=CARTESIAN_POINT('',(-0.0187301208686355,0.050713990621129,0.013));
#15328=CARTESIAN_POINT('',(-0.0185031437015322,0.0543531340892958,0.0129999999999991));
#15329=CARTESIAN_POINT('',(-0.0185050268562818,0.0507068388526134,0.013));
#15330=CARTESIAN_POINT('',(-0.0185065879826609,0.057937523805609,0.0130000000000023));
#15331=CARTESIAN_POINT('',(-0.0182805188138869,0.0507104098565788,0.013));
#15332=CARTESIAN_POINT('',(-0.0183770233970784,0.0543340252615872,0.013));
#15333=CARTESIAN_POINT('',(-0.0180854689964923,0.0507209420174572,0.013));
#15334=CARTESIAN_POINT('',(-0.0182580436593071,0.0530366647330438,0.0129999999999995));
#15335=CARTESIAN_POINT('',(-0.0178933726612571,0.0507433731108904,0.013));
#15336=CARTESIAN_POINT('',(-0.0178933726612571,0.0510162015235074,0.013));
#15337=CARTESIAN_POINT('',(-0.0178933726612571,0.0512891192319873,0.013));
#15338=CARTESIAN_POINT('',(-0.0179033518497725,0.053962198366069,0.013));
#15339=CARTESIAN_POINT('',(-0.0182139259601987,0.0513073509530904,0.013));
#15340=CARTESIAN_POINT('',(-0.0181392613786714,0.0519823157263986,0.013));
#15341=CARTESIAN_POINT('',(-0.0184868227015325,0.051399119340071,0.013));
#15342=CARTESIAN_POINT('',(-0.0182343137839273,0.0518097474338431,0.013));
#15343=CARTESIAN_POINT('',(-0.0186747343786009,0.0516125349005451,0.013));
#15344=CARTESIAN_POINT('',(-0.0187407317483916,0.0520032157592171,0.013));
#15345=CARTESIAN_POINT('',(-0.0187407317483916,0.0517521900491202,0.013));
#15346=CARTESIAN_POINT('',(-0.0186747343786009,0.0516125349005451,0.013));
#15347=CARTESIAN_POINT('',(-0.0211578854169772,0.0508170308896747,0.013));
#15348=CARTESIAN_POINT('',(-0.0211578790466347,0.0530780300703728,0.013));
#15349=CARTESIAN_POINT('',(-0.0211578854169772,0.0507433731108904,0.013));
#15350=CARTESIAN_POINT('',(-0.0305909084815179,0.0530733875458762,0.013));
#15351=CARTESIAN_POINT('',(-0.0211649628464297,0.0534392475715076,0.013));
#15352=CARTESIAN_POINT('',(-0.023734704640499,0.0533415403554567,0.0130000000000001));
#15353=CARTESIAN_POINT('',(-0.0212050417376297,0.053803998383138,0.013));
#15354=CARTESIAN_POINT('',(-0.0228206856607351,0.0535109615610209,0.013));
#15355=CARTESIAN_POINT('',(-0.0213081635712826,0.054149891307414,0.013));
#15356=CARTESIAN_POINT('',(-0.0221564851109028,0.0537939207524094,0.013));
#15357=CARTESIAN_POINT('',(-0.0215033435893872,0.0544414277494771,0.013));
#15358=CARTESIAN_POINT('',(-0.0234009501375873,0.0525122912704065,0.013));
#15359=CARTESIAN_POINT('',(-0.021960460574611,0.0548022113530205,0.013));
#15360=CARTESIAN_POINT('',(-0.0225202596933716,0.0549424557638258,0.013));
#15361=CARTESIAN_POINT('',(-0.0221890943199574,0.0549424557638258,0.013));
#15362=CARTESIAN_POINT('',(-0.021960460574611,0.0548022113530205,0.013));
#15363=CARTESIAN_POINT('',(-0.0225202596933716,0.0549424557638258,0.013));
#15364=CARTESIAN_POINT('',(-0.0225129509209352,0.0535230815652855,0.013));
#15365=CARTESIAN_POINT('',(-0.0228514092032306,0.054901732069076,0.013));
#15366=CARTESIAN_POINT('',(-0.0223262205882398,0.0527103037776593,0.0130000000000001));
#15367=CARTESIAN_POINT('',(-0.0231831599261109,0.0547945020708727,0.013));
#15368=CARTESIAN_POINT('',(-0.0224174986196685,0.0529081901084472,0.013));
#15369=CARTESIAN_POINT('',(-0.0234812973599373,0.0546436158025316,0.013));
#15370=CARTESIAN_POINT('',(-0.0227053309540667,0.053350778740323,0.013));
#15371=CARTESIAN_POINT('',(-0.0237059392032005,0.0544784858831099,0.013));
#15372=CARTESIAN_POINT('',(-0.0237535855413359,0.0546878944803472,0.013));
#15373=CARTESIAN_POINT('',(-0.0238013157819881,0.0548976718343249,0.013));
#15374=CARTESIAN_POINT('',(-0.0241990677874234,0.0548976718343249,0.013));
#15375=CARTESIAN_POINT('',(-0.0245968197928586,0.0548976718343249,0.013));
#15376=CARTESIAN_POINT('',(-0.0245968197928586,0.0528205224726076,0.013));
#15377=CARTESIAN_POINT('',(-0.0245968197928586,0.0507433731108904,0.013));
#15378=CARTESIAN_POINT('',(-0.0241513375467712,0.0507433731108904,0.013));
#15379=CARTESIAN_POINT('',(-0.0237058553006837,0.0507433731108904,0.013));
#15380=CARTESIAN_POINT('',(-0.0237058553006837,0.0538888548960951,0.013));
#15381=CARTESIAN_POINT('',(-0.0237061259900212,0.0539114430451974,0.013));
#15382=CARTESIAN_POINT('',(-0.0233037707498944,0.0536198327338896,0.013));
#15383=CARTESIAN_POINT('',(-0.0235254020092081,0.0540653519051125,0.013));
#15384=CARTESIAN_POINT('',(-0.0228012757679961,0.0527280096685717,0.013));
#15385=CARTESIAN_POINT('',(-0.0232680220913327,0.0541757909771531,0.013));
#15386=CARTESIAN_POINT('',(-0.0226662903535126,0.0523450222089268,0.013));
#15387=CARTESIAN_POINT('',(-0.0230028414482401,0.05424229585682,0.013));
#15388=CARTESIAN_POINT('',(-0.0227546906246471,0.0529504137254287,0.013));
#15389=CARTESIAN_POINT('',(-0.0227924988437584,0.0542648041990102,0.013));
#15390=CARTESIAN_POINT('',(-0.0224024072473167,0.0541652188820938,0.013));
#15391=CARTESIAN_POINT('',(-0.0225426516581221,0.0542648041990102,0.013));
#15392=CARTESIAN_POINT('',(-0.0227924988437584,0.0542648041990102,0.013));
#15393=CARTESIAN_POINT('',(-0.0224024072473167,0.0541652188820938,0.013));
#15394=CARTESIAN_POINT('',(-0.0228001035525399,0.0536232182998869,0.013));
#15395=CARTESIAN_POINT('',(-0.0221814677700315,0.0538888420754147,0.013));
#15396=CARTESIAN_POINT('',(-0.0233466045210494,0.053379800844054,0.013));
#15397=CARTESIAN_POINT('',(-0.0220785217859873,0.0534834262832062,0.013));
#15398=CARTESIAN_POINT('',(-0.0269715730449825,0.0530163928243268,0.013));
#15399=CARTESIAN_POINT('',(-0.0220559622473919,0.0530049616464736,0.013));
#15400=CARTESIAN_POINT('',(-0.0220559210559154,0.051874167330787,0.013));
#15401=CARTESIAN_POINT('',(-0.0220559210559154,0.0507433731108904,0.013));
#15402=CARTESIAN_POINT('',(-0.0216069032364463,0.0507433731108904,0.013));
#15403=CARTESIAN_POINT('',(-0.0323690761231082,0.0531888811675778,0.013));
#15404=CARTESIAN_POINT('',(-0.0308540787321697,0.0542419026297897,0.013));
#15405=CARTESIAN_POINT('',(-0.0305779715524053,0.0536377936389475,0.013));
#15406=CARTESIAN_POINT('',(-0.0322926019976305,0.0532335258352814,0.013));
#15407=CARTESIAN_POINT('',(-0.0312518184384843,0.054647408822465,0.013));
#15408=CARTESIAN_POINT('',(-0.0320832829532536,0.0534953221850736,0.013));
#15409=CARTESIAN_POINT('',(-0.0317192440497824,0.0548681664282614,0.013));
#15410=CARTESIAN_POINT('',(-0.0322215550341843,0.0529997428547565,0.013));
#15411=CARTESIAN_POINT('',(-0.0322136278988961,0.0549339439279539,0.013));
#15412=CARTESIAN_POINT('',(-0.0322376429570445,0.0532439681436021,0.013));
#15413=CARTESIAN_POINT('',(-0.0328724185548323,0.0548092824997838,0.013));
#15414=CARTESIAN_POINT('',(-0.0333179008009198,0.0544781171263695,0.013));
#15415=CARTESIAN_POINT('',(-0.0331705852433511,0.0546843589069656,0.013));
#15416=CARTESIAN_POINT('',(-0.0328724185548323,0.0548092824997838,0.013));
#15417=CARTESIAN_POINT('',(-0.0333179008009198,0.0544781171263695,0.013));
#15418=CARTESIAN_POINT('',(-0.0333179008009198,0.0554722025088425,0.013));
#15419=CARTESIAN_POINT('',(-0.0333179008009198,0.0564662878913154,0.013));
#15420=CARTESIAN_POINT('',(-0.0337633830470072,0.0564662878913154,0.013));
#15421=CARTESIAN_POINT('',(-0.0342088652930947,0.0564662878913154,0.013));
#15422=CARTESIAN_POINT('',(-0.0342088652930947,0.0536048305011029,0.013));
#15423=CARTESIAN_POINT('',(-0.0342088652930947,0.0507433731108904,0.013));
#15424=CARTESIAN_POINT('',(-0.0337857750117576,0.0507433731108904,0.013));
#15425=CARTESIAN_POINT('',(-0.0333627004687046,0.0507433731108904,0.013));
#15426=CARTESIAN_POINT('',(-0.0275872777864669,0.0503570286029038,0.013));
#15427=CARTESIAN_POINT('',(-0.0333397205672825,0.051000882686433,0.013));
#15428=CARTESIAN_POINT('',(-0.0389791286850606,0.0516428916466682,0.013));
#15429=CARTESIAN_POINT('',(-0.0333179008009198,0.0512371748598603,0.013));
#15430=CARTESIAN_POINT('',(-0.0331888523724897,0.0510415397994092,0.013));
#15431=CARTESIAN_POINT('',(-0.0332955088361694,0.051133464707332,0.013));
#15432=CARTESIAN_POINT('',(-0.0333179008009198,0.0512371748598603,0.013));
#15433=CARTESIAN_POINT('',(-0.0331888523724897,0.0510415397994092,0.013));
#15434=CARTESIAN_POINT('',(-0.0324354156728374,0.0519575164459423,0.013));
#15435=CARTESIAN_POINT('',(-0.0329165752060716,0.0508725118138997,0.013));
#15436=CARTESIAN_POINT('',(-0.0321945955140908,0.0524616404582031,0.013));
#15437=CARTESIAN_POINT('',(-0.0325447715015212,0.0507511199714547,0.013));
#15438=CARTESIAN_POINT('',(-0.0321236749465299,0.052743570240406,0.013));
#15439=CARTESIAN_POINT('',(-0.0321169843756205,0.0507068388526134,0.013));
#15440=CARTESIAN_POINT('',(-0.0313992629791463,0.0508871530950773,0.013));
#15441=CARTESIAN_POINT('',(-0.0317045008144285,0.0507068388526134,0.013));
#15442=CARTESIAN_POINT('',(-0.0321169843756205,0.0507068388526134,0.013));
#15443=CARTESIAN_POINT('',(-0.0313992629791463,0.0508871530950773,0.013));
#15444=CARTESIAN_POINT('',(-0.0321890926926467,0.0522192800442432,0.013));
#15445=CARTESIAN_POINT('',(-0.030891202412805,0.0513732195022493,0.013));
#15446=CARTESIAN_POINT('',(-0.0327827657426754,0.052598642250834,0.013));
#15447=CARTESIAN_POINT('',(-0.0305893048523051,0.0520769388308204,0.013));
#15448=CARTESIAN_POINT('',(-0.0338412766730246,0.052887046959767,0.013));
#15449=CARTESIAN_POINT('',(-0.0304897445207578,0.0528941845436503,0.013));
#15450=CARTESIAN_POINT('',(-0.0334342185617065,0.0529260514421786,0.013));
#15451=CARTESIAN_POINT('',(0.00186455553837569,0.0624703947178061,0.013));
#15452=CARTESIAN_POINT('',(0.00239901605637903,0.0626740086240561,0.013));
#15453=CARTESIAN_POINT('',(0.00243620560181172,0.0624785046304758,0.013));
#15454=CARTESIAN_POINT('',(0.001889186756788,0.0624870068673275,0.013));
#15455=CARTESIAN_POINT('',(0.00228594812542092,0.0628582601902946,0.013));
#15456=CARTESIAN_POINT('',(0.00185604920251305,0.0624481856621587,0.013));
#15457=CARTESIAN_POINT('',(0.00209162506740999,0.0629943283672967,0.013));
#15458=CARTESIAN_POINT('',(0.0018284065228061,0.0623603307211136,0.013));
#15459=CARTESIAN_POINT('',(0.00180843225744069,0.0630473460264878,0.013));
#15460=CARTESIAN_POINT('',(0.0018153885845584,0.0622199115518235,0.013));
#15461=CARTESIAN_POINT('',(0.00167630989364463,0.0630360128122373,0.013));
#15462=CARTESIAN_POINT('',(0.00188832619276451,0.061745223583101,0.013));
#15463=CARTESIAN_POINT('',(0.00153280648893308,0.0630041228905913,0.013));
#15464=CARTESIAN_POINT('',(0.00175729849482122,0.062204360129187,0.0130000000000001));
#15465=CARTESIAN_POINT('',(0.00139299604085371,0.0629508037251936,0.013));
#15466=CARTESIAN_POINT('',(0.00160354968166755,0.0625016495388606,0.013));
#15467=CARTESIAN_POINT('',(0.00127987674982841,0.0628774536981966,0.013));
#15468=CARTESIAN_POINT('',(0.00132446440781784,0.0627831884669221,0.013));
#15469=CARTESIAN_POINT('',(0.00136898359329763,0.0626890679971635,0.013));
#15470=CARTESIAN_POINT('',(0.00243334586281864,0.0609057205257811,0.013));
#15471=CARTESIAN_POINT('',(0.00145006140240118,0.0627350486536781,0.013));
#15472=CARTESIAN_POINT('',(0.00161421409465492,0.0624197400306506,0.013));
#15473=CARTESIAN_POINT('',(0.00153646115083748,0.062766733214427,0.013));
#15474=CARTESIAN_POINT('',(0.00172605581018883,0.0619156319119058,0.013));
#15475=CARTESIAN_POINT('',(0.00164967583677204,0.0627844382812061,0.013));
#15476=CARTESIAN_POINT('',(0.00179697004711788,0.061012617567365,0.013));
#15477=CARTESIAN_POINT('',(0.00181330115425957,0.0627906955233269,0.013));
#15478=CARTESIAN_POINT('',(0.00180817489891944,0.0623684184479435,0.013));
#15479=CARTESIAN_POINT('',(0.00192142537156559,0.0627754322299295,0.013));
#15480=CARTESIAN_POINT('',(0.00184675143003801,0.0624968060347834,0.013));
#15481=CARTESIAN_POINT('',(0.00202694378194999,0.0627222330064248,0.013));
#15482=CARTESIAN_POINT('',(0.00183633154691193,0.0624856730776961,0.013));
#15483=CARTESIAN_POINT('',(0.00210695683898674,0.0626245102749625,0.013));
#15484=CARTESIAN_POINT('',(0.00182101706347426,0.0624876791790171,0.013));
#15485=CARTESIAN_POINT('',(0.00213851728221701,0.0624756594653837,0.013));
#15486=CARTESIAN_POINT('',(0.00173456662838898,0.0624888194824977,0.013));
#15487=CARTESIAN_POINT('',(0.00208898785943763,0.0622930064641515,0.013));
#15488=CARTESIAN_POINT('',(0.000961537960721149,0.0628826411423272,0.013));
#15489=CARTESIAN_POINT('',(0.00196204590076074,0.0620960034950441,0.013));
#15490=CARTESIAN_POINT('',(2.57815755938759E-5,0.0635997466581426,0.013));
#15491=CARTESIAN_POINT('',(0.00179052203550217,0.0618978080356955,0.013));
#15492=CARTESIAN_POINT('',(-0.00123238607014847,0.0647951093661996,0.013));
#15493=CARTESIAN_POINT('',(0.00160251999773807,0.0617136444926782,0.013));
#15494=CARTESIAN_POINT('',(-0.0033597663800281,0.0671033084340701,0.013));
#15495=CARTESIAN_POINT('',(0.00142704934994011,0.0615574055693645,0.013));
#15496=CARTESIAN_POINT('',(0.00135804484943573,0.0614974287671408,0.013));
#15497=CARTESIAN_POINT('',(0.00130027664786306,0.0614470841863184,0.013));
#15498=CARTESIAN_POINT('',(0.00130027664786306,0.0613044829738881,0.013));
#15499=CARTESIAN_POINT('',(0.00130027664786306,0.0611622020329776,0.013));
#15500=CARTESIAN_POINT('',(0.00188200243769993,0.0611622020329776,0.013));
#15501=CARTESIAN_POINT('',(0.0024637282275368,0.0611622020329776,0.013));
#15502=CARTESIAN_POINT('',(0.0024637282275368,0.0612853766761087,0.013));
#15503=CARTESIAN_POINT('',(0.0024637282275368,0.0614085513192398,0.013));
#15504=CARTESIAN_POINT('',(0.0020661546269355,0.0614085513192398,0.013));
#15505=CARTESIAN_POINT('',(0.0016685810263342,0.0614085513192398,0.013));
#15506=CARTESIAN_POINT('',(0.00526878616735368,0.0577729848715576,0.013));
#15507=CARTESIAN_POINT('',(0.00179197417490642,0.0615268314168235,0.013));
#15508=CARTESIAN_POINT('',(-0.00176345212017266,0.0653232262106046,0.013));
#15509=CARTESIAN_POINT('',(0.00195191788423513,0.061683158879785,0.013));
#15510=CARTESIAN_POINT('',(-0.00133738287675228,0.0649119062956766,0.013));
#15511=CARTESIAN_POINT('',(0.00212204364709206,0.0618660924121849,0.013));
#15512=CARTESIAN_POINT('',(0.000509472533379095,0.0632915361831114,0.013));
#15513=CARTESIAN_POINT('',(0.00227832200867114,0.062065507108713,0.013));
#15514=CARTESIAN_POINT('',(0.00137437843227023,0.0626986796244435,0.013));
#15515=CARTESIAN_POINT('',(0.00239271893021692,0.0622738550977091,0.013));
#15516=CARTESIAN_POINT('',(0.00189800202457298,0.0624867107392171,0.013));
#15517=CARTESIAN_POINT('',(0.000304343392048743,0.0624703947178061,0.013));
#15518=CARTESIAN_POINT('',(0.000838803910052042,0.0626740086240561,0.013));
#15519=CARTESIAN_POINT('',(0.000875993455484713,0.0624785046304758,0.013));
#15520=CARTESIAN_POINT('',(0.00032897461046077,0.0624870068673273,0.013));
#15521=CARTESIAN_POINT('',(0.000725735979093952,0.0628582601902946,0.013));
#15522=CARTESIAN_POINT('',(0.000295837056183621,0.0624481856621552,0.013));
#15523=CARTESIAN_POINT('',(0.000531412921083019,0.0629943283672968,0.013));
#15524=CARTESIAN_POINT('',(0.000268194376479108,0.0623603307211136,0.013));
#15525=CARTESIAN_POINT('',(0.000248220111113707,0.0630473460264878,0.013));
#15526=CARTESIAN_POINT('',(0.000255176438231414,0.0622199115518236,0.013));
#15527=CARTESIAN_POINT('',(0.000116097747317587,0.0630360128122377,0.013));
#15528=CARTESIAN_POINT('',(0.000328114046585659,0.0617452235824351,0.013));
#15529=CARTESIAN_POINT('',(-2.74056573940016E-5,0.0630041228905916,0.013));
#15530=CARTESIAN_POINT('',(0.000197086348494216,0.062204360129187,0.0130000000000001));
#15531=CARTESIAN_POINT('',(-0.000167216105473264,0.0629508037251935,0.013));
#15532=CARTESIAN_POINT('',(4.33375353390051E-5,0.0625016495388625,0.013));
#15533=CARTESIAN_POINT('',(-0.000280335396498582,0.0628774536981966,0.013));
#15534=CARTESIAN_POINT('',(-0.000235747738509144,0.0627831884669221,0.013));
#15535=CARTESIAN_POINT('',(-0.000191228553029356,0.0626890679971635,0.013));
#15536=CARTESIAN_POINT('',(0.000873133716491622,0.0609057205257812,0.013));
#15537=CARTESIAN_POINT('',(-0.000110150743925802,0.0627350486536781,0.013));
#15538=CARTESIAN_POINT('',(5.4001948327937E-5,0.0624197400306507,0.013));
#15539=CARTESIAN_POINT('',(-2.37509954895088E-5,0.062766733214427,0.013));
#15540=CARTESIAN_POINT('',(0.000165843663861926,0.0619156319119052,0.013));
#15541=CARTESIAN_POINT('',(8.9463690445051E-5,0.0627844382812061,0.013));
#15542=CARTESIAN_POINT('',(0.000236757900790908,0.0610126175673647,0.013));
#15543=CARTESIAN_POINT('',(0.000253089007932588,0.0627906955233269,0.013));
#15544=CARTESIAN_POINT('',(0.000247962752592458,0.0623684184479435,0.013));
#15545=CARTESIAN_POINT('',(0.000361213225238605,0.0627754322299295,0.013));
#15546=CARTESIAN_POINT('',(0.000286539283711027,0.0624968060347834,0.013));
#15547=CARTESIAN_POINT('',(0.000466731635622999,0.0627222330064248,0.013));
#15548=CARTESIAN_POINT('',(0.000276119400584962,0.0624856730776961,0.013));
#15549=CARTESIAN_POINT('',(0.000546744692659753,0.0626245102749625,0.013));
#15550=CARTESIAN_POINT('',(0.000260804917147294,0.0624876791790171,0.013));
#15551=CARTESIAN_POINT('',(0.000578305135889823,0.0624756594653837,0.013));
#15552=CARTESIAN_POINT('',(0.000174354482084957,0.0624888194824915,0.013));
#15553=CARTESIAN_POINT('',(0.000528775713110457,0.0622930064641516,0.013));
#15554=CARTESIAN_POINT('',(-0.000598674185605264,0.0628826411423269,0.013));
#15555=CARTESIAN_POINT('',(0.000401833754432653,0.062096003495045,0.013));
#15556=CARTESIAN_POINT('',(-0.00153443056838605,0.0635997466561106,0.013));
#15557=CARTESIAN_POINT('',(0.000230309889174164,0.0618978080356964,0.013));
#15558=CARTESIAN_POINT('',(-0.00279259821647548,0.0647951093661997,0.013));
#15559=CARTESIAN_POINT('',(4.23078514110851E-5,0.0617136444926782,0.013));
#15560=CARTESIAN_POINT('',(-0.00491997852634716,0.0671033084340612,0.013));
#15561=CARTESIAN_POINT('',(-0.000133162796386875,0.0615574055693645,0.013));
#15562=CARTESIAN_POINT('',(-0.000202167296891249,0.0614974287671408,0.013));
#15563=CARTESIAN_POINT('',(-0.000259935498463928,0.0614470841863184,0.013));
#15564=CARTESIAN_POINT('',(-0.000259935498463928,0.0613044829738881,0.013));
#15565=CARTESIAN_POINT('',(-0.000259935498463928,0.0611622020329776,0.013));
#15566=CARTESIAN_POINT('',(0.000321790291372945,0.0611622020329776,0.013));
#15567=CARTESIAN_POINT('',(0.000903516081209817,0.0611622020329776,0.013));
#15568=CARTESIAN_POINT('',(0.000903516081209817,0.0612853766761087,0.013));
#15569=CARTESIAN_POINT('',(0.000903516081209817,0.0614085513192398,0.013));
#15570=CARTESIAN_POINT('',(0.000505942480608516,0.0614085513192398,0.013));
#15571=CARTESIAN_POINT('',(0.000108368880007216,0.0614085513192398,0.013));
#15572=CARTESIAN_POINT('',(0.00370857402102745,0.0577729848715568,0.013));
#15573=CARTESIAN_POINT('',(0.000231762028579429,0.0615268314168235,0.013));
#15574=CARTESIAN_POINT('',(-0.003323664266497,0.0653232262106019,0.013));
#15575=CARTESIAN_POINT('',(0.000391705737908143,0.061683158879785,0.013));
#15576=CARTESIAN_POINT('',(-0.0028975950230796,0.0649119062956769,0.013));
#15577=CARTESIAN_POINT('',(0.000561831500764844,0.0618660924121851,0.013));
#15578=CARTESIAN_POINT('',(-0.00105073961250309,0.0632915361827627,0.013));
#15579=CARTESIAN_POINT('',(0.000718109862343902,0.0620655071087132,0.013));
#15580=CARTESIAN_POINT('',(-0.000185833714057008,0.0626986796244436,0.013));
#15581=CARTESIAN_POINT('',(0.00083250678388991,0.0622738550977091,0.013));
#15582=CARTESIAN_POINT('',(0.000337789878249991,0.0624867107392162,0.013));
#15583=CARTESIAN_POINT('',(-0.0011008158592449,0.0620337744252978,0.013));
#15584=CARTESIAN_POINT('',(-0.00150469047294367,0.0620337744252978,0.013));
#15585=CARTESIAN_POINT('',(-0.000696941245546135,0.0620337744252978,0.013));
#15586=CARTESIAN_POINT('',(-0.00150469047294367,0.0619055183199914,0.013));
#15587=CARTESIAN_POINT('',(-0.00150469047294367,0.0617772622146849,0.013));
#15588=CARTESIAN_POINT('',(-0.0011008158592449,0.0617772622146849,0.013));
#15589=CARTESIAN_POINT('',(-0.000696941245546135,0.0617772622146849,0.013));
#15590=CARTESIAN_POINT('',(-0.000696941245546135,0.0619055183199914,0.013));
#15591=CARTESIAN_POINT('',(-0.00421916328345923,0.0623686280676763,0.013));
#15592=CARTESIAN_POINT('',(-0.0045052710339579,0.0630030879061092,0.013));
#15593=CARTESIAN_POINT('',(-0.00420540350553188,0.0630646720496597,0.013));
#15594=CARTESIAN_POINT('',(-0.00424329417450358,0.062448751475639,0.013));
#15595=CARTESIAN_POINT('',(-0.00473037789635022,0.0628215287150124,0.013));
#15596=CARTESIAN_POINT('',(-0.00404730613938293,0.0623161297726652,0.013));
#15597=CARTESIAN_POINT('',(-0.00487248074747117,0.0625228153472017,0.013));
#15598=CARTESIAN_POINT('',(-0.00334133860210276,0.0621344530689485,0.013));
#15599=CARTESIAN_POINT('',(-0.00492132723683831,0.0621078039605094,0.013));
#15600=CARTESIAN_POINT('',(-0.00332787528526391,0.0620808021599782,0.013));
#15601=CARTESIAN_POINT('',(-0.00487246187024206,0.0616906773899168,0.013));
#15602=CARTESIAN_POINT('',(-0.00404704098731196,0.0618953021850086,0.013));
#15603=CARTESIAN_POINT('',(-0.00473038074136111,0.061390736386795,0.013));
#15604=CARTESIAN_POINT('',(-0.00425206234710354,0.0617562482726786,0.013));
#15605=CARTESIAN_POINT('',(-0.0045052705359935,0.0612103979969219,0.013));
#15606=CARTESIAN_POINT('',(-0.00421935687947659,0.0618580357724018,0.013));
#15607=CARTESIAN_POINT('',(-0.00420540676184532,0.0611500358058438,0.013));
#15608=CARTESIAN_POINT('',(-0.00419161370331936,0.0618591096155657,0.013));
#15609=CARTESIAN_POINT('',(-0.0039054980890986,0.0612103951841787,0.013));
#15610=CARTESIAN_POINT('',(-0.00416266720036309,0.0617638185744392,0.013));
#15611=CARTESIAN_POINT('',(-0.00367938030430312,0.0613907410077832,0.013));
#15612=CARTESIAN_POINT('',(-0.0043533425160513,0.0618942246577249,0.013));
#15613=CARTESIAN_POINT('',(-0.00353607292493835,0.0616906770986046,0.013));
#15614=CARTESIAN_POINT('',(-0.00507424230084852,0.0620808199202663,0.013));
#15615=CARTESIAN_POINT('',(-0.00348700736994,0.0621078041963449,0.013));
#15616=CARTESIAN_POINT('',(-0.00506083334393376,0.0621344353528104,0.013));
#15617=CARTESIAN_POINT('',(-0.00353605391084869,0.0625228156930069,0.013));
#15618=CARTESIAN_POINT('',(-0.00435306946823415,0.0623172165931933,0.013));
#15619=CARTESIAN_POINT('',(-0.00367938533302078,0.0628215267710054,0.013));
#15620=CARTESIAN_POINT('',(-0.00417160140209702,0.0624409761957465,0.013));
#15621=CARTESIAN_POINT('',(-0.00390549931164534,0.0630030916083773,0.013));
#15622=CARTESIAN_POINT('',(-0.00419180666090556,0.062367577108177,0.013));
#15623=CARTESIAN_POINT('',(-0.00572982464252405,0.0620337744252978,0.013));
#15624=CARTESIAN_POINT('',(-0.00613369925622282,0.0620337744252978,0.013));
#15625=CARTESIAN_POINT('',(-0.00532595002882529,0.0620337744252978,0.013));
#15626=CARTESIAN_POINT('',(-0.00613369925622282,0.0619055183199914,0.013));
#15627=CARTESIAN_POINT('',(-0.00613369925622282,0.0617772622146849,0.013));
#15628=CARTESIAN_POINT('',(-0.00572982464252405,0.0617772622146849,0.013));
#15629=CARTESIAN_POINT('',(-0.00532595002882529,0.0617772622146849,0.013));
#15630=CARTESIAN_POINT('',(-0.00532595002882529,0.0619055183199914,0.013));
#15631=CARTESIAN_POINT('',(-0.0104722073779881,0.0623686280676763,0.013));
#15632=CARTESIAN_POINT('',(-0.0107583151284867,0.0630030879061092,0.013));
#15633=CARTESIAN_POINT('',(-0.0104584476000608,0.0630646720496597,0.013));
#15634=CARTESIAN_POINT('',(-0.010496338269032,0.0624487514756385,0.013));
#15635=CARTESIAN_POINT('',(-0.0109834219908792,0.0628215287150125,0.013));
#15636=CARTESIAN_POINT('',(-0.0103003502339301,0.0623161297726767,0.013));
#15637=CARTESIAN_POINT('',(-0.0111255248419996,0.0625228153472016,0.013));
#15638=CARTESIAN_POINT('',(-0.00959438269663155,0.0621344530689486,0.013));
#15639=CARTESIAN_POINT('',(-0.0111743713313671,0.0621078039605096,0.013));
#15640=CARTESIAN_POINT('',(-0.00958091937979276,0.0620808021599782,0.013));
#15641=CARTESIAN_POINT('',(-0.0111255059647709,0.0616906773899168,0.013));
#15642=CARTESIAN_POINT('',(-0.0103000850818407,0.0618953021850086,0.013));
#15643=CARTESIAN_POINT('',(-0.01098342483589,0.061390736386795,0.013));
#15644=CARTESIAN_POINT('',(-0.0105051064416319,0.0617562482726792,0.013));
#15645=CARTESIAN_POINT('',(-0.0107583146305223,0.0612103979969219,0.013));
#15646=CARTESIAN_POINT('',(-0.0104724009740054,0.0618580357724018,0.013));
#15647=CARTESIAN_POINT('',(-0.0104584508563741,0.0611500358058438,0.013));
#15648=CARTESIAN_POINT('',(-0.0104446577978482,0.0618591096155658,0.013));
#15649=CARTESIAN_POINT('',(-0.0101585421836274,0.0612103951841787,0.013));
#15650=CARTESIAN_POINT('',(-0.0104157112948918,0.0617638185744391,0.013));
#15651=CARTESIAN_POINT('',(-0.00993242439883196,0.0613907410077832,0.013));
#15652=CARTESIAN_POINT('',(-0.0106063866105802,0.061894224657725,0.013));
#15653=CARTESIAN_POINT('',(-0.00978911701946721,0.0616906770986046,0.013));
#15654=CARTESIAN_POINT('',(-0.0113272863953683,0.0620808199202652,0.013));
#15655=CARTESIAN_POINT('',(-0.00974005146446887,0.0621078041963433,0.013));
#15656=CARTESIAN_POINT('',(-0.0113138774384628,0.0621344353528104,0.013));
#15657=CARTESIAN_POINT('',(-0.00978909800537752,0.0625228156930069,0.013));
#15658=CARTESIAN_POINT('',(-0.010606113562763,0.0623172165931932,0.013));
#15659=CARTESIAN_POINT('',(-0.00993242942754962,0.0628215267710054,0.013));
#15660=CARTESIAN_POINT('',(-0.0104246454966262,0.0624409761957461,0.013));
#15661=CARTESIAN_POINT('',(-0.0101585434061742,0.0630030916083774,0.013));
#15662=CARTESIAN_POINT('',(-0.0104448507554344,0.0623675771081769,0.013));
#15663=CARTESIAN_POINT('',(-0.0121379216320835,0.0624703947178064,0.013));
#15664=CARTESIAN_POINT('',(-0.011603461114083,0.0626740086240561,0.013));
#15665=CARTESIAN_POINT('',(-0.0115662715686502,0.0624785046304758,0.013));
#15666=CARTESIAN_POINT('',(-0.0121132904136739,0.0624870068673275,0.013));
#15667=CARTESIAN_POINT('',(-0.011716529045041,0.0628582601902946,0.013));
#15668=CARTESIAN_POINT('',(-0.0121464279679515,0.062448185662155,0.013));
#15669=CARTESIAN_POINT('',(-0.0119108521030519,0.0629943283672969,0.013));
#15670=CARTESIAN_POINT('',(-0.0121740706476439,0.0623603307211519,0.013));
#15671=CARTESIAN_POINT('',(-0.0121940449130212,0.063047346026487,0.013));
#15672=CARTESIAN_POINT('',(-0.0121870885859036,0.0622199115518233,0.013));
#15673=CARTESIAN_POINT('',(-0.0123261672768174,0.0630360128122377,0.013));
#15674=CARTESIAN_POINT('',(-0.0121141509775494,0.0617452235824355,0.013));
#15675=CARTESIAN_POINT('',(-0.012469670681529,0.0630041228905916,0.013));
#15676=CARTESIAN_POINT('',(-0.0122451786756407,0.0622043601291869,0.0130000000000001));
#15677=CARTESIAN_POINT('',(-0.0126094811296082,0.0629508037251935,0.013));
#15678=CARTESIAN_POINT('',(-0.0123989274887942,0.0625016495388603,0.013));
#15679=CARTESIAN_POINT('',(-0.0127226004206336,0.0628774536981966,0.013));
#15680=CARTESIAN_POINT('',(-0.0126780127626441,0.0627831884669221,0.013));
#15681=CARTESIAN_POINT('',(-0.0126334935771643,0.0626890679971635,0.013));
#15682=CARTESIAN_POINT('',(-0.0115691313076423,0.0609057205257793,0.013));
#15683=CARTESIAN_POINT('',(-0.0125524157680608,0.0627350486536781,0.013));
#15684=CARTESIAN_POINT('',(-0.012388263075807,0.0624197400306507,0.013));
#15685=CARTESIAN_POINT('',(-0.0124660160196245,0.062766733214427,0.013));
#15686=CARTESIAN_POINT('',(-0.0122764213602731,0.0619156319119054,0.013));
#15687=CARTESIAN_POINT('',(-0.0123528013336899,0.0627844382812061,0.013));
#15688=CARTESIAN_POINT('',(-0.012205507123344,0.0610126175673631,0.013));
#15689=CARTESIAN_POINT('',(-0.0121891760162024,0.0627906955233269,0.013));
#15690=CARTESIAN_POINT('',(-0.0121943022715425,0.0623684184479435,0.013));
#15691=CARTESIAN_POINT('',(-0.0120810517988964,0.0627754322299295,0.013));
#15692=CARTESIAN_POINT('',(-0.012155725740424,0.0624968060347833,0.013));
#15693=CARTESIAN_POINT('',(-0.011975533388512,0.0627222330064248,0.013));
#15694=CARTESIAN_POINT('',(-0.0121661456235501,0.062485673077696,0.013));
#15695=CARTESIAN_POINT('',(-0.0118955203314752,0.0626245102749625,0.013));
#15696=CARTESIAN_POINT('',(-0.0121814601069877,0.0624876791790171,0.013));
#15697=CARTESIAN_POINT('',(-0.0118639598882452,0.0624756594653837,0.013));
#15698=CARTESIAN_POINT('',(-0.012267910542043,0.0624888194824896,0.013));
#15699=CARTESIAN_POINT('',(-0.0119134893110246,0.0622930064641516,0.013));
#15700=CARTESIAN_POINT('',(-0.0130409392097407,0.0628826411423272,0.013));
#15701=CARTESIAN_POINT('',(-0.0120404312697012,0.0620960034950441,0.013));
#15702=CARTESIAN_POINT('',(-0.0139766955948657,0.0635997466581407,0.013));
#15703=CARTESIAN_POINT('',(-0.0122119551349598,0.0618978080356955,0.013));
#15704=CARTESIAN_POINT('',(-0.0152348632395739,0.0647951093651315,0.013));
#15705=CARTESIAN_POINT('',(-0.0123999571727309,0.0617136444926859,0.013));
#15706=CARTESIAN_POINT('',(-0.0173622435466073,0.0671033084296619,0.013));
#15707=CARTESIAN_POINT('',(-0.0125754278205269,0.0615574055693704,0.013));
#15708=CARTESIAN_POINT('',(-0.0126444323210262,0.0614974287671408,0.013));
#15709=CARTESIAN_POINT('',(-0.0127022005225989,0.0614470841863184,0.013));
#15710=CARTESIAN_POINT('',(-0.0127022005225989,0.0613044829738881,0.013));
#15711=CARTESIAN_POINT('',(-0.0127022005225989,0.0611622020329776,0.013));
#15712=CARTESIAN_POINT('',(-0.012120474732762,0.0611622020329776,0.013));
#15713=CARTESIAN_POINT('',(-0.0115387489429252,0.0611622020329776,0.013));
#15714=CARTESIAN_POINT('',(-0.0115387489429252,0.0612853766761087,0.013));
#15715=CARTESIAN_POINT('',(-0.0115387489429252,0.0614085513192398,0.013));
#15716=CARTESIAN_POINT('',(-0.0119363225435265,0.0614085513192398,0.013));
#15717=CARTESIAN_POINT('',(-0.0123338961441278,0.0614085513192398,0.013));
#15718=CARTESIAN_POINT('',(-0.00873369100311928,0.0577729848715689,0.013));
#15719=CARTESIAN_POINT('',(-0.0122105029955556,0.0615268314168235,0.013));
#15720=CARTESIAN_POINT('',(-0.0157659292859079,0.0653232262057224,0.013));
#15721=CARTESIAN_POINT('',(-0.0120505592862339,0.0616831588797919,0.013));
#15722=CARTESIAN_POINT('',(-0.0153398600472152,0.0649119062956775,0.013));
#15723=CARTESIAN_POINT('',(-0.0118804335233699,0.0618660924121849,0.013));
#15724=CARTESIAN_POINT('',(-0.0134930046370828,0.0632915361831114,0.013));
#15725=CARTESIAN_POINT('',(-0.0117241551617908,0.062065507108713,0.013));
#15726=CARTESIAN_POINT('',(-0.0126280987381915,0.0626986796244433,0.013));
#15727=CARTESIAN_POINT('',(-0.0116097582402451,0.0622738550977091,0.013));
#15728=CARTESIAN_POINT('',(-0.0121044751458889,0.0624867107392171,0.013));
#15729=CARTESIAN_POINT('',(-0.0349611498359584,0.0335707415972543,0.016));
#15730=CARTESIAN_POINT('',(-0.0349611498359584,0.0432207415972543,0.016));
#15731=CARTESIAN_POINT('',(-0.0349611498359584,0.0432207415972543,0.016));
#15732=CARTESIAN_POINT('',(-0.0349611498359584,0.0335707415972543,0.016));
#15733=CARTESIAN_POINT('',(-0.0349611498359584,0.0239207415972542,0.016));
#15734=CARTESIAN_POINT('',(-0.0349611498359584,0.0239207415972542,0.016));
#15735=CARTESIAN_POINT('',(-0.0253111498359584,0.0432207415972543,0.016));
#15736=CARTESIAN_POINT('',(-0.0156611498359584,0.0432207415972543,0.016));
#15737=CARTESIAN_POINT('',(-0.0156611498359584,0.0432207415972543,0.016));
#15738=CARTESIAN_POINT('',(-0.0253111498359584,0.0432207415972543,0.016));
#15739=CARTESIAN_POINT('',(-0.0156611498359584,0.0335707415972543,0.016));
#15740=CARTESIAN_POINT('',(-0.0156611498359584,0.0239207415972542,0.016));
#15741=CARTESIAN_POINT('',(-0.0156611498359584,0.0239207415972542,0.016));
#15742=CARTESIAN_POINT('',(-0.0156611498359584,0.0335707415972543,0.016));
#15743=CARTESIAN_POINT('',(-0.0149219122666859,0.0335687792233193,0.016));
#15744=CARTESIAN_POINT('',(-0.0149219122666859,0.0432187792233193,0.016));
#15745=CARTESIAN_POINT('',(-0.0149219122666859,0.0432187792233193,0.016));
#15746=CARTESIAN_POINT('',(-0.0149219122666859,0.0335687792233193,0.016));
#15747=CARTESIAN_POINT('',(-0.0149219122666859,0.0239187792233193,0.016));
#15748=CARTESIAN_POINT('',(-0.0149219122666859,0.0239187792233193,0.016));
#15749=CARTESIAN_POINT('',(-0.00527191226668588,0.0432187792233193,0.016));
#15750=CARTESIAN_POINT('',(0.00437808773331411,0.0432187792233193,0.016));
#15751=CARTESIAN_POINT('',(0.00437808773331411,0.0432187792233193,0.016));
#15752=CARTESIAN_POINT('',(-0.00527191226668588,0.0432187792233193,0.016));
#15753=CARTESIAN_POINT('',(0.00437808773331411,0.0335687792233193,0.016));
#15754=CARTESIAN_POINT('',(0.00437808773331412,0.0239187792233193,0.016));
#15755=CARTESIAN_POINT('',(0.00437808773331412,0.0239187792233193,0.016));
#15756=CARTESIAN_POINT('',(0.00437808773331411,0.0335687792233193,0.016));
#15757=CARTESIAN_POINT('',(0.00515279373936355,0.0335784293711185,0.016));
#15758=CARTESIAN_POINT('',(0.00515279373936355,0.0432284293711186,0.016));
#15759=CARTESIAN_POINT('',(0.00515279373936355,0.0432284293711186,0.016));
#15760=CARTESIAN_POINT('',(0.00515279373936355,0.0335784293711185,0.016));
#15761=CARTESIAN_POINT('',(0.00515279373936355,0.0239284293711186,0.016));
#15762=CARTESIAN_POINT('',(0.00515279373936355,0.0239284293711186,0.016));
#15763=CARTESIAN_POINT('',(0.0148027937393635,0.0432284293711186,0.016));
#15764=CARTESIAN_POINT('',(0.0244527937393635,0.0432284293711186,0.016));
#15765=CARTESIAN_POINT('',(0.0244527937393635,0.0432284293711186,0.016));
#15766=CARTESIAN_POINT('',(0.0148027937393635,0.0432284293711186,0.016));
#15767=CARTESIAN_POINT('',(0.0244527937393635,0.0335784293711185,0.016));
#15768=CARTESIAN_POINT('',(0.0244527937393635,0.0239284293711186,0.016));
#15769=CARTESIAN_POINT('',(0.0244527937393635,0.0239284293711186,0.016));
#15770=CARTESIAN_POINT('',(0.0244527937393635,0.0335784293711185,0.016));
#15771=CARTESIAN_POINT('',(-0.0349682003714142,0.013562822062099,0.016));
#15772=CARTESIAN_POINT('',(-0.0349682003714142,0.013562822062099,0.016));
#15773=CARTESIAN_POINT('',(-0.0349682003714142,0.023212822062099,0.016));
#15774=CARTESIAN_POINT('',(-0.0349682003714142,0.00491282206209896,0.016));
#15775=CARTESIAN_POINT('',(-0.0349682003714142,0.00491282206209896,0.013));
#15776=CARTESIAN_POINT('',(-0.0349682003714142,0.023212822062099,0.016));
#15777=CARTESIAN_POINT('',(-0.0253182003714142,0.023212822062099,0.016));
#15778=CARTESIAN_POINT('',(-0.0156682003714142,0.023212822062099,0.016));
#15779=CARTESIAN_POINT('',(-0.0156682003714142,0.023212822062099,0.016));
#15780=CARTESIAN_POINT('',(-0.0253182003714142,0.023212822062099,0.016));
#15781=CARTESIAN_POINT('',(-0.0156682003714142,0.013562822062099,0.016));
#15782=CARTESIAN_POINT('',(-0.0156682003714142,0.00391282206209896,0.016));
#15783=CARTESIAN_POINT('',(-0.0156682003714142,0.00391282206209896,0.016));
#15784=CARTESIAN_POINT('',(-0.0156682003714142,0.013562822062099,0.016));
#15785=CARTESIAN_POINT('',(-0.0149289628021417,0.013560859688164,0.016));
#15786=CARTESIAN_POINT('',(-0.0149289628021417,0.023210859688164,0.016));
#15787=CARTESIAN_POINT('',(-0.0149289628021417,0.023210859688164,0.016));
#15788=CARTESIAN_POINT('',(-0.0149289628021417,0.013560859688164,0.016));
#15789=CARTESIAN_POINT('',(-0.0149289628021417,0.00391085968816402,0.016));
#15790=CARTESIAN_POINT('',(-0.0149289628021417,0.00391085968816402,0.016));
#15791=CARTESIAN_POINT('',(-0.00527896280214168,0.023210859688164,0.016));
#15792=CARTESIAN_POINT('',(0.00437103719785832,0.023210859688164,0.016));
#15793=CARTESIAN_POINT('',(0.00437103719785832,0.023210859688164,0.016));
#15794=CARTESIAN_POINT('',(-0.00527896280214168,0.023210859688164,0.016));
#15795=CARTESIAN_POINT('',(0.00437103719785832,0.013560859688164,0.016));
#15796=CARTESIAN_POINT('',(0.00437103719785832,0.00391085968816401,0.016));
#15797=CARTESIAN_POINT('',(0.00437103719785832,0.00391085968816401,0.016));
#15798=CARTESIAN_POINT('',(0.00437103719785832,0.013560859688164,0.016));
#15799=CARTESIAN_POINT('',(0.00514574320390776,0.0135705098359632,0.016));
#15800=CARTESIAN_POINT('',(0.00514574320390776,0.0232205098359633,0.016));
#15801=CARTESIAN_POINT('',(0.00514574320390776,0.0232205098359633,0.016));
#15802=CARTESIAN_POINT('',(0.00514574320390776,0.0135705098359632,0.016));
#15803=CARTESIAN_POINT('',(0.00514574320390776,0.00392050983596325,0.016));
#15804=CARTESIAN_POINT('',(0.00514574320390776,0.00392050983596325,0.016));
#15805=CARTESIAN_POINT('',(0.0147957432039078,0.0232205098359633,0.016));
#15806=CARTESIAN_POINT('',(0.0244457432039078,0.0232205098359633,0.016));
#15807=CARTESIAN_POINT('',(0.0244457432039078,0.0232205098359633,0.016));
#15808=CARTESIAN_POINT('',(0.0147957432039078,0.0232205098359633,0.016));
#15809=CARTESIAN_POINT('',(0.0244457432039078,0.0135705098359632,0.016));
#15810=CARTESIAN_POINT('',(0.0244457432039078,0.00392050983596324,0.016));
#15811=CARTESIAN_POINT('',(0.0244457432039078,0.00392050983596324,0.016));
#15812=CARTESIAN_POINT('',(0.0244457432039078,0.0135705098359632,0.016));
#15813=CARTESIAN_POINT('',(-0.0349514351680872,-0.0065163441006601,0.016));
#15814=CARTESIAN_POINT('',(-0.0349514351680872,0.0021336558993399,0.016));
#15815=CARTESIAN_POINT('',(-0.0349514351680872,0.0021336558993399,0.016));
#15816=CARTESIAN_POINT('',(-0.0349514351680872,-0.0065163441006601,0.016));
#15817=CARTESIAN_POINT('',(-0.0349514351680872,-0.0161663441006601,0.016));
#15818=CARTESIAN_POINT('',(-0.0349514351680872,-0.0161663441006601,0.016));
#15819=CARTESIAN_POINT('',(-0.0253014351680872,0.0031336558993399,0.016));
#15820=CARTESIAN_POINT('',(-0.0253014351680872,0.0031336558993399,0.016));
#15821=CARTESIAN_POINT('',(-0.0339514351680873,0.0031336558993399,0.016));
#15822=CARTESIAN_POINT('',(-0.0156514351680873,0.0031336558993399,0.016));
#15823=CARTESIAN_POINT('',(-0.0339514351680873,0.0031336558993399,0.016));
#15824=CARTESIAN_POINT('',(-0.0156514351680873,0.0031336558993399,0.016));
#15825=CARTESIAN_POINT('',(-0.0156514351680873,-0.0065163441006601,0.016));
#15826=CARTESIAN_POINT('',(-0.0156514351680873,-0.0161663441006601,0.016));
#15827=CARTESIAN_POINT('',(-0.0156514351680873,-0.0161663441006601,0.016));
#15828=CARTESIAN_POINT('',(-0.0156514351680873,-0.0065163441006601,0.016));
#15829=CARTESIAN_POINT('',(-0.0149121975988147,-0.00651830647459505,0.016));
#15830=CARTESIAN_POINT('',(-0.0149121975988147,0.00313169352540495,0.016));
#15831=CARTESIAN_POINT('',(-0.0149121975988147,0.00313169352540495,0.016));
#15832=CARTESIAN_POINT('',(-0.0149121975988147,-0.00651830647459505,0.016));
#15833=CARTESIAN_POINT('',(-0.0149121975988147,-0.0161683064745951,0.016));
#15834=CARTESIAN_POINT('',(-0.0149121975988147,-0.0161683064745951,0.016));
#15835=CARTESIAN_POINT('',(-0.00526219759881474,0.00313169352540495,0.016));
#15836=CARTESIAN_POINT('',(0.00438780240118526,0.00313169352540495,0.016));
#15837=CARTESIAN_POINT('',(0.00438780240118526,0.00313169352540495,0.016));
#15838=CARTESIAN_POINT('',(-0.00526219759881474,0.00313169352540495,0.016));
#15839=CARTESIAN_POINT('',(0.00438780240118526,-0.00651830647459505,0.016));
#15840=CARTESIAN_POINT('',(0.00438780240118526,-0.0161683064745951,0.016));
#15841=CARTESIAN_POINT('',(0.00438780240118526,-0.0161683064745951,0.016));
#15842=CARTESIAN_POINT('',(0.00438780240118526,-0.00651830647459505,0.016));
#15843=CARTESIAN_POINT('',(0.00516250840723469,-0.00650865632679582,0.016));
#15844=CARTESIAN_POINT('',(0.00516250840723469,0.00314134367320418,0.016));
#15845=CARTESIAN_POINT('',(0.00516250840723469,0.00314134367320418,0.016));
#15846=CARTESIAN_POINT('',(0.00516250840723469,-0.00650865632679582,0.016));
#15847=CARTESIAN_POINT('',(0.00516250840723469,-0.0161586563267958,0.016));
#15848=CARTESIAN_POINT('',(0.00516250840723469,-0.0161586563267958,0.016));
#15849=CARTESIAN_POINT('',(0.0148125084072347,0.00314134367320418,0.016));
#15850=CARTESIAN_POINT('',(0.0244625084072347,0.00314134367320418,0.016));
#15851=CARTESIAN_POINT('',(0.0244625084072347,0.00314134367320418,0.016));
#15852=CARTESIAN_POINT('',(0.0148125084072347,0.00314134367320418,0.016));
#15853=CARTESIAN_POINT('',(0.0244625084072347,-0.00650865632679582,0.016));
#15854=CARTESIAN_POINT('',(0.0244625084072347,-0.0161586563267958,0.016));
#15855=CARTESIAN_POINT('',(0.0244625084072347,-0.0161586563267958,0.016));
#15856=CARTESIAN_POINT('',(0.0244625084072347,-0.00650865632679582,0.016));
#15857=CARTESIAN_POINT('',(-0.00876870895132593,0.0624703947178061,0.016));
#15858=CARTESIAN_POINT('',(-0.00819717941639889,0.0624785039948866,0.016));
#15859=CARTESIAN_POINT('',(-0.00819705888788994,0.0624785046304758,0.016));
#15860=CARTESIAN_POINT('',(-0.00876870895132593,0.0624703947178061,0.016));
#15861=CARTESIAN_POINT('',(-0.00823424866674953,0.062674009261792,0.0159999999999983));
#15862=CARTESIAN_POINT('',(-0.00823417246103562,0.062674038659395,0.016));
#15863=CARTESIAN_POINT('',(-0.00873526246512869,0.0624867107392171,0.016));
#15864=CARTESIAN_POINT('',(-0.00824047347413308,0.0622738226984625,0.016));
#15865=CARTESIAN_POINT('',(-0.00824054555948474,0.0622738550977091,0.016));
#15866=CARTESIAN_POINT('',(-0.00873526246512869,0.0624867107392171,0.016));
#15867=CARTESIAN_POINT('',(-0.00925888605743129,0.0626986796244434,0.016));
#15868=CARTESIAN_POINT('',(-0.00835490800232252,0.0620654827492722,0.016));
#15869=CARTESIAN_POINT('',(-0.00835494248103079,0.0620655071087132,0.016));
#15870=CARTESIAN_POINT('',(-0.00925888605743129,0.0626986796244434,0.016));
#15871=CARTESIAN_POINT('',(-0.0101237919558567,0.0632915361827462,0.016));
#15872=CARTESIAN_POINT('',(-0.00851121377883704,0.0618660861735105,0.016));
#15873=CARTESIAN_POINT('',(-0.00851122084260984,0.0618660924121851,0.016));
#15874=CARTESIAN_POINT('',(-0.0101237919558567,0.0632915361827462,0.016));
#15875=CARTESIAN_POINT('',(-0.0119706473656097,0.0649119062948914,0.016));
#15876=CARTESIAN_POINT('',(-0.00868134113246857,0.061683153535197,0.016));
#15877=CARTESIAN_POINT('',(-0.00868134660546662,0.0616831588797851,0.016));
#15878=CARTESIAN_POINT('',(-0.0119706473656097,0.0649119062948914,0.016));
#15879=CARTESIAN_POINT('',(-0.0123967166098816,0.0653232262106121,0.016));
#15880=CARTESIAN_POINT('',(-0.00884130556174936,0.0615268477586825,0.016));
#15881=CARTESIAN_POINT('',(-0.00884129031479524,0.0615268314168235,0.016));
#15882=CARTESIAN_POINT('',(-0.0123967166098816,0.0653232262106121,0.016));
#15883=CARTESIAN_POINT('',(-0.00536447832234131,0.0577729848715505,0.016));
#15884=CARTESIAN_POINT('',(-0.00896475795484541,0.0614085513192398,0.016));
#15885=CARTESIAN_POINT('',(-0.00896468346336746,0.0614085513192398,0.016));
#15886=CARTESIAN_POINT('',(-0.00536447832234131,0.0577729848715505,0.016));
#15887=CARTESIAN_POINT('',(-0.00856710986276616,0.0614085513192398,0.016));
#15888=CARTESIAN_POINT('',(-0.00816953626216485,0.0614085513192398,0.016));
#15889=CARTESIAN_POINT('',(-0.00816953626216485,0.0614085513192398,0.016));
#15890=CARTESIAN_POINT('',(-0.00856710986276616,0.0614085513192398,0.016));
#15891=CARTESIAN_POINT('',(-0.00816953626216485,0.0612853766761087,0.016));
#15892=CARTESIAN_POINT('',(-0.00816953626216485,0.0611622020329776,0.016));
#15893=CARTESIAN_POINT('',(-0.00816953626216485,0.0611622020329776,0.016));
#15894=CARTESIAN_POINT('',(-0.00816953626216485,0.0612853766761087,0.016));
#15895=CARTESIAN_POINT('',(-0.00875126205200173,0.0611622020329776,0.016));
#15896=CARTESIAN_POINT('',(-0.0093329878418386,0.0611622020329776,0.016));
#15897=CARTESIAN_POINT('',(-0.0093329878418386,0.0611622020329776,0.016));
#15898=CARTESIAN_POINT('',(-0.00875126205200173,0.0611622020329776,0.016));
#15899=CARTESIAN_POINT('',(-0.0093329878418386,0.0613044829738881,0.016));
#15900=CARTESIAN_POINT('',(-0.0093329878418386,0.0614470841863184,0.016));
#15901=CARTESIAN_POINT('',(-0.0093329878418386,0.0614470841863184,0.016));
#15902=CARTESIAN_POINT('',(-0.0093329878418386,0.0613044829738881,0.016));
#15903=CARTESIAN_POINT('',(-0.00927521964026593,0.0614974287671408,0.0160000000051423));
#15904=CARTESIAN_POINT('',(-0.00920615454594125,0.0615573365317347,0.016));
#15905=CARTESIAN_POINT('',(-0.0092062151397617,0.0615574055693647,0.016));
#15906=CARTESIAN_POINT('',(-0.00927521964026593,0.0614974287671408,0.016));
#15907=CARTESIAN_POINT('',(-0.0139930308658347,0.0671033084296998,0.016));
#15908=CARTESIAN_POINT('',(-0.00903074247164732,0.0617136423082492,0.016));
#15909=CARTESIAN_POINT('',(-0.00903074449196492,0.0617136444926797,0.016));
#15910=CARTESIAN_POINT('',(-0.0139930308658347,0.0671033084296998,0.016));
#15911=CARTESIAN_POINT('',(-0.0118656505588117,0.0647951093651297,0.016));
#15912=CARTESIAN_POINT('',(-0.00884272837115847,0.0618977944974848,0.016));
#15913=CARTESIAN_POINT('',(-0.00884274245420387,0.0618978080356997,0.016));
#15914=CARTESIAN_POINT('',(-0.0118656505588117,0.0647951093651297,0.016));
#15915=CARTESIAN_POINT('',(-0.0106074829117286,0.0635997466561089,0.016));
#15916=CARTESIAN_POINT('',(-0.00867117820811783,0.0620959715223244,0.016));
#15917=CARTESIAN_POINT('',(-0.00867121858894488,0.0620960034950472,0.016));
#15918=CARTESIAN_POINT('',(-0.0106074829117286,0.0635997466561089,0.016));
#15919=CARTESIAN_POINT('',(-0.00967172652898018,0.0628826411423271,0.016));
#15920=CARTESIAN_POINT('',(-0.00854414165373346,0.0622929289962419,0.016));
#15921=CARTESIAN_POINT('',(-0.00854427663026402,0.0622930064641515,0.016));
#15922=CARTESIAN_POINT('',(-0.00967172652898018,0.0628826411423271,0.016));
#15923=CARTESIAN_POINT('',(-0.00889869786131272,0.0624888194824977,0.016));
#15924=CARTESIAN_POINT('',(-0.00849474984138882,0.0624756583760684,0.016));
#15925=CARTESIAN_POINT('',(-0.00849474720748464,0.0624756594653837,0.016));
#15926=CARTESIAN_POINT('',(-0.00889869786131272,0.0624888194824977,0.016));
#15927=CARTESIAN_POINT('',(-0.00881224742622743,0.0624876791790171,0.016));
#15928=CARTESIAN_POINT('',(-0.00852645816536316,0.0626244435885634,0.016));
#15929=CARTESIAN_POINT('',(-0.00852630765071492,0.0626245102749625,0.016));
#15930=CARTESIAN_POINT('',(-0.00881224742622743,0.0624876791790171,0.016));
#15931=CARTESIAN_POINT('',(-0.00879693294278973,0.0624856730776961,0.016));
#15932=CARTESIAN_POINT('',(-0.00860633875076005,0.0627222109208176,0.016));
#15933=CARTESIAN_POINT('',(-0.00860632070775167,0.0627222330064248,0.016));
#15934=CARTESIAN_POINT('',(-0.00879693294278973,0.0624856730776961,0.016));
#15935=CARTESIAN_POINT('',(-0.00878651305966365,0.0624968060347834,0.016));
#15936=CARTESIAN_POINT('',(-0.00871182990552082,0.0627754646444155,0.016));
#15937=CARTESIAN_POINT('',(-0.00871183911813607,0.0627754322299294,0.016));
#15938=CARTESIAN_POINT('',(-0.00878651305966365,0.0624968060347834,0.016));
#15939=CARTESIAN_POINT('',(-0.00882508959078222,0.0623684184479434,0.016));
#15940=CARTESIAN_POINT('',(-0.00881996342061279,0.0627907090309416,0.016));
#15941=CARTESIAN_POINT('',(-0.00881996333544208,0.0627906955233269,0.016));
#15942=CARTESIAN_POINT('',(-0.00882508959078222,0.0623684184479434,0.016));
#15943=CARTESIAN_POINT('',(-0.0088362944425837,0.0610126175673631,0.016));
#15944=CARTESIAN_POINT('',(-0.00898358650265985,0.0627844080178442,0.016));
#15945=CARTESIAN_POINT('',(-0.00898358865292962,0.0627844382812061,0.016));
#15946=CARTESIAN_POINT('',(-0.0088362944425837,0.0610126175673631,0.016));
#15947=CARTESIAN_POINT('',(-0.00890720867951277,0.0619156319119054,0.016));
#15948=CARTESIAN_POINT('',(-0.00909680147992719,0.0627667245294739,0.016));
#15949=CARTESIAN_POINT('',(-0.00909680333886418,0.0627667332144269,0.016));
#15950=CARTESIAN_POINT('',(-0.00890720867951277,0.0619156319119054,0.016));
#15951=CARTESIAN_POINT('',(-0.00901905039504674,0.0624197400306507,0.016));
#15952=CARTESIAN_POINT('',(-0.00918318633690856,0.0627350162054995,0.016));
#15953=CARTESIAN_POINT('',(-0.00918320308730047,0.0627350486536781,0.016));
#15954=CARTESIAN_POINT('',(-0.00901905039504674,0.0624197400306507,0.016));
#15955=CARTESIAN_POINT('',(-0.008199918628058,0.060905720527855,0.016));
#15956=CARTESIAN_POINT('',(-0.00926428089641582,0.0626890679971668,0.016));
#15957=CARTESIAN_POINT('',(-0.00926428089640985,0.0626890679971649,0.016));
#15958=CARTESIAN_POINT('',(-0.008199918628058,0.060905720527855,0.016));
#15959=CARTESIAN_POINT('',(-0.00930880008188382,0.0627831884669221,0.016));
#15960=CARTESIAN_POINT('',(-0.00935338773987325,0.0628774536981966,0.016));
#15961=CARTESIAN_POINT('',(-0.00935338773987325,0.0628774536981966,0.016));
#15962=CARTESIAN_POINT('',(-0.00930880008188382,0.0627831884669221,0.016));
#15963=CARTESIAN_POINT('',(-0.00902971480803403,0.0625016495388604,0.016));
#15964=CARTESIAN_POINT('',(-0.00924030197175977,0.0629508767187094,0.016));
#15965=CARTESIAN_POINT('',(-0.00924026844884793,0.0629508037251935,0.016));
#15966=CARTESIAN_POINT('',(-0.00902971480803403,0.0625016495388604,0.016));
#15967=CARTESIAN_POINT('',(-0.00887616818337303,0.0622048964385945,0.016));
#15968=CARTESIAN_POINT('',(-0.00910046013269346,0.0630041304423074,0.016));
#15969=CARTESIAN_POINT('',(-0.00910045800076852,0.0630041228905911,0.016));
#15970=CARTESIAN_POINT('',(-0.00887596599488052,0.0622043601291872,0.016));
#15971=CARTESIAN_POINT('',(-0.00874493829694962,0.0617452235831753,0.016));
#15972=CARTESIAN_POINT('',(-0.00895695964086089,0.0630360420247687,0.016));
#15973=CARTESIAN_POINT('',(-0.00895695459605704,0.0630360128122374,0.016));
#15974=CARTESIAN_POINT('',(-0.00874493829694962,0.0617452235831753,0.016));
#15975=CARTESIAN_POINT('',(-0.00881787590514326,0.0622199115518237,0.016));
#15976=CARTESIAN_POINT('',(-0.00882484162430115,0.0630476277585286,0.016));
#15977=CARTESIAN_POINT('',(-0.00882483223226096,0.0630473460264878,0.016));
#15978=CARTESIAN_POINT('',(-0.00881787590514326,0.0622199115518237,0.016));
#15979=CARTESIAN_POINT('',(-0.00880485796689556,0.0623603307211136,0.016));
#15980=CARTESIAN_POINT('',(-0.00854170255188928,0.0629941707764436,0.016));
#15981=CARTESIAN_POINT('',(-0.00854163942229165,0.0629943283672968,0.016));
#15982=CARTESIAN_POINT('',(-0.00880485796689556,0.0623603307211136,0.016));
#15983=CARTESIAN_POINT('',(-0.00877721528719105,0.0624481856621552,0.016));
#15984=CARTESIAN_POINT('',(-0.00834738743830296,0.0628581908486306,0.016));
#15985=CARTESIAN_POINT('',(-0.00834731636428072,0.0628582601902946,0.016));
#15986=CARTESIAN_POINT('',(-0.00877721528719105,0.0624481856621552,0.016));
#15987=CARTESIAN_POINT('',(-0.0071226205438399,0.0618507894795782,0.016));
#15988=CARTESIAN_POINT('',(-0.00711218561271293,0.0624301284749771,0.016));
#15989=CARTESIAN_POINT('',(-0.00711218837152396,0.0624299701596102,0.016));
#15990=CARTESIAN_POINT('',(-0.0071226205438399,0.0618507894795782,0.016));
#15991=CARTESIAN_POINT('',(-0.00734979478403344,0.0623831757644766,0.016));
#15992=CARTESIAN_POINT('',(-0.00734979478403344,0.0623831757644766,0.016));
#15993=CARTESIAN_POINT('',(-0.00710400797824514,0.0618964768503384,0.016));
#15994=CARTESIAN_POINT('',(-0.00687213733954824,0.0623766714928921,0.016));
#15995=CARTESIAN_POINT('',(-0.00687211535307978,0.0623767177637141,0.016));
#15996=CARTESIAN_POINT('',(-0.00710400797824514,0.0618964768503384,0.016));
#15997=CARTESIAN_POINT('',(-0.00713221770339196,0.0618422613167567,0.016));
#15998=CARTESIAN_POINT('',(-0.00668798515031267,0.0622368296538258,0.016));
#15999=CARTESIAN_POINT('',(-0.00668797263323996,0.0622368407829334,0.016));
#16000=CARTESIAN_POINT('',(-0.00713221770339196,0.0618422613167567,0.016));
#16001=CARTESIAN_POINT('',(-0.00714266167475591,0.0618331743185016,0.016));
#16002=CARTESIAN_POINT('',(-0.00657233107120114,0.0620437340911616,0.016));
#16003=CARTESIAN_POINT('',(-0.0065723841199421,0.0620437139584739,0.016));
#16004=CARTESIAN_POINT('',(-0.00714266167475591,0.0618331743185016,0.016));
#16005=CARTESIAN_POINT('',(-0.00714432072794424,0.0618270606423559,0.016));
#16006=CARTESIAN_POINT('',(-0.00653289892472024,0.0618305159382829,0.016));
#16007=CARTESIAN_POINT('',(-0.00653289892472024,0.0618305159382829,0.016));
#16008=CARTESIAN_POINT('',(-0.00714432072794424,0.0618270606423559,0.016));
#16009=CARTESIAN_POINT('',(-0.00653289892472024,0.0618305159382829,0.016));
#16010=CARTESIAN_POINT('',(-0.00653289892472024,0.0618305159382829,0.013));
#16011=CARTESIAN_POINT('',(-0.00653289892472024,0.0616982624160651,0.016));
#16012=CARTESIAN_POINT('',(-0.00653289892472024,0.0616982624160651,0.013));
#16013=CARTESIAN_POINT('',(-0.0065541055601988,0.061588570585906,0.016));
#16014=CARTESIAN_POINT('',(-0.0065541055601988,0.061588570585906,0.013));
#16015=CARTESIAN_POINT('',(-0.00659651883115593,0.0615014404478056,0.016));
#16016=CARTESIAN_POINT('',(-0.00659651883115593,0.0615014404478056,0.013));
#16017=CARTESIAN_POINT('',(-0.00659651883115593,0.0615014404478056,0.016));
#16018=CARTESIAN_POINT('',(-0.00659651883115593,0.0615014404478056,0.016));
#16019=CARTESIAN_POINT('',(-0.00653289892472024,0.0618305159382829,0.016));
#16020=CARTESIAN_POINT('',(-0.00653289892472024,0.0616321356549562,0.016));
#16021=CARTESIAN_POINT('',(-0.00659651883115593,0.0615014404478056,0.016));
#16022=CARTESIAN_POINT('',(-0.00717959543265399,0.0617705754113647,0.016));
#16023=CARTESIAN_POINT('',(-0.00675404415859254,0.0612906613967711,0.016));
#16024=CARTESIAN_POINT('',(-0.00675398182334715,0.0612905931681588,0.016));
#16025=CARTESIAN_POINT('',(-0.00717959543265399,0.0617705754113647,0.016));
#16026=CARTESIAN_POINT('',(-0.00711506270282823,0.0617037173615731,0.016));
#16027=CARTESIAN_POINT('',(-0.00695730264560752,0.0611786659704258,0.016));
#16028=CARTESIAN_POINT('',(-0.0069573198645459,0.0611787179378422,0.016));
#16029=CARTESIAN_POINT('',(-0.00711506270282823,0.0617037173615731,0.016));
#16030=CARTESIAN_POINT('',(-0.00717228091840839,0.061871425330382,0.016));
#16031=CARTESIAN_POINT('',(-0.00715812203077832,0.0611467543879645,0.016));
#16032=CARTESIAN_POINT('',(-0.00715812788004211,0.0611469255449199,0.016));
#16033=CARTESIAN_POINT('',(-0.00717228091840839,0.061871425330382,0.016));
#16034=CARTESIAN_POINT('',(-0.00717723158267219,0.0618380618570617,0.016));
#16035=CARTESIAN_POINT('',(-0.00744756211628765,0.0612028537303806,0.016));
#16036=CARTESIAN_POINT('',(-0.00744765536236884,0.0612026231740144,0.016));
#16037=CARTESIAN_POINT('',(-0.00717723158267219,0.0618380618570617,0.016));
#16038=CARTESIAN_POINT('',(-0.00722118814965129,0.0617049838083481,0.016));
#16039=CARTESIAN_POINT('',(-0.00765082060330263,0.0613605823163042,0.016));
#16040=CARTESIAN_POINT('',(-0.00765089730211991,0.0613605217120505,0.016));
#16041=CARTESIAN_POINT('',(-0.00722118814965129,0.0617049838083481,0.016));
#16042=CARTESIAN_POINT('',(-0.00713066343661037,0.0617690134243128,0.016));
#16043=CARTESIAN_POINT('',(-0.00777033659366744,0.0615994110385468,0.016));
#16044=CARTESIAN_POINT('',(-0.0077703503849977,0.0615994072879787,0.016));
#16045=CARTESIAN_POINT('',(-0.00713066343661037,0.0617690134243128,0.016));
#16046=CARTESIAN_POINT('',(-0.00668154170984548,0.0618886524371529,0.016));
#16047=CARTESIAN_POINT('',(-0.00780854918922625,0.0619016564087381,0.016));
#16048=CARTESIAN_POINT('',(-0.00780854918922625,0.0619016564087381,0.016));
#16049=CARTESIAN_POINT('',(-0.00668154170984548,0.0618886524371529,0.016));
#16050=CARTESIAN_POINT('',(-0.00780854918922625,0.0619016564087381,0.016));
#16051=CARTESIAN_POINT('',(-0.00780854918922625,0.0619016564087381,0.013));
#16052=CARTESIAN_POINT('',(-0.00780854918922625,0.0621252407444546,0.016));
#16053=CARTESIAN_POINT('',(-0.00780854918922625,0.0621252407444546,0.013));
#16054=CARTESIAN_POINT('',(-0.00778822334052475,0.0623111545072443,0.016));
#16055=CARTESIAN_POINT('',(-0.00778822334052475,0.0623111545072443,0.013));
#16056=CARTESIAN_POINT('',(-0.00774757164312176,0.0624593976971072,0.016));
#16057=CARTESIAN_POINT('',(-0.00774757164312176,0.0624593976971072,0.013));
#16058=CARTESIAN_POINT('',(-0.00774757164312176,0.0624593976971072,0.016));
#16059=CARTESIAN_POINT('',(-0.00774757164312176,0.0624593976971072,0.016));
#16060=CARTESIAN_POINT('',(-0.00780854918922625,0.0619016564087381,0.016));
#16061=CARTESIAN_POINT('',(-0.00780854918922625,0.0622370329123128,0.016));
#16062=CARTESIAN_POINT('',(-0.00774757164312176,0.0624593976971072,0.016));
#16063=CARTESIAN_POINT('',(-0.00774757164312176,0.0624593976971072,0.016));
#16064=CARTESIAN_POINT('',(-0.00774757164312176,0.0624593976971072,0.013));
#16065=CARTESIAN_POINT('',(-0.00770691994571876,0.0626076408869701,0.016));
#16066=CARTESIAN_POINT('',(-0.00770691994571876,0.0626076408869701,0.013));
#16067=CARTESIAN_POINT('',(-0.00765393723343685,0.0627249210339778,0.016));
#16068=CARTESIAN_POINT('',(-0.00765393723343685,0.0627249210339778,0.013));
#16069=CARTESIAN_POINT('',(-0.00758862350627604,0.0628112381381301,0.016));
#16070=CARTESIAN_POINT('',(-0.00758862350627604,0.0628112381381301,0.013));
#16071=CARTESIAN_POINT('',(-0.00758862350627604,0.0628112381381301,0.016));
#16072=CARTESIAN_POINT('',(-0.00758862350627604,0.0628112381381301,0.016));
#16073=CARTESIAN_POINT('',(-0.00774757164312176,0.0624593976971072,0.016));
#16074=CARTESIAN_POINT('',(-0.00768659409701726,0.0626817624819016,0.016));
#16075=CARTESIAN_POINT('',(-0.00758862350627604,0.0628112381381301,0.016));
#16076=CARTESIAN_POINT('',(-0.00712456470703081,0.062483072289012,0.016));
#16077=CARTESIAN_POINT('',(-0.00737012063273494,0.0629941707764436,0.016));
#16078=CARTESIAN_POINT('',(-0.00737021122411407,0.0629943547284466,0.016));
#16079=CARTESIAN_POINT('',(-0.00712456470703081,0.062483072289012,0.016));
#16080=CARTESIAN_POINT('',(-0.00712397794517182,0.0624594844545594,0.016));
#16081=CARTESIAN_POINT('',(-0.00713007235957025,0.0630476277585286,0.016));
#16082=CARTESIAN_POINT('',(-0.00713007351817308,0.0630476851486748,0.016));
#16083=CARTESIAN_POINT('',(-0.00712397794517182,0.0624594844545594,0.016));
#16084=CARTESIAN_POINT('',(-0.00712149688779395,0.0611385988952404,0.016));
#16085=CARTESIAN_POINT('',(-0.00686197441519749,0.0630297410116713,0.016));
#16086=CARTESIAN_POINT('',(-0.00686199129688359,0.0630295868089128,0.016));
#16087=CARTESIAN_POINT('',(-0.00712149688779395,0.0611385988952404,0.016));
#16088=CARTESIAN_POINT('',(-0.00692298455364342,0.0625127104941597,0.016));
#16089=CARTESIAN_POINT('',(-0.0066469700918135,0.0629536642054114,0.016));
#16090=CARTESIAN_POINT('',(-0.00664697011145608,0.062953664199541,0.016));
#16091=CARTESIAN_POINT('',(-0.00692298455364342,0.0625127104941597,0.016));
#16092=CARTESIAN_POINT('',(-0.00669550571433222,0.0628480279242799,0.016));
#16093=CARTESIAN_POINT('',(-0.00674386742472782,0.0627427700840071,0.016));
#16094=CARTESIAN_POINT('',(-0.00674386742472782,0.0627427700840071,0.016));
#16095=CARTESIAN_POINT('',(-0.00669550571433222,0.0628480279242799,0.016));
#16096=CARTESIAN_POINT('',(-0.00694854738430411,0.0624220312002572,0.016));
#16097=CARTESIAN_POINT('',(-0.0069014065616784,0.0627996524043703,0.016));
#16098=CARTESIAN_POINT('',(-0.00690140168349514,0.0627996951723801,0.016));
#16099=CARTESIAN_POINT('',(-0.00694854738430411,0.0624220312002572,0.016));
#16100=CARTESIAN_POINT('',(-0.00708797539178383,0.0612442716621824,0.016));
#16101=CARTESIAN_POINT('',(-0.00710202268836218,0.0628110348796431,0.016));
#16102=CARTESIAN_POINT('',(-0.00710202533802026,0.0628108410611697,0.016));
#16103=CARTESIAN_POINT('',(-0.00708797539178383,0.0612442716621824,0.016));
#16104=CARTESIAN_POINT('',(-0.00711191685019982,0.0624663674156872,0.016));
#16105=CARTESIAN_POINT('',(-0.00728231296634447,0.0627653017200648,0.016));
#16106=CARTESIAN_POINT('',(-0.00728239430173411,0.0627654475563333,0.016));
#16107=CARTESIAN_POINT('',(-0.00711191685019982,0.0624663674156872,0.016));
#16108=CARTESIAN_POINT('',(-0.00708450228851076,0.0624356047908138,0.016));
#16109=CARTESIAN_POINT('',(-0.00740812996980674,0.0626433466278558,0.016));
#16110=CARTESIAN_POINT('',(-0.00740816829375074,0.0626433707320493,0.016));
#16111=CARTESIAN_POINT('',(-0.00708450228851076,0.0624356047908138,0.016));
#16112=CARTESIAN_POINT('',(-0.00691348055679505,0.062328994705571,0.016));
#16113=CARTESIAN_POINT('',(-0.00748313235151527,0.0624681378120489,0.016));
#16114=CARTESIAN_POINT('',(-0.00748307630782726,0.0624681247021257,0.016));
#16115=CARTESIAN_POINT('',(-0.00691348055679505,0.062328994705571,0.016));
#16116=CARTESIAN_POINT('',(-0.00668354047957487,0.0622653597012889,0.016));
#16117=CARTESIAN_POINT('',(-0.00750848602265504,0.0622624640335126,0.016));
#16118=CARTESIAN_POINT('',(-0.00750848602265504,0.0622624640335125,0.016));
#16119=CARTESIAN_POINT('',(-0.00668354047957487,0.0622653597012889,0.016));
#16120=CARTESIAN_POINT('',(-0.00750025788595445,0.062250847240632,0.016));
#16121=CARTESIAN_POINT('',(-0.00749837673804139,0.0622650825835209,0.016));
#16122=CARTESIAN_POINT('',(-0.00749837858050859,0.0622650767610875,0.016));
#16123=CARTESIAN_POINT('',(-0.00750025788595445,0.062250847240632,0.016));
#16124=CARTESIAN_POINT('',(-0.00749645402614966,0.0622811579874423,0.016));
#16125=CARTESIAN_POINT('',(-0.00748821381369064,0.0622675216853651,0.016));
#16126=CARTESIAN_POINT('',(-0.00748821381369064,0.0622675216853651,0.016));
#16127=CARTESIAN_POINT('',(-0.00749645402614966,0.0622811579874423,0.016));
#16128=CARTESIAN_POINT('',(-0.00239414961212122,0.0613807049065187,0.016));
#16129=CARTESIAN_POINT('',(-0.00239414961212122,0.0615992077800598,0.016));
#16130=CARTESIAN_POINT('',(-0.00239414961212122,0.0615992077800598,0.016));
#16131=CARTESIAN_POINT('',(-0.00239414961212122,0.0613807049065187,0.016));
#16132=CARTESIAN_POINT('',(-0.00239414961212122,0.0611622020329776,0.016));
#16133=CARTESIAN_POINT('',(-0.00239414961212122,0.0611622020329776,0.016));
#16134=CARTESIAN_POINT('',(-0.00279924377674207,0.0615992077800598,0.016));
#16135=CARTESIAN_POINT('',(-0.00320433794136292,0.0615992077800598,0.016));
#16136=CARTESIAN_POINT('',(-0.00320433794136292,0.0615992077800598,0.016));
#16137=CARTESIAN_POINT('',(-0.00279924377674207,0.0615992077800598,0.016));
#16138=CARTESIAN_POINT('',(-0.00320433794136292,0.0617199433213467,0.016));
#16139=CARTESIAN_POINT('',(-0.00320433794136292,0.0618406788626336,0.016));
#16140=CARTESIAN_POINT('',(-0.00320433794136292,0.0618406788626336,0.016));
#16141=CARTESIAN_POINT('',(-0.00320433794136292,0.0617199433213467,0.016));
#16142=CARTESIAN_POINT('',(-0.00279924377674207,0.0624376490389966,0.016));
#16143=CARTESIAN_POINT('',(-0.00239414961212122,0.0630346192153596,0.016));
#16144=CARTESIAN_POINT('',(-0.00239414961212122,0.0630346192153596,0.016));
#16145=CARTESIAN_POINT('',(-0.00279924377674207,0.0624376490389966,0.016));
#16146=CARTESIAN_POINT('',(-0.00223906338652879,0.0630346192153596,0.016));
#16147=CARTESIAN_POINT('',(-0.00208397716093636,0.0630346192153596,0.016));
#16148=CARTESIAN_POINT('',(-0.00208397716093636,0.0630346192153596,0.016));
#16149=CARTESIAN_POINT('',(-0.00223906338652879,0.0630346192153596,0.016));
#16150=CARTESIAN_POINT('',(-0.00208397716093636,0.0624376490389966,0.016));
#16151=CARTESIAN_POINT('',(-0.00208397716093636,0.0618406788626336,0.016));
#16152=CARTESIAN_POINT('',(-0.00208397716093636,0.0618406788626336,0.016));
#16153=CARTESIAN_POINT('',(-0.00208397716093636,0.0624376490389966,0.016));
#16154=CARTESIAN_POINT('',(-0.00198620982868215,0.0618406788626336,0.016));
#16155=CARTESIAN_POINT('',(-0.00188844249642794,0.0618406788626336,0.016));
#16156=CARTESIAN_POINT('',(-0.00188844249642794,0.0618406788626336,0.016));
#16157=CARTESIAN_POINT('',(-0.00198620982868215,0.0618406788626336,0.016));
#16158=CARTESIAN_POINT('',(-0.00188844249642794,0.0617199433213467,0.016));
#16159=CARTESIAN_POINT('',(-0.00188844249642794,0.0615992077800598,0.016));
#16160=CARTESIAN_POINT('',(-0.00188844249642794,0.0615992077800598,0.016));
#16161=CARTESIAN_POINT('',(-0.00188844249642794,0.0617199433213467,0.016));
#16162=CARTESIAN_POINT('',(-0.00198620982868215,0.0615992077800598,0.016));
#16163=CARTESIAN_POINT('',(-0.00208397716093636,0.0615992077800598,0.016));
#16164=CARTESIAN_POINT('',(-0.00208397716093636,0.0615992077800598,0.016));
#16165=CARTESIAN_POINT('',(-0.00198620982868215,0.0615992077800598,0.016));
#16166=CARTESIAN_POINT('',(-0.00208397716093636,0.0613807049065187,0.016));
#16167=CARTESIAN_POINT('',(-0.00208397716093636,0.0611622020329776,0.016));
#16168=CARTESIAN_POINT('',(-0.00208397716093636,0.0611622020329776,0.016));
#16169=CARTESIAN_POINT('',(-0.00208397716093636,0.0613807049065187,0.016));
#16170=CARTESIAN_POINT('',(-0.0277536405814307,0.0533410042667491,0.016));
#16171=CARTESIAN_POINT('',(-0.0277493727248267,0.0549424557638258,0.016));
#16172=CARTESIAN_POINT('',(-0.0277493727248267,0.0549424557638258,0.016));
#16173=CARTESIAN_POINT('',(-0.0277536405814307,0.0533410042667491,0.016));
#16174=CARTESIAN_POINT('',(-0.02846412109004,0.0547762298382009,0.016));
#16175=CARTESIAN_POINT('',(-0.0284641478101495,0.0547762838148884,0.016));
#16176=CARTESIAN_POINT('',(-0.0277493727248267,0.0549424557638258,0.016));
#16177=CARTESIAN_POINT('',(-0.0277493727248267,0.0549424557638258,0.013));
#16178=CARTESIAN_POINT('',(-0.0274154574610045,0.0549424557638258,0.016));
#16179=CARTESIAN_POINT('',(-0.0274154574610045,0.0549424557638258,0.013));
#16180=CARTESIAN_POINT('',(-0.0271208263458673,0.0548748870280877,0.016));
#16181=CARTESIAN_POINT('',(-0.0271208263458673,0.0548748870280877,0.013));
#16182=CARTESIAN_POINT('',(-0.0268654793794151,0.0547397495566114,0.016));
#16183=CARTESIAN_POINT('',(-0.0268654793794151,0.0547397495566114,0.013));
#16184=CARTESIAN_POINT('',(-0.0268654793794151,0.0547397495566114,0.016));
#16185=CARTESIAN_POINT('',(-0.0268654793794151,0.0547397495566114,0.016));
#16186=CARTESIAN_POINT('',(-0.0277493727248267,0.0549424557638258,0.016));
#16187=CARTESIAN_POINT('',(-0.0272484998290934,0.0549424557638258,0.016));
#16188=CARTESIAN_POINT('',(-0.0268654793794151,0.0547397495566114,0.016));
#16189=CARTESIAN_POINT('',(-0.027708042595947,0.053114742075398,0.016));
#16190=CARTESIAN_POINT('',(-0.026236147317482,0.0542017531403708,0.016));
#16191=CARTESIAN_POINT('',(-0.0262359275944466,0.054201913525842,0.016));
#16192=CARTESIAN_POINT('',(-0.027708042595947,0.053114742075398,0.016));
#16193=CARTESIAN_POINT('',(-0.0279840811315537,0.0529387241208717,0.016));
#16194=CARTESIAN_POINT('',(-0.0258825899793174,0.0534280518320206,0.016));
#16195=CARTESIAN_POINT('',(-0.0258827416035501,0.0534280177389368,0.016));
#16196=CARTESIAN_POINT('',(-0.0279840811315537,0.0529387241208717,0.016));
#16197=CARTESIAN_POINT('',(-0.028197584910276,0.0528724495312703,0.016));
#16198=CARTESIAN_POINT('',(-0.0258429969646153,0.0525182309484769,0.016));
#16199=CARTESIAN_POINT('',(-0.0258429969646153,0.0525182309484769,0.016));
#16200=CARTESIAN_POINT('',(-0.028197584910276,0.0528724495312703,0.016));
#16201=CARTESIAN_POINT('',(-0.027286212611831,0.0525182309484769,0.016));
#16202=CARTESIAN_POINT('',(-0.0287295344020262,0.0525182309484769,0.016));
#16203=CARTESIAN_POINT('',(-0.0287295344020262,0.0525182309484769,0.016));
#16204=CARTESIAN_POINT('',(-0.027286212611831,0.0525182309484769,0.016));
#16205=CARTESIAN_POINT('',(-0.0276736808434943,0.0525054416970713,0.016));
#16206=CARTESIAN_POINT('',(-0.0286415157414621,0.0520839446847646,0.016));
#16207=CARTESIAN_POINT('',(-0.0286415705192978,0.0520839210854203,0.016));
#16208=CARTESIAN_POINT('',(-0.0276736808434943,0.0525054416970713,0.016));
#16209=CARTESIAN_POINT('',(-0.027668882534767,0.0525092057587098,0.016));
#16210=CARTESIAN_POINT('',(-0.0284016860137404,0.0517415833289752,0.016));
#16211=CARTESIAN_POINT('',(-0.02840176895823,0.051741495569081,0.016));
#16212=CARTESIAN_POINT('',(-0.027668882534767,0.0525092057587098,0.016));
#16213=CARTESIAN_POINT('',(-0.0276619683849262,0.0525315043300102,0.016));
#16214=CARTESIAN_POINT('',(-0.0280404682665822,0.0515170744192407,0.016));
#16215=CARTESIAN_POINT('',(-0.0280404619153012,0.0515170933165879,0.016));
#16216=CARTESIAN_POINT('',(-0.0276619683849262,0.0525315043300102,0.016));
#16217=CARTESIAN_POINT('',(-0.0276000324407416,0.0526860907810601,0.016));
#16218=CARTESIAN_POINT('',(-0.0275879148737315,0.0514363454936931,0.016));
#16219=CARTESIAN_POINT('',(-0.0275879126127178,0.0514363652325268,0.016));
#16220=CARTESIAN_POINT('',(-0.0276000324407416,0.0526860907810601,0.016));
#16221=CARTESIAN_POINT('',(-0.0276182413986219,0.0528672633189796,0.016));
#16222=CARTESIAN_POINT('',(-0.0273852086665171,0.0514546126228316,0.016));
#16223=CARTESIAN_POINT('',(-0.0273852140512841,0.0514546410277151,0.016));
#16224=CARTESIAN_POINT('',(-0.0276182413986219,0.0528672633189796,0.016));
#16225=CARTESIAN_POINT('',(-0.0276103609140206,0.0528611014199088,0.016));
#16226=CARTESIAN_POINT('',(-0.0271277010718871,0.0515206099926223,0.016));
#16227=CARTESIAN_POINT('',(-0.0271277174151545,0.0515206542315177,0.016));
#16228=CARTESIAN_POINT('',(-0.0276103609140206,0.0528611014199088,0.016));
#16229=CARTESIAN_POINT('',(-0.0277639862061095,0.053315691654199,0.016));
#16230=CARTESIAN_POINT('',(-0.0268548726592701,0.0516419980120588,0.016));
#16231=CARTESIAN_POINT('',(-0.0268549031847985,0.0516420547962595,0.016));
#16232=CARTESIAN_POINT('',(-0.0277639862061095,0.053315691654199,0.016));
#16233=CARTESIAN_POINT('',(-0.0273247739847979,0.052527210999471,0.016));
#16234=CARTESIAN_POINT('',(-0.0266155694954026,0.0518192704162082,0.016));
#16235=CARTESIAN_POINT('',(-0.0266155694962336,0.0518192704162932,0.016));
#16236=CARTESIAN_POINT('',(-0.0273247739847979,0.052527210999471,0.016));
#16237=CARTESIAN_POINT('',(-0.0264535850804533,0.0515724650688865,0.016));
#16238=CARTESIAN_POINT('',(-0.0262918988837684,0.0513261141001195,0.016));
#16239=CARTESIAN_POINT('',(-0.0262918988837684,0.0513261141001195,0.016));
#16240=CARTESIAN_POINT('',(-0.0264535850804533,0.0515724650688865,0.016));
#16241=CARTESIAN_POINT('',(-0.0275691063523123,0.0523273510187072,0.016));
#16242=CARTESIAN_POINT('',(-0.0268584082326517,0.0508688859659388,0.016));
#16243=CARTESIAN_POINT('',(-0.0268584082326517,0.0508688859659388,0.016));
#16244=CARTESIAN_POINT('',(-0.0275691063523123,0.0523273510187072,0.016));
#16245=CARTESIAN_POINT('',(-0.0268584082326517,0.0508688859659388,0.016));
#16246=CARTESIAN_POINT('',(-0.0268584082326517,0.0508688859659388,0.013));
#16247=CARTESIAN_POINT('',(-0.0270744710504191,0.0507655686548974,0.016));
#16248=CARTESIAN_POINT('',(-0.0270744710504191,0.0507655686548974,0.013));
#16249=CARTESIAN_POINT('',(-0.0273494600912138,0.0507139099993767,0.016));
#16250=CARTESIAN_POINT('',(-0.0273494600912138,0.0507139099993767,0.013));
#16251=CARTESIAN_POINT('',(-0.027683375355036,0.0507139099993767,0.016));
#16252=CARTESIAN_POINT('',(-0.027683375355036,0.0507139099993767,0.013));
#16253=CARTESIAN_POINT('',(-0.027683375355036,0.0507139099993767,0.016));
#16254=CARTESIAN_POINT('',(-0.027683375355036,0.0507139099993767,0.016));
#16255=CARTESIAN_POINT('',(-0.0268584082326517,0.0508688859659388,0.016));
#16256=CARTESIAN_POINT('',(-0.0271825024593027,0.0507139099993767,0.016));
#16257=CARTESIAN_POINT('',(-0.027683375355036,0.0507139099993767,0.016));
#16258=CARTESIAN_POINT('',(-0.0276968643703247,0.0524804032432892,0.016));
#16259=CARTESIAN_POINT('',(-0.0284423451076293,0.0508794926860838,0.016));
#16260=CARTESIAN_POINT('',(-0.0284423387309625,0.0508795076154921,0.016));
#16261=CARTESIAN_POINT('',(-0.0276968643703247,0.0524804032432892,0.016));
#16262=CARTESIAN_POINT('',(-0.0276847223452839,0.0525197425269903,0.016));
#16263=CARTESIAN_POINT('',(-0.0290463388936606,0.0513326353411648,0.016));
#16264=CARTESIAN_POINT('',(-0.0290464905920003,0.0513325044119892,0.016));
#16265=CARTESIAN_POINT('',(-0.0276847223452839,0.0525197425269903,0.016));
#16266=CARTESIAN_POINT('',(-0.0273564123772574,0.0527853534297347,0.016));
#16267=CARTESIAN_POINT('',(-0.0294440908990958,0.0520032157592171,0.016));
#16268=CARTESIAN_POINT('',(-0.0294440815006068,0.0520032187935682,0.016));
#16269=CARTESIAN_POINT('',(-0.0273564123772574,0.0527853534297347,0.016));
#16270=CARTESIAN_POINT('',(-0.0273122926480911,0.0528067651922933,0.016));
#16271=CARTESIAN_POINT('',(-0.0295914064566644,0.0528281828816012,0.016));
#16272=CARTESIAN_POINT('',(-0.0295911328468576,0.05282818083231,0.016));
#16273=CARTESIAN_POINT('',(-0.0273122926480911,0.0528067651922933,0.016));
#16274=CARTESIAN_POINT('',(-0.0273046966012759,0.0528438663685809,0.016));
#16275=CARTESIAN_POINT('',(-0.0294440908990958,0.0536496144306037,0.016));
#16276=CARTESIAN_POINT('',(-0.0294439631334692,0.0536495681337833,0.016));
#16277=CARTESIAN_POINT('',(-0.0273046966012759,0.0528438663685809,0.016));
#16278=CARTESIAN_POINT('',(-0.0273314075493866,0.0528686896744812,0.016));
#16279=CARTESIAN_POINT('',(-0.0290498744670423,0.0543231411598074,0.016));
#16280=CARTESIAN_POINT('',(-0.0290500300388429,0.0543232716368349,0.016));
#16281=CARTESIAN_POINT('',(-0.0273314075493866,0.0528686896744812,0.016));
#16282=CARTESIAN_POINT('',(-0.00752201204692402,0.0544407963148998,0.016));
#16283=CARTESIAN_POINT('',(-0.00731231416232987,0.0536014166303018,0.0145));
#16284=CARTESIAN_POINT('',(-0.00731231416232987,0.0536014166303018,0.016));
#16285=CARTESIAN_POINT('',(-0.00752201204692402,0.0544407963148998,0.016));
#16286=CARTESIAN_POINT('',(-0.00703868411541376,0.0537228460911793,0.0159999999999996));
#16287=CARTESIAN_POINT('',(-0.00703857311737229,0.0537226829471578,0.016));
#16288=CARTESIAN_POINT('',(-0.00750521291198274,0.0523482192554575,0.016));
#16289=CARTESIAN_POINT('',(-0.00695371935621278,0.0534905136284296,0.016));
#16290=CARTESIAN_POINT('',(-0.00695376736653602,0.0534904196241402,0.016));
#16291=CARTESIAN_POINT('',(-0.00750521291198274,0.0523482192554575,0.016));
#16292=CARTESIAN_POINT('',(-0.0074975508684623,0.0523383801763252,0.016));
#16293=CARTESIAN_POINT('',(-0.00659662644466649,0.053240077180563,0.016));
#16294=CARTESIAN_POINT('',(-0.00659661389423885,0.0532400899718774,0.016));
#16295=CARTESIAN_POINT('',(-0.0074975508684623,0.0523383801763252,0.016));
#16296=CARTESIAN_POINT('',(-0.00756723254702456,0.052267421582268,0.016));
#16297=CARTESIAN_POINT('',(-0.00632026245866779,0.0528464500107397,0.016));
#16298=CARTESIAN_POINT('',(-0.00632026245866779,0.0528464500107397,0.016));
#16299=CARTESIAN_POINT('',(-0.00756723254702456,0.052267421582268,0.016));
#16300=CARTESIAN_POINT('',(-0.00632026245866779,0.0528464500107397,0.016));
#16301=CARTESIAN_POINT('',(-0.00632026245866779,0.0528464500107397,0.013));
#16302=CARTESIAN_POINT('',(-0.00624640825914007,0.0526920633064078,0.016));
#16303=CARTESIAN_POINT('',(-0.00624640825914007,0.0526920633064078,0.013));
#16304=CARTESIAN_POINT('',(-0.00620948115937621,0.0525139096921215,0.016));
#16305=CARTESIAN_POINT('',(-0.00620948115937621,0.0525139096921215,0.013));
#16306=CARTESIAN_POINT('',(-0.00620948115937621,0.0523119891678808,0.016));
#16307=CARTESIAN_POINT('',(-0.00620948115937621,0.0523119891678808,0.013));
#16308=CARTESIAN_POINT('',(-0.00620948115937621,0.0523119891678808,0.016));
#16309=CARTESIAN_POINT('',(-0.00620948115937621,0.0523119891678808,0.016));
#16310=CARTESIAN_POINT('',(-0.00632026245866779,0.0528464500107397,0.016));
#16311=CARTESIAN_POINT('',(-0.00620948115937621,0.0526148699542419,0.016));
#16312=CARTESIAN_POINT('',(-0.00620948115937621,0.0523119891678808,0.016));
#16313=CARTESIAN_POINT('',(-0.00620948115937621,0.0523119891678808,0.016));
#16314=CARTESIAN_POINT('',(-0.00620948115937621,0.0523119891678808,0.013));
#16315=CARTESIAN_POINT('',(-0.00620948115937621,0.0520668560800867,0.016));
#16316=CARTESIAN_POINT('',(-0.00620948115937621,0.0520668560800867,0.013));
#16317=CARTESIAN_POINT('',(-0.00624640825914007,0.0518559002016484,0.016));
#16318=CARTESIAN_POINT('',(-0.00624640825914007,0.0518559002016484,0.013));
#16319=CARTESIAN_POINT('',(-0.00632026245866779,0.0516791215325661,0.016));
#16320=CARTESIAN_POINT('',(-0.00632026245866779,0.0516791215325661,0.013));
#16321=CARTESIAN_POINT('',(-0.00632026245866779,0.0516791215325661,0.016));
#16322=CARTESIAN_POINT('',(-0.00632026245866779,0.0516791215325661,0.016));
#16323=CARTESIAN_POINT('',(-0.00620948115937621,0.0523119891678808,0.016));
#16324=CARTESIAN_POINT('',(-0.00620948115937621,0.0519442895361896,0.016));
#16325=CARTESIAN_POINT('',(-0.00632026245866779,0.0516791215325661,0.016));
#16326=CARTESIAN_POINT('',(-0.00764287803709321,0.0522016860790331,0.016));
#16327=CARTESIAN_POINT('',(-0.00659662644466649,0.051240710433242,0.016));
#16328=CARTESIAN_POINT('',(-0.00659646672304999,0.0512405658838006,0.016));
#16329=CARTESIAN_POINT('',(-0.00764287803709321,0.0522016860790331,0.016));
#16330=CARTESIAN_POINT('',(-0.00757873185437752,0.0521611719918449,0.016));
#16331=CARTESIAN_POINT('',(-0.00695725492959442,0.0509678820206249,0.016));
#16332=CARTESIAN_POINT('',(-0.00695724836716586,0.0509678693231997,0.016));
#16333=CARTESIAN_POINT('',(-0.00757873185437752,0.0521611719918449,0.016));
#16334=CARTESIAN_POINT('',(-0.00791855055803201,0.0528126290126533,0.016));
#16335=CARTESIAN_POINT('',(-0.00733320423250949,0.0508170308896747,0.016));
#16336=CARTESIAN_POINT('',(-0.00733322107600545,0.0508170835476254,0.016));
#16337=CARTESIAN_POINT('',(-0.00791855055803201,0.0528126290126533,0.016));
#16338=CARTESIAN_POINT('',(-0.0078223946588597,0.0524524009803278,0.016));
#16339=CARTESIAN_POINT('',(-0.00765376288577876,0.0507545690932656,0.016));
#16340=CARTESIAN_POINT('',(-0.00765375013919488,0.0507544564487187,0.016));
#16341=CARTESIAN_POINT('',(-0.0078223946588597,0.0524524009803278,0.016));
#16342=CARTESIAN_POINT('',(-0.00795487376565374,0.0540523574923913,0.016));
#16343=CARTESIAN_POINT('',(-0.00783820196385465,0.0507433731108904,0.016));
#16344=CARTESIAN_POINT('',(-0.00783819700968322,0.0507432326032817,0.01599999975));
#16345=CARTESIAN_POINT('',(-0.00795487376565374,0.0540523574923913,0.016));
#16346=CARTESIAN_POINT('',(-0.00885821488445964,0.0507433731108904,0.016));
#16347=CARTESIAN_POINT('',(-0.00987822780506463,0.0507433731108904,0.016));
#16348=CARTESIAN_POINT('',(-0.00987822780506463,0.0507433731108904,0.016));
#16349=CARTESIAN_POINT('',(-0.00885821488445964,0.0507433731108904,0.016));
#16350=CARTESIAN_POINT('',(-0.00987822780506463,0.0534575149435343,0.016));
#16351=CARTESIAN_POINT('',(-0.00987822780506463,0.0561716567761782,0.016));
#16352=CARTESIAN_POINT('',(-0.00987822780506463,0.0561716567761782,0.016));
#16353=CARTESIAN_POINT('',(-0.00987822780506463,0.0534575149435343,0.016));
#16354=CARTESIAN_POINT('',(-0.00909745534995104,0.0561716567761782,0.016));
#16355=CARTESIAN_POINT('',(-0.00831668289483746,0.0561716567761782,0.016));
#16356=CARTESIAN_POINT('',(-0.00831668267693389,0.056171585772111,0.016));
#16357=CARTESIAN_POINT('',(-0.00909745534995104,0.0561716567761782,0.016));
#16358=CARTESIAN_POINT('',(-0.00830820066681352,0.0534077154498618,0.016));
#16359=CARTESIAN_POINT('',(-0.0076461024767852,0.0560909278506306,0.016));
#16360=CARTESIAN_POINT('',(-0.00764614274675654,0.0560907552230905,0.016));
#16361=CARTESIAN_POINT('',(-0.00830820066681352,0.0534077154498618,0.016));
#16362=CARTESIAN_POINT('',(-0.00803882640788805,0.0544392454829424,0.016));
#16363=CARTESIAN_POINT('',(-0.00707157180226765,0.0558334202560007,0.016));
#16364=CARTESIAN_POINT('',(-0.00707145633258499,0.0558335868061746,0.016));
#16365=CARTESIAN_POINT('',(-0.00803882640788805,0.0544392454829424,0.016));
#16366=CARTESIAN_POINT('',(-0.00780596610072037,0.0547981959622949,0.016));
#16367=CARTESIAN_POINT('',(-0.00667381979683243,0.0553732064541564,0.016));
#16368=CARTESIAN_POINT('',(-0.00667381979683243,0.0553732064541564,0.016));
#16369=CARTESIAN_POINT('',(-0.00780596610072037,0.0547981959622949,0.016));
#16370=CARTESIAN_POINT('',(-0.00667381979683243,0.0553732064541564,0.016));
#16371=CARTESIAN_POINT('',(-0.00667381979683243,0.0553732064541564,0.013));
#16372=CARTESIAN_POINT('',(-0.00657560942512003,0.0551842496989817,0.016));
#16373=CARTESIAN_POINT('',(-0.00657560942512003,0.0551842496989817,0.013));
#16374=CARTESIAN_POINT('',(-0.00652650423926383,0.0549593479477603,0.016));
#16375=CARTESIAN_POINT('',(-0.00652650423926383,0.0549593479477603,0.013));
#16376=CARTESIAN_POINT('',(-0.00652650423926383,0.0546985012004922,0.016));
#16377=CARTESIAN_POINT('',(-0.00652650423926383,0.0546985012004922,0.013));
#16378=CARTESIAN_POINT('',(-0.00652650423926383,0.0546985012004922,0.016));
#16379=CARTESIAN_POINT('',(-0.00652650423926383,0.0546985012004922,0.016));
#16380=CARTESIAN_POINT('',(-0.00667381979683243,0.0553732064541564,0.016));
#16381=CARTESIAN_POINT('',(-0.00652650423926383,0.0550897713213944,0.016));
#16382=CARTESIAN_POINT('',(-0.00652650423926383,0.0546985012004922,0.016));
#16383=CARTESIAN_POINT('',(-0.00765757699117769,0.0546825605418554,0.016));
#16384=CARTESIAN_POINT('',(-0.00660016201804813,0.0542830713281487,0.016));
#16385=CARTESIAN_POINT('',(-0.00660011721269895,0.0542830547866215,0.016));
#16386=CARTESIAN_POINT('',(-0.00765757699117769,0.0546825605418554,0.016));
#16387=CARTESIAN_POINT('',(-0.00779602595247472,0.0547368639718403,0.016));
#16388=CARTESIAN_POINT('',(-0.00678460109612402,0.0539548522658859,0.016));
#16389=CARTESIAN_POINT('',(-0.00678454139606917,0.0539548069041088,0.016));
#16390=CARTESIAN_POINT('',(-0.00779602595247472,0.0547368639718403,0.016));
#16391=CARTESIAN_POINT('',(0.0193644996345328,0.0561716567761782,0.016));
#16392=CARTESIAN_POINT('',(0.0198135174540019,0.0561716567761782,0.016));
#16393=CARTESIAN_POINT('',(0.0198135174540019,0.0561716567761782,0.016));
#16394=CARTESIAN_POINT('',(0.0193644996345328,0.0561716567761782,0.016));
#16395=CARTESIAN_POINT('',(0.0189154818150637,0.0561716567761782,0.016));
#16396=CARTESIAN_POINT('',(0.0189154818150637,0.0561716567761782,0.016));
#16397=CARTESIAN_POINT('',(0.0198135174540019,0.0534575149435343,0.016));
#16398=CARTESIAN_POINT('',(0.0198135174540019,0.0507433731108904,0.016));
#16399=CARTESIAN_POINT('',(0.0198135174540019,0.0507433731108904,0.016));
#16400=CARTESIAN_POINT('',(0.0198135174540019,0.0534575149435343,0.016));
#16401=CARTESIAN_POINT('',(0.0193644996345328,0.0507433731108904,0.016));
#16402=CARTESIAN_POINT('',(0.0189154818150637,0.0507433731108904,0.016));
#16403=CARTESIAN_POINT('',(0.0189154818150637,0.0507433731108904,0.016));
#16404=CARTESIAN_POINT('',(0.0193644996345328,0.0507433731108904,0.016));
#16405=CARTESIAN_POINT('',(0.0178512742271882,0.0526142806920116,0.016));
#16406=CARTESIAN_POINT('',(0.0167870666393126,0.0544851882731328,0.016));
#16407=CARTESIAN_POINT('',(0.0167870666393126,0.0544851882731328,0.016));
#16408=CARTESIAN_POINT('',(0.0178512742271882,0.0526142806920116,0.016));
#16409=CARTESIAN_POINT('',(0.0167870666393126,0.0526142806920116,0.016));
#16410=CARTESIAN_POINT('',(0.0167870666393126,0.0507433731108904,0.016));
#16411=CARTESIAN_POINT('',(0.0167870666393126,0.0507433731108904,0.016));
#16412=CARTESIAN_POINT('',(0.0167870666393126,0.0526142806920116,0.016));
#16413=CARTESIAN_POINT('',(0.0163374595576132,0.0507433731108904,0.016));
#16414=CARTESIAN_POINT('',(0.0158878524759139,0.0507433731108904,0.016));
#16415=CARTESIAN_POINT('',(0.0158878524759139,0.0507433731108904,0.016));
#16416=CARTESIAN_POINT('',(0.0163374595576132,0.0507433731108904,0.016));
#16417=CARTESIAN_POINT('',(0.0158878524759139,0.0534575149435343,0.016));
#16418=CARTESIAN_POINT('',(0.0158878524759139,0.0561716567761782,0.016));
#16419=CARTESIAN_POINT('',(0.0158878524759139,0.0561716567761782,0.016));
#16420=CARTESIAN_POINT('',(0.0158878524759139,0.0534575149435343,0.016));
#16421=CARTESIAN_POINT('',(0.0163374595576132,0.0561716567761782,0.016));
#16422=CARTESIAN_POINT('',(0.0167870666393126,0.0561716567761782,0.016));
#16423=CARTESIAN_POINT('',(0.0167870666393126,0.0561716567761782,0.016));
#16424=CARTESIAN_POINT('',(0.0163374595576132,0.0561716567761782,0.016));
#16425=CARTESIAN_POINT('',(0.0178512742271882,0.0543007491950569,0.016));
#16426=CARTESIAN_POINT('',(0.0189154818150637,0.0524298416139357,0.016));
#16427=CARTESIAN_POINT('',(0.0189154818150637,0.0524298416139357,0.016));
#16428=CARTESIAN_POINT('',(0.0178512742271882,0.0543007491950569,0.016));
#16429=CARTESIAN_POINT('',(0.0240638659209711,0.0529419104920442,0.016));
#16430=CARTESIAN_POINT('',(0.0240638659209711,0.0529419104920442,0.013));
#16431=CARTESIAN_POINT('',(0.024176611427697,0.0527576678347117,0.016));
#16432=CARTESIAN_POINT('',(0.024176611427697,0.0527576678347117,0.013));
#16433=CARTESIAN_POINT('',(0.0242329841810599,0.0525209808388848,0.016));
#16434=CARTESIAN_POINT('',(0.0242329841810599,0.0525209808388848,0.013));
#16435=CARTESIAN_POINT('',(0.0242329841810599,0.0522318495045635,0.016));
#16436=CARTESIAN_POINT('',(0.0242329841810599,0.0522318495045635,0.013));
#16437=CARTESIAN_POINT('',(0.0242329841810599,0.0522318495045635,0.016));
#16438=CARTESIAN_POINT('',(0.0242329841810599,0.0522318495045635,0.016));
#16439=CARTESIAN_POINT('',(0.0240638659209711,0.0529419104920442,0.016));
#16440=CARTESIAN_POINT('',(0.0242329841810599,0.0526655465060455,0.016));
#16441=CARTESIAN_POINT('',(0.0242329841810599,0.0522318495045635,0.016));
#16442=CARTESIAN_POINT('',(0.0240638659209711,0.0529419104920442,0.016));
#16443=CARTESIAN_POINT('',(0.0240638659209711,0.0529419104920442,0.016));
#16444=CARTESIAN_POINT('',(0.0228281302666668,0.0522327463757644,0.016));
#16445=CARTESIAN_POINT('',(0.0241115961616234,0.0516608544034276,0.016));
#16446=CARTESIAN_POINT('',(0.0241115125384951,0.0516608919818886,0.016));
#16447=CARTESIAN_POINT('',(0.0228281302666668,0.0522327463757644,0.016));
#16448=CARTESIAN_POINT('',(0.0227467085934361,0.0522587433201479,0.016));
#16449=CARTESIAN_POINT('',(0.023769234805834,0.0511747130634512,0.016));
#16450=CARTESIAN_POINT('',(0.0237694354730241,0.0511744943699574,0.016));
#16451=CARTESIAN_POINT('',(0.0227467085934361,0.0522587433201479,0.016));
#16452=CARTESIAN_POINT('',(0.0226550976081858,0.0523822994632777,0.016));
#16453=CARTESIAN_POINT('',(0.0232241672428301,0.0508394228544251,0.016));
#16454=CARTESIAN_POINT('',(0.0232241672428301,0.0508394228544251,0.016));
#16455=CARTESIAN_POINT('',(0.0226550976081858,0.0523822994632777,0.016));
#16456=CARTESIAN_POINT('',(0.0232241672428301,0.0508394228544251,0.016));
#16457=CARTESIAN_POINT('',(0.0232241672428301,0.0508394228544251,0.013));
#16458=CARTESIAN_POINT('',(0.0230081044250628,0.0507557476177262,0.016));
#16459=CARTESIAN_POINT('',(0.0230081044250628,0.0507557476177262,0.013));
#16460=CARTESIAN_POINT('',(0.0227625784957818,0.0507139099993767,0.016));
#16461=CARTESIAN_POINT('',(0.0227625784957818,0.0507139099993767,0.013));
#16462=CARTESIAN_POINT('',(0.0224875894549871,0.0507139099993767,0.016));
#16463=CARTESIAN_POINT('',(0.0224875894549871,0.0507139099993767,0.013));
#16464=CARTESIAN_POINT('',(0.0224875894549871,0.0507139099993767,0.016));
#16465=CARTESIAN_POINT('',(0.0224875894549871,0.0507139099993767,0.016));
#16466=CARTESIAN_POINT('',(0.0232241672428301,0.0508394228544251,0.016));
#16467=CARTESIAN_POINT('',(0.0229000730161792,0.0507139099993767,0.016));
#16468=CARTESIAN_POINT('',(0.0224875894549871,0.0507139099993767,0.016));
#16469=CARTESIAN_POINT('',(0.0224947812798802,0.0544877972196644,0.016));
#16470=CARTESIAN_POINT('',(0.0221228361344473,0.0507321771285152,0.016));
#16471=CARTESIAN_POINT('',(0.0221228365272535,0.0507321809716691,0.016));
#16472=CARTESIAN_POINT('',(0.0224947812798802,0.0544877972196644,0.016));
#16473=CARTESIAN_POINT('',(0.0224135047176168,0.053678112894045,0.016));
#16474=CARTESIAN_POINT('',(0.0217433512581506,0.0507946389249243,0.016));
#16475=CARTESIAN_POINT('',(0.0217433583846936,0.050794669803472,0.016));
#16476=CARTESIAN_POINT('',(0.0224135047176168,0.053678112894045,0.016));
#16477=CARTESIAN_POINT('',(0.0221781644117686,0.0526992975182402,0.016));
#16478=CARTESIAN_POINT('',(0.021379187199841,0.0509166162065911,0.016));
#16479=CARTESIAN_POINT('',(0.021379232111664,0.0509167198254746,0.016));
#16480=CARTESIAN_POINT('',(0.0221781644117686,0.0526992975182402,0.016));
#16481=CARTESIAN_POINT('',(0.0218642241726584,0.0520253774920516,0.016));
#16482=CARTESIAN_POINT('',(0.0210803581702906,0.0511037037668574,0.016));
#16483=CARTESIAN_POINT('',(0.0210803581732909,0.0511037037678275,0.016));
#16484=CARTESIAN_POINT('',(0.0218642241726584,0.0520253774920516,0.016));
#16485=CARTESIAN_POINT('',(0.0211582138634881,0.051421024675706,0.016));
#16486=CARTESIAN_POINT('',(0.021235896916702,0.0517376419683505,0.016));
#16487=CARTESIAN_POINT('',(0.021235896916702,0.0517376419683505,0.016));
#16488=CARTESIAN_POINT('',(0.0211582138634881,0.051421024675706,0.016));
#16489=CARTESIAN_POINT('',(0.0219987623665554,0.0531351967795468,0.016));
#16490=CARTESIAN_POINT('',(0.0214970396458958,0.0516237308829203,0.016));
#16491=CARTESIAN_POINT('',(0.0214970910307797,0.0516238903498658,0.016));
#16492=CARTESIAN_POINT('',(0.0219987623665554,0.0531351967795468,0.016));
#16493=CARTESIAN_POINT('',(0.0233479805504948,0.0569346180643951,0.016));
#16494=CARTESIAN_POINT('',(0.0218246694459284,0.0515206099926223,0.016));
#16495=CARTESIAN_POINT('',(0.0218246721771606,0.0515206196913805,0.016));
#16496=CARTESIAN_POINT('',(0.0233479805504948,0.0569346180643951,0.016));
#16497=CARTESIAN_POINT('',(0.0227414265347981,0.0547610117203807,0.016));
#16498=CARTESIAN_POINT('',(0.0221634952283362,0.0514434166404564,0.016));
#16499=CARTESIAN_POINT('',(0.0221635098211777,0.0514434967295592,0.016));
#16500=CARTESIAN_POINT('',(0.0227414265347981,0.0547610117203807,0.016));
#16501=CARTESIAN_POINT('',(0.0224960109341778,0.0532780326142165,0.016));
#16502=CARTESIAN_POINT('',(0.0224805183082238,0.0514139535289427,0.016));
#16503=CARTESIAN_POINT('',(0.0224805183082238,0.0514139535289427,0.016));
#16504=CARTESIAN_POINT('',(0.0224960109341778,0.0532780326142165,0.016));
#16505=CARTESIAN_POINT('',(0.0224805183082238,0.0514139535289427,0.016));
#16506=CARTESIAN_POINT('',(0.0224805183082238,0.0514139535289427,0.013));
#16507=CARTESIAN_POINT('',(0.0227798635212032,0.0514139535289427,0.016));
#16508=CARTESIAN_POINT('',(0.0227798635212032,0.0514139535289427,0.013));
#16509=CARTESIAN_POINT('',(0.0230092829495234,0.0514838793136019,0.016));
#16510=CARTESIAN_POINT('',(0.0230092829495234,0.0514838793136019,0.013));
#16511=CARTESIAN_POINT('',(0.0231687765931843,0.0516237308829203,0.016));
#16512=CARTESIAN_POINT('',(0.0231687765931843,0.0516237308829203,0.013));
#16513=CARTESIAN_POINT('',(0.0231687765931843,0.0516237308829203,0.016));
#16514=CARTESIAN_POINT('',(0.0231687765931843,0.0516237308829203,0.016));
#16515=CARTESIAN_POINT('',(0.0224805183082238,0.0514139535289427,0.016));
#16516=CARTESIAN_POINT('',(0.022929536127693,0.0514139535289427,0.016));
#16517=CARTESIAN_POINT('',(0.0231687765931843,0.0516237308829203,0.016));
#16518=CARTESIAN_POINT('',(0.0231687765931843,0.0516237308829203,0.016));
#16519=CARTESIAN_POINT('',(0.0231687765931843,0.0516237308829203,0.013));
#16520=CARTESIAN_POINT('',(0.0233282702368453,0.0517635824522388,0.016));
#16521=CARTESIAN_POINT('',(0.0233282702368453,0.0517635824522388,0.013));
#16522=CARTESIAN_POINT('',(0.0234080170586757,0.0519710027572954,0.016));
#16523=CARTESIAN_POINT('',(0.0234080170586757,0.0519710027572954,0.013));
#16524=CARTESIAN_POINT('',(0.0234080170586757,0.0522459917980901,0.016));
#16525=CARTESIAN_POINT('',(0.0234080170586757,0.0522459917980901,0.013));
#16526=CARTESIAN_POINT('',(0.0234080170586757,0.0522459917980901,0.016));
#16527=CARTESIAN_POINT('',(0.0234080170586757,0.0522459917980901,0.016));
#16528=CARTESIAN_POINT('',(0.0231687765931843,0.0516237308829203,0.016));
#16529=CARTESIAN_POINT('',(0.0234080170586757,0.051833508236898,0.016));
#16530=CARTESIAN_POINT('',(0.0234080170586757,0.0522459917980901,0.016));
#16531=CARTESIAN_POINT('',(0.0228127954132558,0.0522586474795834,0.016));
#16532=CARTESIAN_POINT('',(0.023238898798587,0.0526737961772693,0.016));
#16533=CARTESIAN_POINT('',(0.0232390868202947,0.0526739822087908,0.016));
#16534=CARTESIAN_POINT('',(0.0228127954132558,0.0522586474795834,0.016));
#16535=CARTESIAN_POINT('',(0.0219468342500443,0.0513983578671755,0.016));
#16536=CARTESIAN_POINT('',(0.02281580851725,0.0529937655683083,0.016));
#16537=CARTESIAN_POINT('',(0.0228156932092815,0.0529935488413248,0.016));
#16538=CARTESIAN_POINT('',(0.0219468342500443,0.0513983578671755,0.016));
#16539=CARTESIAN_POINT('',(0.0176941909820522,0.0438639748038924,0.016));
#16540=CARTESIAN_POINT('',(0.0222672053808645,0.053280736274452,0.016));
#16541=CARTESIAN_POINT('',(0.02226719504398,0.0532807148969023,0.016));
#16542=CARTESIAN_POINT('',(0.0176941909820522,0.0438639748038924,0.016));
#16543=CARTESIAN_POINT('',(0.0237350909373301,0.0562962573492316,0.016));
#16544=CARTESIAN_POINT('',(0.0217144774088671,0.0536195620568597,0.016));
#16545=CARTESIAN_POINT('',(0.021714520679943,0.0536196199925257,0.016));
#16546=CARTESIAN_POINT('',(0.0237350909373301,0.0562962573492316,0.016));
#16547=CARTESIAN_POINT('',(0.0227690464880013,0.0550279712036606,0.016));
#16548=CARTESIAN_POINT('',(0.0212872622919182,0.054079775858704,0.016));
#16549=CARTESIAN_POINT('',(0.0212872622919182,0.054079775858704,0.016));
#16550=CARTESIAN_POINT('',(0.0227690464880013,0.0550279712036606,0.016));
#16551=CARTESIAN_POINT('',(0.0212872622919182,0.054079775858704,0.016));
#16552=CARTESIAN_POINT('',(0.0212872622919182,0.054079775858704,0.013));
#16553=CARTESIAN_POINT('',(0.0211745167851923,0.0542565545277863,0.016));
#16554=CARTESIAN_POINT('',(0.0211745167851923,0.0542565545277863,0.013));
#16555=CARTESIAN_POINT('',(0.0211181440318294,0.0544777242848827,0.016));
#16556=CARTESIAN_POINT('',(0.0211181440318294,0.0544777242848827,0.013));
#16557=CARTESIAN_POINT('',(0.0211181440318294,0.054743285129993,0.016));
#16558=CARTESIAN_POINT('',(0.0211181440318294,0.054743285129993,0.013));
#16559=CARTESIAN_POINT('',(0.0211181440318294,0.054743285129993,0.016));
#16560=CARTESIAN_POINT('',(0.0211181440318294,0.054743285129993,0.016));
#16561=CARTESIAN_POINT('',(0.0212872622919182,0.054079775858704,0.016));
#16562=CARTESIAN_POINT('',(0.0211181440318294,0.0543449438623275,0.016));
#16563=CARTESIAN_POINT('',(0.0211181440318294,0.054743285129993,0.016));
#16564=CARTESIAN_POINT('',(0.0211181440318294,0.054743285129993,0.016));
#16565=CARTESIAN_POINT('',(0.0211181440318294,0.054743285129993,0.013));
#16566=CARTESIAN_POINT('',(0.0211181440318294,0.054983704119945,0.016));
#16567=CARTESIAN_POINT('',(0.0211181440318294,0.054983704119945,0.013));
#16568=CARTESIAN_POINT('',(0.0211623386991,0.0551972134680478,0.016));
#16569=CARTESIAN_POINT('',(0.0211623386991,0.0551972134680478,0.013));
#16570=CARTESIAN_POINT('',(0.0212507280336411,0.0553838131743013,0.016));
#16571=CARTESIAN_POINT('',(0.0212507280336411,0.0553838131743013,0.013));
#16572=CARTESIAN_POINT('',(0.0212507280336411,0.0553838131743013,0.016));
#16573=CARTESIAN_POINT('',(0.0212507280336411,0.0553838131743013,0.016));
#16574=CARTESIAN_POINT('',(0.0211181440318294,0.054743285129993,0.016));
#16575=CARTESIAN_POINT('',(0.0211181440318294,0.055103913614921,0.016));
#16576=CARTESIAN_POINT('',(0.0212507280336411,0.0553838131743013,0.016));
#16577=CARTESIAN_POINT('',(0.0225505323566634,0.0547795899883839,0.016));
#16578=CARTESIAN_POINT('',(0.0216078209451875,0.0558587585319025,0.016));
#16579=CARTESIAN_POINT('',(0.0216077360045215,0.0558588563936097,0.016));
#16580=CARTESIAN_POINT('',(0.0225505323566634,0.0547795899883839,0.016));
#16581=CARTESIAN_POINT('',(0.0226313634724386,0.0546685708679226,0.016));
#16582=CARTESIAN_POINT('',(0.0221304965434409,0.0561569252204213,0.016));
#16583=CARTESIAN_POINT('',(0.0221305185814496,0.0561568570352781,0.016));
#16584=CARTESIAN_POINT('',(0.0226313634724386,0.0546685708679226,0.016));
#16585=CARTESIAN_POINT('',(0.0227485890582429,0.0543483869888816,0.016));
#16586=CARTESIAN_POINT('',(0.0227598286053739,0.0562600461107193,0.016));
#16587=CARTESIAN_POINT('',(0.022759827668745,0.0562599633272489,0.016));
#16588=CARTESIAN_POINT('',(0.0227485890582429,0.0543483869888816,0.016));
#16589=CARTESIAN_POINT('',(0.0227533811321685,0.052409880645615,0.016));
#16590=CARTESIAN_POINT('',(0.023445140579183,0.0561975843143102,0.016));
#16591=CARTESIAN_POINT('',(0.023445140579183,0.0561975843143102,0.016));
#16592=CARTESIAN_POINT('',(0.0227533811321685,0.052409880645615,0.016));
#16593=CARTESIAN_POINT('',(0.023445140579183,0.0561975843143102,0.016));
#16594=CARTESIAN_POINT('',(0.023445140579183,0.0561975843143102,0.013));
#16595=CARTESIAN_POINT('',(0.0236757385319637,0.0561559431167042,0.016));
#16596=CARTESIAN_POINT('',(0.0236757385319637,0.0561559431167042,0.013));
#16597=CARTESIAN_POINT('',(0.0238625346589607,0.0560883743809661,0.016));
#16598=CARTESIAN_POINT('',(0.0238625346589607,0.0560883743809661,0.013));
#16599=CARTESIAN_POINT('',(0.024005528960174,0.0559948781070958,0.016));
#16600=CARTESIAN_POINT('',(0.024005528960174,0.0559948781070958,0.013));
#16601=CARTESIAN_POINT('',(0.024005528960174,0.0559948781070958,0.016));
#16602=CARTESIAN_POINT('',(0.024005528960174,0.0559948781070958,0.016));
#16603=CARTESIAN_POINT('',(0.023445140579183,0.0561975843143102,0.016));
#16604=CARTESIAN_POINT('',(0.0237910375083541,0.0561351225179012,0.016));
#16605=CARTESIAN_POINT('',(0.024005528960174,0.0559948781070958,0.016));
#16606=CARTESIAN_POINT('',(0.0182641449659569,0.0587049838273643,0.016));
#16607=CARTESIAN_POINT('',(0.0239018188076457,0.0557851007531182,0.016));
#16608=CARTESIAN_POINT('',(0.0239018189079,0.0557851007327557,0.016));
#16609=CARTESIAN_POINT('',(0.0182641449659569,0.0587049838273643,0.016));
#16610=CARTESIAN_POINT('',(0.0238455132508529,0.0556760252129143,0.0160000000051423));
#16611=CARTESIAN_POINT('',(0.0237916267705843,0.0555717878257588,0.016));
#16612=CARTESIAN_POINT('',(0.0237916246403146,0.0555717888695079,0.016));
#16613=CARTESIAN_POINT('',(0.0238455132508529,0.0556760252129143,0.016));
#16614=CARTESIAN_POINT('',(0.0181322569759591,0.05848301944111,0.016));
#16615=CARTESIAN_POINT('',(0.0237032374360432,0.0554062051390517,0.016));
#16616=CARTESIAN_POINT('',(0.0237031657352885,0.0554062419178659,0.016));
#16617=CARTESIAN_POINT('',(0.0181322569759591,0.05848301944111,0.016));
#16618=CARTESIAN_POINT('',(0.0229422077020324,0.0558056570331674,0.016));
#16619=CARTESIAN_POINT('',(0.0236593513704223,0.0553322921521577,0.016));
#16620=CARTESIAN_POINT('',(0.0236590427687727,0.0553325473602674,0.016));
#16621=CARTESIAN_POINT('',(0.0229422077020324,0.0558056570331674,0.016));
#16622=CARTESIAN_POINT('',(0.0240938099752745,0.0561782769521327,0.016));
#16623=CARTESIAN_POINT('',(0.0235594574518562,0.0553914735832949,0.016));
#16624=CARTESIAN_POINT('',(0.0235595795374713,0.0553916702412628,0.016));
#16625=CARTESIAN_POINT('',(0.0240938099752745,0.0561782769521327,0.016));
#16626=CARTESIAN_POINT('',(0.0231585751385592,0.0547292048900774,0.016));
#16627=CARTESIAN_POINT('',(0.0234015351741427,0.0554651313620792,0.016));
#16628=CARTESIAN_POINT('',(0.0234015789904625,0.055465278225888,0.016));
#16629=CARTESIAN_POINT('',(0.0231585751385592,0.0547292048900774,0.016));
#16630=CARTESIAN_POINT('',(0.0230601155822592,0.0543844923868892,0.016));
#16631=CARTESIAN_POINT('',(0.0231287067615257,0.0555169864383433,0.016));
#16632=CARTESIAN_POINT('',(0.0231287104633156,0.0555170500600285,0.016));
#16633=CARTESIAN_POINT('',(0.0230601155822592,0.0543844923868892,0.016));
#16634=CARTESIAN_POINT('',(0.022966813348042,0.0528251578465062,0.016));
#16635=CARTESIAN_POINT('',(0.0226938312355832,0.0555093260293497,0.016));
#16636=CARTESIAN_POINT('',(0.022693861305855,0.0555090278205247,0.016));
#16637=CARTESIAN_POINT('',(0.022966813348042,0.0528251578465062,0.016));
#16638=CARTESIAN_POINT('',(0.022772836023766,0.0547451294422766,0.016));
#16639=CARTESIAN_POINT('',(0.0224139316762028,0.0554244722681902,0.016));
#16640=CARTESIAN_POINT('',(0.0224139457594122,0.0554244454718673,0.016));
#16641=CARTESIAN_POINT('',(0.022772836023766,0.0547451294422766,0.016));
#16642=CARTESIAN_POINT('',(0.0228590568680651,0.0545690127876571,0.016));
#16643=CARTESIAN_POINT('',(0.022178226784093,0.0552518184347198,0.016));
#16644=CARTESIAN_POINT('',(0.022178239921429,0.0552518050554205,0.016));
#16645=CARTESIAN_POINT('',(0.0228590568680651,0.0545690127876571,0.016));
#16646=CARTESIAN_POINT('',(0.0227349246694497,0.0546902066543345,0.016));
#16647=CARTESIAN_POINT('',(0.0220161796707676,0.0550196491159917,0.016));
#16648=CARTESIAN_POINT('',(0.0220163627914112,0.0550195593176743,0.016));
#16649=CARTESIAN_POINT('',(0.0227349246694497,0.0546902066543345,0.016));
#16650=CARTESIAN_POINT('',(0.0225528207472532,0.0547589467641164,0.016));
#16651=CARTESIAN_POINT('',(0.0219572534477402,0.0547727482415067,0.016));
#16652=CARTESIAN_POINT('',(0.0219572534477402,0.0547727482415067,0.016));
#16653=CARTESIAN_POINT('',(0.0225528207472532,0.0547589467641164,0.016));
#16654=CARTESIAN_POINT('',(0.0219572534477402,0.0547727482415067,0.016));
#16655=CARTESIAN_POINT('',(0.0219572534477402,0.0547727482415067,0.013));
#16656=CARTESIAN_POINT('',(0.0219572534477402,0.0545763274980819,0.016));
#16657=CARTESIAN_POINT('',(0.0219572534477402,0.0545763274980819,0.013));
#16658=CARTESIAN_POINT('',(0.0220138226218465,0.0544180123788815,0.016));
#16659=CARTESIAN_POINT('',(0.0220138226218465,0.0544180123788815,0.013));
#16660=CARTESIAN_POINT('',(0.0221269609700592,0.0542978028839056,0.016));
#16661=CARTESIAN_POINT('',(0.0221269609700592,0.0542978028839056,0.013));
#16662=CARTESIAN_POINT('',(0.0221269609700592,0.0542978028839056,0.016));
#16663=CARTESIAN_POINT('',(0.0221269609700592,0.0542978028839056,0.016));
#16664=CARTESIAN_POINT('',(0.0219572534477402,0.0547727482415067,0.016));
#16665=CARTESIAN_POINT('',(0.0219572534477402,0.0544781171263695,0.016));
#16666=CARTESIAN_POINT('',(0.0221269609700592,0.0542978028839056,0.016));
#16667=CARTESIAN_POINT('',(0.0233286907454016,0.055458890414108,0.016));
#16668=CARTESIAN_POINT('',(0.0225471049402448,0.0539807798040179,0.016));
#16669=CARTESIAN_POINT('',(0.0225471917035095,0.0539809481375475,0.016));
#16670=CARTESIAN_POINT('',(0.0233286907454016,0.055458890414108,0.016));
#16671=CARTESIAN_POINT('',(0.0258213614839329,0.0600254078070997,0.016));
#16672=CARTESIAN_POINT('',(0.0230921725032487,0.0537156118003945,0.016));
#16673=CARTESIAN_POINT('',(0.0230921832792796,0.0537156369108434,0.016));
#16674=CARTESIAN_POINT('',(0.0258213614839329,0.0600254078070997,0.016));
#16675=CARTESIAN_POINT('',(0.021934743907291,0.0510476188226154,0.016));
#16676=CARTESIAN_POINT('',(0.0236407756396342,0.0534027135561188,0.016));
#16677=CARTESIAN_POINT('',(0.0236408120922817,0.0534027637227206,0.016));
#16678=CARTESIAN_POINT('',(0.021934743907291,0.0510476188226154,0.016));
#16679=CARTESIAN_POINT('',(0.0144700875498736,0.0546878944803472,0.016));
#16680=CARTESIAN_POINT('',(0.0144700875498736,0.0546878944803472,0.013));
#16681=CARTESIAN_POINT('',(0.0145855829470074,0.0543414082889459,0.016));
#16682=CARTESIAN_POINT('',(0.0145855829470074,0.0543414082889459,0.013));
#16683=CARTESIAN_POINT('',(0.0146433306455743,0.0539399242893856,0.016));
#16684=CARTESIAN_POINT('',(0.0146433306455743,0.0539399242893856,0.013));
#16685=CARTESIAN_POINT('',(0.0146433306455743,0.0534834424816663,0.016));
#16686=CARTESIAN_POINT('',(0.0146433306455743,0.0534834424816663,0.013));
#16687=CARTESIAN_POINT('',(0.0146433306455743,0.0534834424816663,0.016));
#16688=CARTESIAN_POINT('',(0.0146433306455743,0.0534834424816663,0.016));
#16689=CARTESIAN_POINT('',(0.0144700875498736,0.0546878944803472,0.016));
#16690=CARTESIAN_POINT('',(0.0146433306455743,0.0541681651932452,0.016));
#16691=CARTESIAN_POINT('',(0.0146433306455743,0.0534834424816663,0.016));
#16692=CARTESIAN_POINT('',(0.0144700875498736,0.0546878944803472,0.016));
#16693=CARTESIAN_POINT('',(0.0144700875498736,0.0546878944803472,0.016));
#16694=CARTESIAN_POINT('',(0.0146433306455743,0.0534834424816663,0.016));
#16695=CARTESIAN_POINT('',(0.0146433306455743,0.0534834424816663,0.013));
#16696=CARTESIAN_POINT('',(0.0146433306455743,0.0530269606739471,0.016));
#16697=CARTESIAN_POINT('',(0.0146433306455743,0.0530269606739471,0.013));
#16698=CARTESIAN_POINT('',(0.0145855829470074,0.0526242981499263,0.016));
#16699=CARTESIAN_POINT('',(0.0145855829470074,0.0526242981499263,0.013));
#16700=CARTESIAN_POINT('',(0.0144700875498736,0.0522754549096038,0.016));
#16701=CARTESIAN_POINT('',(0.0144700875498736,0.0522754549096038,0.013));
#16702=CARTESIAN_POINT('',(0.0144700875498736,0.0522754549096038,0.016));
#16703=CARTESIAN_POINT('',(0.0144700875498736,0.0522754549096038,0.016));
#16704=CARTESIAN_POINT('',(0.0146433306455743,0.0534834424816663,0.016));
#16705=CARTESIAN_POINT('',(0.0146433306455743,0.0527987197700875,0.016));
#16706=CARTESIAN_POINT('',(0.0144700875498736,0.0522754549096038,0.016));
#16707=CARTESIAN_POINT('',(0.0144700875498736,0.0522754549096038,0.016));
#16708=CARTESIAN_POINT('',(0.0144700875498736,0.0522754549096038,0.013));
#16709=CARTESIAN_POINT('',(0.0143545921527398,0.0519266116692814,0.016));
#16710=CARTESIAN_POINT('',(0.0143545921527398,0.0519266116692814,0.013));
#16711=CARTESIAN_POINT('',(0.0141949020883355,0.0516368910727298,0.016));
#16712=CARTESIAN_POINT('',(0.0141949020883355,0.0516368910727298,0.013));
#16713=CARTESIAN_POINT('',(0.0139910173566605,0.0514062931199491,0.016));
#16714=CARTESIAN_POINT('',(0.0139910173566605,0.0514062931199491,0.013));
#16715=CARTESIAN_POINT('',(0.0139910173566605,0.0514062931199491,0.016));
#16716=CARTESIAN_POINT('',(0.0139910173566605,0.0514062931199491,0.016));
#16717=CARTESIAN_POINT('',(0.0144700875498736,0.0522754549096038,0.016));
#16718=CARTESIAN_POINT('',(0.0142968444541729,0.0517521900491202,0.016));
#16719=CARTESIAN_POINT('',(0.0139910173566605,0.0514062931199491,0.016));
#16720=CARTESIAN_POINT('',(0.0124742039381432,0.0527271415910541,0.016));
#16721=CARTESIAN_POINT('',(0.013276831533568,0.0508836175216957,0.016));
#16722=CARTESIAN_POINT('',(0.0132769635000939,0.0508833085328553,0.016));
#16723=CARTESIAN_POINT('',(0.0124742039381432,0.0527271415910541,0.016));
#16724=CARTESIAN_POINT('',(0.0124099444246394,0.0529371562541758,0.016));
#16725=CARTESIAN_POINT('',(0.0123817422057811,0.0507068388526134,0.016));
#16726=CARTESIAN_POINT('',(0.0123817462720058,0.0507072425593521,0.016));
#16727=CARTESIAN_POINT('',(0.0124099444246394,0.0529371562541758,0.016));
#16728=CARTESIAN_POINT('',(0.0123544684349996,0.0529381846068631,0.016));
#16729=CARTESIAN_POINT('',(0.0114872421402246,0.0508836175216957,0.016));
#16730=CARTESIAN_POINT('',(0.0114871180939565,0.050883322561456,0.016));
#16731=CARTESIAN_POINT('',(0.0123544684349996,0.0529381846068631,0.016));
#16732=CARTESIAN_POINT('',(0.0122880342246512,0.0527264199724513,0.016));
#16733=CARTESIAN_POINT('',(0.0107724670549018,0.0514062931199491,0.016));
#16734=CARTESIAN_POINT('',(0.0107724670549018,0.0514062931199491,0.016));
#16735=CARTESIAN_POINT('',(0.0122880342246512,0.0527264199724513,0.016));
#16736=CARTESIAN_POINT('',(0.0107724670549018,0.0514062931199491,0.016));
#16737=CARTESIAN_POINT('',(0.0107724670549018,0.0514062931199491,0.013));
#16738=CARTESIAN_POINT('',(0.0105685823232268,0.0516368910727298,0.016));
#16739=CARTESIAN_POINT('',(0.0105685823232268,0.0516368910727298,0.013));
#16740=CARTESIAN_POINT('',(0.0104088922588224,0.0519266116692814,0.016));
#16741=CARTESIAN_POINT('',(0.0104088922588224,0.0519266116692814,0.013));
#16742=CARTESIAN_POINT('',(0.0102933968616887,0.0522754549096038,0.016));
#16743=CARTESIAN_POINT('',(0.0102933968616887,0.0522754549096038,0.013));
#16744=CARTESIAN_POINT('',(0.0102933968616887,0.0522754549096038,0.016));
#16745=CARTESIAN_POINT('',(0.0102933968616887,0.0522754549096038,0.016));
#16746=CARTESIAN_POINT('',(0.0107724670549018,0.0514062931199491,0.016));
#16747=CARTESIAN_POINT('',(0.0104666399573893,0.0517521900491202,0.016));
#16748=CARTESIAN_POINT('',(0.0102933968616887,0.0522754549096038,0.016));
#16749=CARTESIAN_POINT('',(0.0102933968616887,0.0522754549096038,0.016));
#16750=CARTESIAN_POINT('',(0.0102933968616887,0.0522754549096038,0.013));
#16751=CARTESIAN_POINT('',(0.0101779014645549,0.0526242981499263,0.016));
#16752=CARTESIAN_POINT('',(0.0101779014645549,0.0526242981499263,0.013));
#16753=CARTESIAN_POINT('',(0.010120153765988,0.0530269606739471,0.016));
#16754=CARTESIAN_POINT('',(0.010120153765988,0.0530269606739471,0.013));
#16755=CARTESIAN_POINT('',(0.010120153765988,0.0534834424816663,0.016));
#16756=CARTESIAN_POINT('',(0.010120153765988,0.0534834424816663,0.013));
#16757=CARTESIAN_POINT('',(0.010120153765988,0.0534834424816663,0.016));
#16758=CARTESIAN_POINT('',(0.010120153765988,0.0534834424816663,0.016));
#16759=CARTESIAN_POINT('',(0.0102933968616887,0.0522754549096038,0.016));
#16760=CARTESIAN_POINT('',(0.010120153765988,0.0527987197700875,0.016));
#16761=CARTESIAN_POINT('',(0.010120153765988,0.0534834424816663,0.016));
#16762=CARTESIAN_POINT('',(0.010120153765988,0.0534834424816663,0.016));
#16763=CARTESIAN_POINT('',(0.010120153765988,0.0534834424816663,0.013));
#16764=CARTESIAN_POINT('',(0.010120153765988,0.0539399242893856,0.016));
#16765=CARTESIAN_POINT('',(0.010120153765988,0.0539399242893856,0.013));
#16766=CARTESIAN_POINT('',(0.0101779014645549,0.0543414082889459,0.016));
#16767=CARTESIAN_POINT('',(0.0101779014645549,0.0543414082889459,0.013));
#16768=CARTESIAN_POINT('',(0.0102933968616887,0.0546878944803472,0.016));
#16769=CARTESIAN_POINT('',(0.0102933968616887,0.0546878944803472,0.013));
#16770=CARTESIAN_POINT('',(0.0102933968616887,0.0546878944803472,0.016));
#16771=CARTESIAN_POINT('',(0.0102933968616887,0.0546878944803472,0.016));
#16772=CARTESIAN_POINT('',(0.010120153765988,0.0534834424816663,0.016));
#16773=CARTESIAN_POINT('',(0.010120153765988,0.0541681651932452,0.016));
#16774=CARTESIAN_POINT('',(0.0102933968616887,0.0546878944803472,0.016));
#16775=CARTESIAN_POINT('',(0.0102933968616887,0.0546878944803472,0.016));
#16776=CARTESIAN_POINT('',(0.0102933968616887,0.0546878944803472,0.013));
#16777=CARTESIAN_POINT('',(0.0104088922588224,0.0550343806717485,0.016));
#16778=CARTESIAN_POINT('',(0.0104088922588224,0.0550343806717485,0.013));
#16779=CARTESIAN_POINT('',(0.0105685823232268,0.0553229227438396,0.016));
#16780=CARTESIAN_POINT('',(0.0105685823232268,0.0553229227438396,0.013));
#16781=CARTESIAN_POINT('',(0.0107724670549018,0.0555535206966203,0.016));
#16782=CARTESIAN_POINT('',(0.0107724670549018,0.0555535206966203,0.013));
#16783=CARTESIAN_POINT('',(0.0107724670549018,0.0555535206966203,0.016));
#16784=CARTESIAN_POINT('',(0.0107724670549018,0.0555535206966203,0.016));
#16785=CARTESIAN_POINT('',(0.0102933968616887,0.0546878944803472,0.016));
#16786=CARTESIAN_POINT('',(0.0104666399573893,0.0552076237674492,0.016));
#16787=CARTESIAN_POINT('',(0.0107724670549018,0.0555535206966203,0.016));
#16788=CARTESIAN_POINT('',(0.0123164506404246,0.0542069847246418,0.016));
#16789=CARTESIAN_POINT('',(0.0114872421402246,0.0560797318682554,0.016));
#16790=CARTESIAN_POINT('',(0.0114871179500089,0.0560800172915205,0.016));
#16791=CARTESIAN_POINT('',(0.0123164506404246,0.0542069847246418,0.016));
#16792=CARTESIAN_POINT('',(0.0123550405511518,0.0540667070661112,0.016));
#16793=CARTESIAN_POINT('',(0.0123817422057811,0.0562600461107193,0.016));
#16794=CARTESIAN_POINT('',(0.0123817381334655,0.0562596453846078,0.016));
#16795=CARTESIAN_POINT('',(0.0123550405511518,0.0540667070661112,0.016));
#16796=CARTESIAN_POINT('',(0.0124093744032874,0.0540677238184554,0.016));
#16797=CARTESIAN_POINT('',(0.013276831533568,0.0560797318682554,0.016));
#16798=CARTESIAN_POINT('',(0.0132769607354792,0.0560800328801384,0.016));
#16799=CARTESIAN_POINT('',(0.0124093744032874,0.0540677238184554,0.016));
#16800=CARTESIAN_POINT('',(0.0124457106981731,0.054206195506383,0.016));
#16801=CARTESIAN_POINT('',(0.0139910173566605,0.0555535206966203,0.016));
#16802=CARTESIAN_POINT('',(0.0139910173566605,0.0555535206966203,0.016));
#16803=CARTESIAN_POINT('',(0.0124457106981731,0.054206195506383,0.016));
#16804=CARTESIAN_POINT('',(0.0071113808182069,0.0561716567761782,0.016));
#16805=CARTESIAN_POINT('',(0.00917733419754895,0.0561716567761782,0.016));
#16806=CARTESIAN_POINT('',(0.00917733419754895,0.0561716567761782,0.016));
#16807=CARTESIAN_POINT('',(0.0071113808182069,0.0561716567761782,0.016));
#16808=CARTESIAN_POINT('',(0.00504542743886485,0.0561716567761782,0.016));
#16809=CARTESIAN_POINT('',(0.00504542743886485,0.0561716567761782,0.016));
#16810=CARTESIAN_POINT('',(0.00917733419754895,0.0558699545142777,0.016));
#16811=CARTESIAN_POINT('',(0.00917733419754895,0.0555682522523772,0.016));
#16812=CARTESIAN_POINT('',(0.00917733419754895,0.0555682522523772,0.016));
#16813=CARTESIAN_POINT('',(0.00917733419754895,0.0558699545142777,0.016));
#16814=CARTESIAN_POINT('',(0.00836709863092165,0.0555682522523772,0.016));
#16815=CARTESIAN_POINT('',(0.00755686306429435,0.0555682522523772,0.016));
#16816=CARTESIAN_POINT('',(0.00755686306429435,0.0555682522523772,0.016));
#16817=CARTESIAN_POINT('',(0.00836709863092165,0.0555682522523772,0.016));
#16818=CARTESIAN_POINT('',(0.00755686306429435,0.0531558126816338,0.016));
#16819=CARTESIAN_POINT('',(0.00755686306429435,0.0507433731108904,0.016));
#16820=CARTESIAN_POINT('',(0.00755686306429435,0.0507433731108904,0.016));
#16821=CARTESIAN_POINT('',(0.00755686306429435,0.0531558126816338,0.016));
#16822=CARTESIAN_POINT('',(0.00711138081820691,0.0507433731108904,0.016));
#16823=CARTESIAN_POINT('',(0.00666589857211946,0.0507433731108904,0.016));
#16824=CARTESIAN_POINT('',(0.00666589857211946,0.0507433731108904,0.016));
#16825=CARTESIAN_POINT('',(0.00711138081820691,0.0507433731108904,0.016));
#16826=CARTESIAN_POINT('',(0.00666589857211946,0.0531558126816338,0.016));
#16827=CARTESIAN_POINT('',(0.00666589857211946,0.0555682522523772,0.016));
#16828=CARTESIAN_POINT('',(0.00666589857211946,0.0555682522523772,0.016));
#16829=CARTESIAN_POINT('',(0.00666589857211946,0.0531558126816338,0.016));
#16830=CARTESIAN_POINT('',(0.00585566300549216,0.0555682522523772,0.016));
#16831=CARTESIAN_POINT('',(0.00504542743886485,0.0555682522523772,0.016));
#16832=CARTESIAN_POINT('',(0.00504542743886485,0.0555682522523772,0.016));
#16833=CARTESIAN_POINT('',(0.00585566300549216,0.0555682522523772,0.016));
#16834=CARTESIAN_POINT('',(0.00222757545369266,0.0561716567761782,0.016));
#16835=CARTESIAN_POINT('',(0.00429352883303471,0.0561716567761782,0.016));
#16836=CARTESIAN_POINT('',(0.00429352883303471,0.0561716567761782,0.016));
#16837=CARTESIAN_POINT('',(0.00222757545369266,0.0561716567761782,0.016));
#16838=CARTESIAN_POINT('',(0.000161622074350616,0.0561716567761782,0.016));
#16839=CARTESIAN_POINT('',(0.000161622074350616,0.0561716567761782,0.016));
#16840=CARTESIAN_POINT('',(0.00429352883303471,0.0558699545142777,0.016));
#16841=CARTESIAN_POINT('',(0.00429352883303471,0.0555682522523772,0.016));
#16842=CARTESIAN_POINT('',(0.00429352883303471,0.0555682522523772,0.016));
#16843=CARTESIAN_POINT('',(0.00429352883303471,0.0558699545142777,0.016));
#16844=CARTESIAN_POINT('',(0.00348329326640741,0.0555682522523772,0.016));
#16845=CARTESIAN_POINT('',(0.00267305769978011,0.0555682522523772,0.016));
#16846=CARTESIAN_POINT('',(0.00267305769978011,0.0555682522523772,0.016));
#16847=CARTESIAN_POINT('',(0.00348329326640741,0.0555682522523772,0.016));
#16848=CARTESIAN_POINT('',(0.00267305769978011,0.0531558126816338,0.016));
#16849=CARTESIAN_POINT('',(0.00267305769978011,0.0507433731108904,0.016));
#16850=CARTESIAN_POINT('',(0.00267305769978011,0.0507433731108904,0.016));
#16851=CARTESIAN_POINT('',(0.00267305769978011,0.0531558126816338,0.016));
#16852=CARTESIAN_POINT('',(0.00222757545369267,0.0507433731108904,0.016));
#16853=CARTESIAN_POINT('',(0.00178209320760523,0.0507433731108904,0.016));
#16854=CARTESIAN_POINT('',(0.00178209320760523,0.0507433731108904,0.016));
#16855=CARTESIAN_POINT('',(0.00222757545369267,0.0507433731108904,0.016));
#16856=CARTESIAN_POINT('',(0.00178209320760523,0.0531558126816338,0.016));
#16857=CARTESIAN_POINT('',(0.00178209320760523,0.0555682522523772,0.016));
#16858=CARTESIAN_POINT('',(0.00178209320760523,0.0555682522523772,0.016));
#16859=CARTESIAN_POINT('',(0.00178209320760523,0.0531558126816338,0.016));
#16860=CARTESIAN_POINT('',(0.00097185764097792,0.0555682522523772,0.016));
#16861=CARTESIAN_POINT('',(0.000161622074350616,0.0555682522523772,0.016));
#16862=CARTESIAN_POINT('',(0.000161622074350616,0.0555682522523772,0.016));
#16863=CARTESIAN_POINT('',(0.00097185764097792,0.0555682522523772,0.016));
#16864=CARTESIAN_POINT('',(-0.00126321399845288,0.0561716567761782,0.016));
#16865=CARTESIAN_POINT('',(-0.000817731752365436,0.0561716567761782,0.016));
#16866=CARTESIAN_POINT('',(-0.000817731752365436,0.0561716567761782,0.016));
#16867=CARTESIAN_POINT('',(-0.00126321399845288,0.0561716567761782,0.016));
#16868=CARTESIAN_POINT('',(-0.00170869624454033,0.0561716567761782,0.016));
#16869=CARTESIAN_POINT('',(-0.00170869624454033,0.0561716567761782,0.016));
#16870=CARTESIAN_POINT('',(-0.000817731752365436,0.0548275496289223,0.016));
#16871=CARTESIAN_POINT('',(-0.000817731752365436,0.0534834424816663,0.016));
#16872=CARTESIAN_POINT('',(-0.000817731752365436,0.0534834424816663,0.016));
#16873=CARTESIAN_POINT('',(-0.000817731752365436,0.0548275496289223,0.016));
#16874=CARTESIAN_POINT('',(-0.000817731752365436,0.0534834424816663,0.016));
#16875=CARTESIAN_POINT('',(-0.000817731752365436,0.0534834424816663,0.013));
#16876=CARTESIAN_POINT('',(-0.000817731752365436,0.0530269606739471,0.016));
#16877=CARTESIAN_POINT('',(-0.000817731752365436,0.0530269606739471,0.013));
#16878=CARTESIAN_POINT('',(-0.000868015462682184,0.0526242981499263,0.016));
#16879=CARTESIAN_POINT('',(-0.000868015462682184,0.0526242981499263,0.013));
#16880=CARTESIAN_POINT('',(-0.00096858288331568,0.0522754549096038,0.016));
#16881=CARTESIAN_POINT('',(-0.00096858288331568,0.0522754549096038,0.013));
#16882=CARTESIAN_POINT('',(-0.00096858288331568,0.0522754549096038,0.016));
#16883=CARTESIAN_POINT('',(-0.00096858288331568,0.0522754549096038,0.016));
#16884=CARTESIAN_POINT('',(-0.000817731752365436,0.0534834424816663,0.016));
#16885=CARTESIAN_POINT('',(-0.000817731752365436,0.0527987197700875,0.016));
#16886=CARTESIAN_POINT('',(-0.00096858288331568,0.0522754549096038,0.016));
#16887=CARTESIAN_POINT('',(-0.00096858288331568,0.0522754549096038,0.016));
#16888=CARTESIAN_POINT('',(-0.00096858288331568,0.0522754549096038,0.013));
#16889=CARTESIAN_POINT('',(-0.00106915030394918,0.0519266116692814,0.016));
#16890=CARTESIAN_POINT('',(-0.00106915030394918,0.0519266116692814,0.013));
#16891=CARTESIAN_POINT('',(-0.00121037681847161,0.0516368910727298,0.016));
#16892=CARTESIAN_POINT('',(-0.00121037681847161,0.0516368910727298,0.013));
#16893=CARTESIAN_POINT('',(-0.00139226242688298,0.0514062931199491,0.016));
#16894=CARTESIAN_POINT('',(-0.00139226242688298,0.0514062931199491,0.013));
#16895=CARTESIAN_POINT('',(-0.00139226242688298,0.0514062931199491,0.016));
#16896=CARTESIAN_POINT('',(-0.00139226242688298,0.0514062931199491,0.016));
#16897=CARTESIAN_POINT('',(-0.00096858288331568,0.0522754549096038,0.016));
#16898=CARTESIAN_POINT('',(-0.00111943401426593,0.0517521900491202,0.016));
#16899=CARTESIAN_POINT('',(-0.00139226242688298,0.0514062931199491,0.016));
#16900=CARTESIAN_POINT('',(-0.00278181320092438,0.0524852245647462,0.016));
#16901=CARTESIAN_POINT('',(-0.00205518243594168,0.0508836175216957,0.016));
#16902=CARTESIAN_POINT('',(-0.00205518243594168,0.0508836175216957,0.016));
#16903=CARTESIAN_POINT('',(-0.00278181320092438,0.0524852245647462,0.016));
#16904=CARTESIAN_POINT('',(-0.00205518243594168,0.0508836175216957,0.016));
#16905=CARTESIAN_POINT('',(-0.00205518243594168,0.0508836175216957,0.013));
#16906=CARTESIAN_POINT('',(-0.00231524350023611,0.0507657650756408,0.016));
#16907=CARTESIAN_POINT('',(-0.00231524350023611,0.0507657650756408,0.013));
#16908=CARTESIAN_POINT('',(-0.00260516051753112,0.0507068388526134,0.016));
#16909=CARTESIAN_POINT('',(-0.00260516051753112,0.0507068388526134,0.013));
#16910=CARTESIAN_POINT('',(-0.0029249334878267,0.0507068388526134,0.016));
#16911=CARTESIAN_POINT('',(-0.0029249334878267,0.0507068388526134,0.013));
#16912=CARTESIAN_POINT('',(-0.0029249334878267,0.0507068388526134,0.016));
#16913=CARTESIAN_POINT('',(-0.0029249334878267,0.0507068388526134,0.016));
#16914=CARTESIAN_POINT('',(-0.00205518243594168,0.0508836175216957,0.016));
#16915=CARTESIAN_POINT('',(-0.00244527403238333,0.0507068388526134,0.016));
#16916=CARTESIAN_POINT('',(-0.0029249334878267,0.0507068388526134,0.016));
#16917=CARTESIAN_POINT('',(-0.0029249334878267,0.0507068388526134,0.016));
#16918=CARTESIAN_POINT('',(-0.0029249334878267,0.0507068388526134,0.013));
#16919=CARTESIAN_POINT('',(-0.00324863487299076,0.0507068388526134,0.016));
#16920=CARTESIAN_POINT('',(-0.00324863487299076,0.0507068388526134,0.013));
#16921=CARTESIAN_POINT('',(-0.00353933757325947,0.0507657650756408,0.016));
#16922=CARTESIAN_POINT('',(-0.00353933757325947,0.0507657650756408,0.013));
#16923=CARTESIAN_POINT('',(-0.0037970415886328,0.0508836175216957,0.016));
#16924=CARTESIAN_POINT('',(-0.0037970415886328,0.0508836175216957,0.013));
#16925=CARTESIAN_POINT('',(-0.0037970415886328,0.0508836175216957,0.016));
#16926=CARTESIAN_POINT('',(-0.0037970415886328,0.0508836175216957,0.016));
#16927=CARTESIAN_POINT('',(-0.0029249334878267,0.0507068388526134,0.016));
#16928=CARTESIAN_POINT('',(-0.0034104855655728,0.0507068388526134,0.016));
#16929=CARTESIAN_POINT('',(-0.0037970415886328,0.0508836175216957,0.016));
#16930=CARTESIAN_POINT('',(-0.0030462448035412,0.0525151144703914,0.016));
#16931=CARTESIAN_POINT('',(-0.00445996159769151,0.0514062931199491,0.016));
#16932=CARTESIAN_POINT('',(-0.00445996159769151,0.0514062931199491,0.016));
#16933=CARTESIAN_POINT('',(-0.0030462448035412,0.0525151144703914,0.016));
#16934=CARTESIAN_POINT('',(-0.00445996159769151,0.0514062931199491,0.016));
#16935=CARTESIAN_POINT('',(-0.00445996159769151,0.0514062931199491,0.013));
#16936=CARTESIAN_POINT('',(-0.00464420425502397,0.0516368910727298,0.016));
#16937=CARTESIAN_POINT('',(-0.00464420425502397,0.0516368910727298,0.013));
#16938=CARTESIAN_POINT('',(-0.00478660929400695,0.0519266116692814,0.016));
#16939=CARTESIAN_POINT('',(-0.00478660929400695,0.0519266116692814,0.013));
#16940=CARTESIAN_POINT('',(-0.00488717671464045,0.0522754549096038,0.016));
#16941=CARTESIAN_POINT('',(-0.00488717671464045,0.0522754549096038,0.013));
#16942=CARTESIAN_POINT('',(-0.00488717671464045,0.0522754549096038,0.016));
#16943=CARTESIAN_POINT('',(-0.00488717671464045,0.0522754549096038,0.016));
#16944=CARTESIAN_POINT('',(-0.00445996159769151,0.0514062931199491,0.016));
#16945=CARTESIAN_POINT('',(-0.0047363255836902,0.0517521900491202,0.016));
#16946=CARTESIAN_POINT('',(-0.00488717671464045,0.0522754549096038,0.016));
#16947=CARTESIAN_POINT('',(-0.00488717671464045,0.0522754549096038,0.016));
#16948=CARTESIAN_POINT('',(-0.00488717671464045,0.0522754549096038,0.013));
#16949=CARTESIAN_POINT('',(-0.00498774413527395,0.0526242981499263,0.016));
#16950=CARTESIAN_POINT('',(-0.00498774413527395,0.0526242981499263,0.013));
#16951=CARTESIAN_POINT('',(-0.0050380278455907,0.0530269606739471,0.016));
#16952=CARTESIAN_POINT('',(-0.0050380278455907,0.0530269606739471,0.013));
#16953=CARTESIAN_POINT('',(-0.0050380278455907,0.0534834424816663,0.016));
#16954=CARTESIAN_POINT('',(-0.0050380278455907,0.0534834424816663,0.013));
#16955=CARTESIAN_POINT('',(-0.0050380278455907,0.0534834424816664,0.016));
#16956=CARTESIAN_POINT('',(-0.0050380278455907,0.0534834424816664,0.016));
#16957=CARTESIAN_POINT('',(-0.00488717671464045,0.0522754549096038,0.016));
#16958=CARTESIAN_POINT('',(-0.0050380278455907,0.0527987197700875,0.016));
#16959=CARTESIAN_POINT('',(-0.0050380278455907,0.0534834424816663,0.016));
#16960=CARTESIAN_POINT('',(-0.0050380278455907,0.0548275496289223,0.016));
#16961=CARTESIAN_POINT('',(-0.0050380278455907,0.0561716567761782,0.016));
#16962=CARTESIAN_POINT('',(-0.0050380278455907,0.0561716567761782,0.016));
#16963=CARTESIAN_POINT('',(-0.0050380278455907,0.0548275496289223,0.016));
#16964=CARTESIAN_POINT('',(-0.0045890100261216,0.0561716567761782,0.016));
#16965=CARTESIAN_POINT('',(-0.00413999220665251,0.0561716567761782,0.016));
#16966=CARTESIAN_POINT('',(-0.00413999220665251,0.0561716567761782,0.016));
#16967=CARTESIAN_POINT('',(-0.0045890100261216,0.0561716567761782,0.016));
#16968=CARTESIAN_POINT('',(-0.00413999220665251,0.0548717442961928,0.016));
#16969=CARTESIAN_POINT('',(-0.00413999220665251,0.0535718318162075,0.016));
#16970=CARTESIAN_POINT('',(-0.00413999220665251,0.0535718318162075,0.016));
#16971=CARTESIAN_POINT('',(-0.00413999220665251,0.0548717442961928,0.016));
#16972=CARTESIAN_POINT('',(-0.00413999220665251,0.0535718318162075,0.016));
#16973=CARTESIAN_POINT('',(-0.00413999220665251,0.0535718318162075,0.013));
#16974=CARTESIAN_POINT('',(-0.00413999220665251,0.0531695621336735,0.016));
#16975=CARTESIAN_POINT('',(-0.00413999220665251,0.0531695621336735,0.013));
#16976=CARTESIAN_POINT('',(-0.00411170761959934,0.0528309327720091,0.016));
#16977=CARTESIAN_POINT('',(-0.00411170761959934,0.0528309327720091,0.013));
#16978=CARTESIAN_POINT('',(-0.00405513844549299,0.0525559437312144,0.016));
#16979=CARTESIAN_POINT('',(-0.00405513844549299,0.0525559437312144,0.013));
#16980=CARTESIAN_POINT('',(-0.00405513844549299,0.0525559437312144,0.016));
#16981=CARTESIAN_POINT('',(-0.00405513844549299,0.0525559437312144,0.016));
#16982=CARTESIAN_POINT('',(-0.00413999220665251,0.0535718318162075,0.016));
#16983=CARTESIAN_POINT('',(-0.00413999220665251,0.0529684272924065,0.016));
#16984=CARTESIAN_POINT('',(-0.00405513844549299,0.0525559437312144,0.016));
#16985=CARTESIAN_POINT('',(-0.00405513844549299,0.0525559437312144,0.016));
#16986=CARTESIAN_POINT('',(-0.00405513844549299,0.0525559437312144,0.013));
#16987=CARTESIAN_POINT('',(-0.00399856927138665,0.0522809546904197,0.016));
#16988=CARTESIAN_POINT('',(-0.00399856927138665,0.0522809546904197,0.013));
#16989=CARTESIAN_POINT('',(-0.00391882244955619,0.0520611598785274,0.016));
#16990=CARTESIAN_POINT('',(-0.00391882244955619,0.0520611598785274,0.013));
#16991=CARTESIAN_POINT('',(-0.00381589798000159,0.0518965592955374,0.016));
#16992=CARTESIAN_POINT('',(-0.00381589798000159,0.0518965592955374,0.013));
#16993=CARTESIAN_POINT('',(-0.00381589798000159,0.0518965592955374,0.016));
#16994=CARTESIAN_POINT('',(-0.00381589798000159,0.0518965592955374,0.016));
#16995=CARTESIAN_POINT('',(-0.00405513844549299,0.0525559437312144,0.016));
#16996=CARTESIAN_POINT('',(-0.00397028468433348,0.0521434601700224,0.016));
#16997=CARTESIAN_POINT('',(-0.00381589798000159,0.0518965592955374,0.016));
#16998=CARTESIAN_POINT('',(-0.00381589798000159,0.0518965592955374,0.016));
#16999=CARTESIAN_POINT('',(-0.00381589798000159,0.0518965592955374,0.013));
#17000=CARTESIAN_POINT('',(-0.00371297351044699,0.0517319587125474,0.016));
#17001=CARTESIAN_POINT('',(-0.00371297351044699,0.0517319587125474,0.013));
#17002=CARTESIAN_POINT('',(-0.0035878534968854,0.0516127313212885,0.016));
#17003=CARTESIAN_POINT('',(-0.0035878534968854,0.0516127313212885,0.013));
#17004=CARTESIAN_POINT('',(-0.0034405379393168,0.0515388771217608,0.016));
#17005=CARTESIAN_POINT('',(-0.0034405379393168,0.0515388771217608,0.013));
#17006=CARTESIAN_POINT('',(-0.0034405379393168,0.0515388771217608,0.016));
#17007=CARTESIAN_POINT('',(-0.0034405379393168,0.0515388771217608,0.016));
#17008=CARTESIAN_POINT('',(-0.00381589798000159,0.0518965592955374,0.016));
#17009=CARTESIAN_POINT('',(-0.0036615112756697,0.0516496584210524,0.016));
#17010=CARTESIAN_POINT('',(-0.0034405379393168,0.0515388771217608,0.016));
#17011=CARTESIAN_POINT('',(-0.00296420929131313,0.0525165067649615,0.016));
#17012=CARTESIAN_POINT('',(-0.00294689911033212,0.0514286715851361,0.016));
#17013=CARTESIAN_POINT('',(-0.00294689911033213,0.0514286715851361,0.016));
#17014=CARTESIAN_POINT('',(-0.00296420929131313,0.0525165067649615,0.016));
#17015=CARTESIAN_POINT('',(-0.00292740821176768,0.0526507712464389,0.016));
#17016=CARTESIAN_POINT('',(-0.00243820288562003,0.0515312167127673,0.016));
#17017=CARTESIAN_POINT('',(-0.00243820288562003,0.0515312167127673,0.016));
#17018=CARTESIAN_POINT('',(-0.00292740821176768,0.0526507712464389,0.016));
#17019=CARTESIAN_POINT('',(-0.00243820288562003,0.0515312167127673,0.016));
#17020=CARTESIAN_POINT('',(-0.00243820288562003,0.0515312167127673,0.013));
#17021=CARTESIAN_POINT('',(-0.00228578038872239,0.051599963972966,0.016));
#17022=CARTESIAN_POINT('',(-0.00228578038872239,0.051599963972966,0.013));
#17023=CARTESIAN_POINT('',(-0.00215555343583175,0.0517154593700997,0.016));
#17024=CARTESIAN_POINT('',(-0.00215555343583175,0.0517154593700997,0.013));
#17025=CARTESIAN_POINT('',(-0.00204752202694811,0.0518777029041686,0.016));
#17026=CARTESIAN_POINT('',(-0.00204752202694811,0.0518777029041686,0.013));
#17027=CARTESIAN_POINT('',(-0.00204752202694811,0.0518777029041686,0.016));
#17028=CARTESIAN_POINT('',(-0.00204752202694811,0.0518777029041686,0.016));
#17029=CARTESIAN_POINT('',(-0.00243820288562003,0.0515312167127673,0.016));
#17030=CARTESIAN_POINT('',(-0.00220956914027357,0.0516343376030653,0.016));
#17031=CARTESIAN_POINT('',(-0.00204752202694811,0.0518777029041686,0.016));
#17032=CARTESIAN_POINT('',(-0.00204752202694811,0.0518777029041686,0.016));
#17033=CARTESIAN_POINT('',(-0.00204752202694811,0.0518777029041686,0.013));
#17034=CARTESIAN_POINT('',(-0.00193949061806447,0.0520399464382375,0.016));
#17035=CARTESIAN_POINT('',(-0.00193949061806447,0.0520399464382375,0.013));
#17036=CARTESIAN_POINT('',(-0.00185601180210893,0.0522585627256693,0.016));
#17037=CARTESIAN_POINT('',(-0.00185601180210893,0.0522585627256693,0.013));
#17038=CARTESIAN_POINT('',(-0.00179708557908149,0.052533551766464,0.016));
#17039=CARTESIAN_POINT('',(-0.00179708557908149,0.052533551766464,0.013));
#17040=CARTESIAN_POINT('',(-0.00179708557908149,0.052533551766464,0.016));
#17041=CARTESIAN_POINT('',(-0.00179708557908149,0.052533551766464,0.016));
#17042=CARTESIAN_POINT('',(-0.00204752202694811,0.0518777029041686,0.016));
#17043=CARTESIAN_POINT('',(-0.00188547491362265,0.0521210682052719,0.016));
#17044=CARTESIAN_POINT('',(-0.00179708557908149,0.052533551766464,0.016));
#17045=CARTESIAN_POINT('',(-0.00179708557908149,0.052533551766464,0.016));
#17046=CARTESIAN_POINT('',(-0.00179708557908149,0.052533551766464,0.013));
#17047=CARTESIAN_POINT('',(-0.00173815935605405,0.0528085408072587,0.016));
#17048=CARTESIAN_POINT('',(-0.00173815935605405,0.0528085408072587,0.013));
#17049=CARTESIAN_POINT('',(-0.00170869624454033,0.0531546341571732,0.016));
#17050=CARTESIAN_POINT('',(-0.00170869624454033,0.0531546341571732,0.013));
#17051=CARTESIAN_POINT('',(-0.00170869624454033,0.0535718318162075,0.016));
#17052=CARTESIAN_POINT('',(-0.00170869624454033,0.0535718318162075,0.013));
#17053=CARTESIAN_POINT('',(-0.00170869624454033,0.0535718318162075,0.016));
#17054=CARTESIAN_POINT('',(-0.00170869624454033,0.0535718318162075,0.016));
#17055=CARTESIAN_POINT('',(-0.00179708557908149,0.052533551766464,0.016));
#17056=CARTESIAN_POINT('',(-0.00170869624454033,0.0529460353276561,0.016));
#17057=CARTESIAN_POINT('',(-0.00170869624454033,0.0535718318162075,0.016));
#17058=CARTESIAN_POINT('',(-0.0150252078880809,0.0529620792069306,0.016));
#17059=CARTESIAN_POINT('',(-0.0149989165861492,0.0549200637990753,0.016));
#17060=CARTESIAN_POINT('',(-0.0149989195231896,0.0549195965904241,0.016));
#17061=CARTESIAN_POINT('',(-0.0150252078880809,0.0529620792069306,0.016));
#17062=CARTESIAN_POINT('',(-0.0157938765525938,0.0547616589109335,0.01599999975));
#17063=CARTESIAN_POINT('',(-0.0157938313347894,0.0547615522591315,0.016));
#17064=CARTESIAN_POINT('',(-0.0149693863762552,0.0531492440029456,0.016));
#17065=CARTESIAN_POINT('',(-0.0142252152777989,0.0547544811123682,0.016));
#17066=CARTESIAN_POINT('',(-0.0142250916534738,0.0547547495715459,0.016));
#17067=CARTESIAN_POINT('',(-0.0149693863762552,0.0531492440029456,0.016));
#17068=CARTESIAN_POINT('',(-0.014975233489367,0.0531684956604594,0.016));
#17069=CARTESIAN_POINT('',(-0.0136359530475245,0.0543013384572872,0.016));
#17070=CARTESIAN_POINT('',(-0.0136357948817675,0.0543014708123922,0.016));
#17071=CARTESIAN_POINT('',(-0.014975233489367,0.0531684956604594,0.016));
#17072=CARTESIAN_POINT('',(-0.015231673620037,0.0529688780944673,0.016));
#17073=CARTESIAN_POINT('',(-0.0132600037446094,0.053630758039235,0.016));
#17074=CARTESIAN_POINT('',(-0.0132600063844795,0.0536307576000355,0.016));
#17075=CARTESIAN_POINT('',(-0.015231673620037,0.0529688780944673,0.016));
#17076=CARTESIAN_POINT('',(-0.0156340643556615,0.0528292644289568,0.016));
#17077=CARTESIAN_POINT('',(-0.0131274197427977,0.0528057909168508,0.016));
#17078=CARTESIAN_POINT('',(-0.0131276980689693,0.0528057924733166,0.016));
#17079=CARTESIAN_POINT('',(-0.0156340643556615,0.0528292644289568,0.016));
#17080=CARTESIAN_POINT('',(-0.0155388775552126,0.0527851847072001,0.016));
#17081=CARTESIAN_POINT('',(-0.013267664153603,0.051977288221085,0.016));
#17082=CARTESIAN_POINT('',(-0.0132677275632905,0.0519773095940875,0.016));
#17083=CARTESIAN_POINT('',(-0.0155388775552126,0.0527851847072001,0.016));
#17084=CARTESIAN_POINT('',(-0.0151819135901577,0.0526495726768036,0.016));
#17085=CARTESIAN_POINT('',(-0.0136618805856566,0.051307297065263,0.016));
#17086=CARTESIAN_POINT('',(-0.0136617098387339,0.0513071472260391,0.016));
#17087=CARTESIAN_POINT('',(-0.0151819135901577,0.0526495726768036,0.016));
#17088=CARTESIAN_POINT('',(-0.0150010971378189,0.0525043950711192,0.016));
#17089=CARTESIAN_POINT('',(-0.0142658743716878,0.0508653503925572,0.016));
#17090=CARTESIAN_POINT('',(-0.0142657575343525,0.0508650830756571,0.016));
#17091=CARTESIAN_POINT('',(-0.0150010971378189,0.0525043950711192,0.016));
#17092=CARTESIAN_POINT('',(-0.0150144544557652,0.0525696023704418,0.016));
#17093=CARTESIAN_POINT('',(-0.0150428577047176,0.0507076893522077,0.016));
#17094=CARTESIAN_POINT('',(-0.0150428577047176,0.0507076893522077,0.016));
#17095=CARTESIAN_POINT('',(-0.0150144544557652,0.0525696023704418,0.016));
#17096=CARTESIAN_POINT('',(-0.0150709071195527,0.0526029135591531,0.016));
#17097=CARTESIAN_POINT('',(-0.0158344904286782,0.0508688859659388,0.016));
#17098=CARTESIAN_POINT('',(-0.0158345682859548,0.0508687074954452,0.016));
#17099=CARTESIAN_POINT('',(-0.0150709071195527,0.0526029135591531,0.016));
#17100=CARTESIAN_POINT('',(-0.0151325895952104,0.0524457574990527,0.016));
#17101=CARTESIAN_POINT('',(-0.0164384842147095,0.0513179037854079,0.016));
#17102=CARTESIAN_POINT('',(-0.0164386318133757,0.0513177773962126,0.016));
#17103=CARTESIAN_POINT('',(-0.0151325895952104,0.0524457574990527,0.016));
#17104=CARTESIAN_POINT('',(-0.0148865744664128,0.0526367224310212,0.016));
#17105=CARTESIAN_POINT('',(-0.0168179690910062,0.0519878949412299,0.016));
#17106=CARTESIAN_POINT('',(-0.0168180274525045,0.0519878754489208,0.016));
#17107=CARTESIAN_POINT('',(-0.0148865744664128,0.0526367224310212,0.016));
#17108=CARTESIAN_POINT('',(-0.0144186710511107,0.0527929626070256,0.016));
#17109=CARTESIAN_POINT('',(-0.016950553092818,0.0528205224726076,0.016));
#17110=CARTESIAN_POINT('',(-0.0169502221137817,0.0528205201082732,0.016));
#17111=CARTESIAN_POINT('',(-0.0144186710511107,0.0527929626070256,0.016));
#17112=CARTESIAN_POINT('',(-0.0145404713708705,0.0528429663599987,0.016));
#17113=CARTESIAN_POINT('',(-0.016806773108631,0.0536602211507487,0.016));
#17114=CARTESIAN_POINT('',(-0.0168066537846941,0.0536601804925811,0.016));
#17115=CARTESIAN_POINT('',(-0.0145404713708705,0.0528429663599987,0.016));
#17116=CARTESIAN_POINT('',(-0.0149312393662755,0.0529968581861765,0.016));
#17117=CARTESIAN_POINT('',(-0.0164090211031958,0.054326676733189,0.016));
#17118=CARTESIAN_POINT('',(-0.0164092575969624,0.0543268892776911,0.016));
#17119=CARTESIAN_POINT('',(-0.0149312393662755,0.0529968581861765,0.016));
#17120=CARTESIAN_POINT('',(-0.0187407317483916,0.0531487415348705,0.016));
#17121=CARTESIAN_POINT('',(-0.0187407317483916,0.0520032157592171,0.016));
#17122=CARTESIAN_POINT('',(-0.0187407317483916,0.0520032157592171,0.016));
#17123=CARTESIAN_POINT('',(-0.0187407317483916,0.0531487415348705,0.016));
#17124=CARTESIAN_POINT('',(-0.0187407317483916,0.0542942673105239,0.016));
#17125=CARTESIAN_POINT('',(-0.0187407317483916,0.0542942673105239,0.016));
#17126=CARTESIAN_POINT('',(-0.0187407317483916,0.0520032157592171,0.016));
#17127=CARTESIAN_POINT('',(-0.0187407317483916,0.0520032157592171,0.013));
#17128=CARTESIAN_POINT('',(-0.0187407317483916,0.0518358652858192,0.016));
#17129=CARTESIAN_POINT('',(-0.0187407317483916,0.0518358652858192,0.013));
#17130=CARTESIAN_POINT('',(-0.018718732625128,0.0517056383329285,0.016));
#17131=CARTESIAN_POINT('',(-0.018718732625128,0.0517056383329285,0.013));
#17132=CARTESIAN_POINT('',(-0.0186747343786009,0.0516125349005451,0.016));
#17133=CARTESIAN_POINT('',(-0.0186747343786009,0.0516125349005451,0.013));
#17134=CARTESIAN_POINT('',(-0.0186747343786009,0.0516125349005451,0.016));
#17135=CARTESIAN_POINT('',(-0.0186747343786009,0.0516125349005451,0.016));
#17136=CARTESIAN_POINT('',(-0.0187407317483916,0.0520032157592171,0.016));
#17137=CARTESIAN_POINT('',(-0.0187407317483916,0.0517521900491202,0.016));
#17138=CARTESIAN_POINT('',(-0.0186747343786009,0.0516125349005451,0.016));
#17139=CARTESIAN_POINT('',(-0.0182343137839273,0.0518097474338431,0.016));
#17140=CARTESIAN_POINT('',(-0.0184867597271433,0.0513992219731858,0.016));
#17141=CARTESIAN_POINT('',(-0.0184868227015325,0.051399119340071,0.016));
#17142=CARTESIAN_POINT('',(-0.0182343137839273,0.0518097474338431,0.016));
#17143=CARTESIAN_POINT('',(-0.0181392613786714,0.0519823157263986,0.016));
#17144=CARTESIAN_POINT('',(-0.0182139313145263,0.051307297065263,0.016));
#17145=CARTESIAN_POINT('',(-0.0182139259601987,0.0513073509530904,0.016));
#17146=CARTESIAN_POINT('',(-0.0181392613786714,0.0519823157263986,0.016));
#17147=CARTESIAN_POINT('',(-0.0179033518497725,0.053962198366069,0.016));
#17148=CARTESIAN_POINT('',(-0.0178933726612571,0.0512891192319873,0.016));
#17149=CARTESIAN_POINT('',(-0.0178933726612571,0.0512891192319873,0.016));
#17150=CARTESIAN_POINT('',(-0.0179033518497725,0.053962198366069,0.016));
#17151=CARTESIAN_POINT('',(-0.0178933726612571,0.0510162015235074,0.016));
#17152=CARTESIAN_POINT('',(-0.0178933726612571,0.0507433731108904,0.016));
#17153=CARTESIAN_POINT('',(-0.0178933726612571,0.0507433731108904,0.016));
#17154=CARTESIAN_POINT('',(-0.0178933726612571,0.0510162015235074,0.016));
#17155=CARTESIAN_POINT('',(-0.0182582071750424,0.0530365112117994,0.016));
#17156=CARTESIAN_POINT('',(-0.0180854721483265,0.05072098114614,0.016));
#17157=CARTESIAN_POINT('',(-0.0180854689964923,0.0507209420174572,0.016));
#17158=CARTESIAN_POINT('',(-0.0182580436593071,0.0530366647330438,0.016));
#17159=CARTESIAN_POINT('',(-0.0183770233970784,0.0543340252615872,0.016));
#17160=CARTESIAN_POINT('',(-0.0182805179465473,0.050710374425995,0.016));
#17161=CARTESIAN_POINT('',(-0.0182805188138869,0.0507104098565788,0.016));
#17162=CARTESIAN_POINT('',(-0.0183770233970784,0.0543340252615872,0.016));
#17163=CARTESIAN_POINT('',(-0.0185067986515425,0.0579331148218081,0.016));
#17164=CARTESIAN_POINT('',(-0.0185050268562818,0.0507068388526134,0.016));
#17165=CARTESIAN_POINT('',(-0.0185050268562818,0.0507068388526134,0.016));
#17166=CARTESIAN_POINT('',(-0.0185065879826609,0.057937523805609,0.016));
#17167=CARTESIAN_POINT('',(-0.0185028229433348,0.0543532049988665,0.016));
#17168=CARTESIAN_POINT('',(-0.0187301250282467,0.0507139099993767,0.016));
#17169=CARTESIAN_POINT('',(-0.0187301208686355,0.050713990621129,0.016));
#17170=CARTESIAN_POINT('',(-0.0185031437015322,0.0543531340892958,0.016));
#17171=CARTESIAN_POINT('',(-0.0186483406833481,0.0523042316864132,0.016));
#17172=CARTESIAN_POINT('',(-0.0189245815642373,0.0507363019641271,0.016));
#17173=CARTESIAN_POINT('',(-0.0189245815642373,0.0507363019641271,0.016));
#17174=CARTESIAN_POINT('',(-0.0186483406833481,0.0523042316864132,0.016));
#17175=CARTESIAN_POINT('',(-0.0189245815642373,0.0507363019641271,0.016));
#17176=CARTESIAN_POINT('',(-0.0189245815642373,0.0507363019641271,0.013));
#17177=CARTESIAN_POINT('',(-0.0190919320376352,0.050765372234154,0.016));
#17178=CARTESIAN_POINT('',(-0.0190919320376352,0.050765372234154,0.013));
#17179=CARTESIAN_POINT('',(-0.0192221589905258,0.0508376550677343,0.016));
#17180=CARTESIAN_POINT('',(-0.0192221589905258,0.0508376550677343,0.013));
#17181=CARTESIAN_POINT('',(-0.0193152624229091,0.0509531504648681,0.016));
#17182=CARTESIAN_POINT('',(-0.0193152624229091,0.0509531504648681,0.013));
#17183=CARTESIAN_POINT('',(-0.0193152624229091,0.0509531504648681,0.016));
#17184=CARTESIAN_POINT('',(-0.0193152624229091,0.0509531504648681,0.016));
#17185=CARTESIAN_POINT('',(-0.0189245815642373,0.0507363019641271,0.016));
#17186=CARTESIAN_POINT('',(-0.0191756072743341,0.0507799073691674,0.016));
#17187=CARTESIAN_POINT('',(-0.0193152624229091,0.0509531504648681,0.016));
#17188=CARTESIAN_POINT('',(-0.0183644104743773,0.0517230129623316,0.016));
#17189=CARTESIAN_POINT('',(-0.0195250397768868,0.0513361709145464,0.016));
#17190=CARTESIAN_POINT('',(-0.0195249399621878,0.0513362050253265,0.016));
#17191=CARTESIAN_POINT('',(-0.0183644104743773,0.0517230129623316,0.016));
#17192=CARTESIAN_POINT('',(-0.0178090999987732,0.0519229271061022,0.016));
#17193=CARTESIAN_POINT('',(-0.019613429111428,0.0517451189023569,0.016));
#17194=CARTESIAN_POINT('',(-0.019613392484011,0.0517451232838113,0.016));
#17195=CARTESIAN_POINT('',(-0.0178090999987732,0.0519229271061022,0.016));
#17196=CARTESIAN_POINT('',(-0.0158762261905897,0.0521285460390193,0.016));
#17197=CARTESIAN_POINT('',(-0.0196316962405665,0.0520550708354812,0.016));
#17198=CARTESIAN_POINT('',(-0.0196318722221945,0.0520550673924273,0.01599999975));
#17199=CARTESIAN_POINT('',(-0.0158762261905897,0.0521285460390193,0.016));
#17200=CARTESIAN_POINT('',(-0.0196316962405665,0.0531746690730026,0.016));
#17201=CARTESIAN_POINT('',(-0.0196316962405665,0.0542942673105239,0.016));
#17202=CARTESIAN_POINT('',(-0.0196316962405665,0.0542942673105239,0.016));
#17203=CARTESIAN_POINT('',(-0.0196316962405665,0.0531746690730026,0.016));
#17204=CARTESIAN_POINT('',(-0.0199045246531836,0.0542942673105239,0.016));
#17205=CARTESIAN_POINT('',(-0.0201773530658006,0.0542942673105239,0.016));
#17206=CARTESIAN_POINT('',(-0.0201773530658006,0.0542942673105239,0.016));
#17207=CARTESIAN_POINT('',(-0.0199045246531836,0.0542942673105239,0.016));
#17208=CARTESIAN_POINT('',(-0.0201773530658006,0.0545959695724244,0.016));
#17209=CARTESIAN_POINT('',(-0.0201773530658006,0.0548976718343249,0.016));
#17210=CARTESIAN_POINT('',(-0.0201773530658006,0.0548976718343249,0.016));
#17211=CARTESIAN_POINT('',(-0.0201773530658006,0.0545959695724244,0.016));
#17212=CARTESIAN_POINT('',(-0.0199045246531836,0.0548976718343249,0.016));
#17213=CARTESIAN_POINT('',(-0.0196316962405665,0.0548976718343249,0.016));
#17214=CARTESIAN_POINT('',(-0.0196316962405665,0.0548976718343249,0.016));
#17215=CARTESIAN_POINT('',(-0.0199045246531836,0.0548976718343249,0.016));
#17216=CARTESIAN_POINT('',(-0.0196316962405665,0.0554869340645993,0.016));
#17217=CARTESIAN_POINT('',(-0.0196316962405665,0.0560761962948737,0.016));
#17218=CARTESIAN_POINT('',(-0.0196316962405665,0.0560761962948737,0.016));
#17219=CARTESIAN_POINT('',(-0.0196316962405665,0.0554869340645993,0.016));
#17220=CARTESIAN_POINT('',(-0.019186213994479,0.0560761962948737,0.016));
#17221=CARTESIAN_POINT('',(-0.0187407317483916,0.0560761962948737,0.016));
#17222=CARTESIAN_POINT('',(-0.0187407317483916,0.0560761962948737,0.016));
#17223=CARTESIAN_POINT('',(-0.019186213994479,0.0560761962948737,0.016));
#17224=CARTESIAN_POINT('',(-0.0187407317483916,0.0554869340645993,0.016));
#17225=CARTESIAN_POINT('',(-0.0187407317483916,0.0548976718343249,0.016));
#17226=CARTESIAN_POINT('',(-0.0187407317483916,0.0548976718343249,0.016));
#17227=CARTESIAN_POINT('',(-0.0187407317483916,0.0554869340645993,0.016));
#17228=CARTESIAN_POINT('',(-0.0184095663749774,0.0548976718343249,0.016));
#17229=CARTESIAN_POINT('',(-0.0180784010015632,0.0548976718343249,0.016));
#17230=CARTESIAN_POINT('',(-0.0180784010015632,0.0548976718343249,0.016));
#17231=CARTESIAN_POINT('',(-0.0184095663749774,0.0548976718343249,0.016));
#17232=CARTESIAN_POINT('',(-0.0180784010015632,0.0545959695724244,0.016));
#17233=CARTESIAN_POINT('',(-0.0180784010015632,0.0542942673105239,0.016));
#17234=CARTESIAN_POINT('',(-0.0180784010015632,0.0542942673105239,0.016));
#17235=CARTESIAN_POINT('',(-0.0180784010015632,0.0545959695724244,0.016));
#17236=CARTESIAN_POINT('',(-0.0211578854169772,0.0508170308896747,0.016));
#17237=CARTESIAN_POINT('',(-0.0211578854169772,0.0507433731108904,0.016));
#17238=CARTESIAN_POINT('',(-0.0211578854169772,0.0507433731108904,0.016));
#17239=CARTESIAN_POINT('',(-0.0211578854169772,0.0508170308896747,0.016));
#17240=CARTESIAN_POINT('',(-0.0211578790466339,0.0530780300703728,0.01599999975));
#17241=CARTESIAN_POINT('',(-0.0211578854169772,0.0530780300672376,0.016));
#17242=CARTESIAN_POINT('',(-0.0216069032364463,0.0507433731108904,0.016));
#17243=CARTESIAN_POINT('',(-0.0220559210559154,0.0507433731108904,0.016));
#17244=CARTESIAN_POINT('',(-0.0220559210559154,0.0507433731108904,0.016));
#17245=CARTESIAN_POINT('',(-0.0216069032364463,0.0507433731108904,0.016));
#17246=CARTESIAN_POINT('',(-0.0220559210559154,0.051874167330787,0.016));
#17247=CARTESIAN_POINT('',(-0.0220559210559154,0.0530049615506835,0.016));
#17248=CARTESIAN_POINT('',(-0.0220559622473919,0.0530049616464736,0.016));
#17249=CARTESIAN_POINT('',(-0.0220559210559154,0.051874167330787,0.016));
#17250=CARTESIAN_POINT('',(-0.0269715730449825,0.0530163928243268,0.016));
#17251=CARTESIAN_POINT('',(-0.0220783130206658,0.0534834424816663,0.016));
#17252=CARTESIAN_POINT('',(-0.0220785217859873,0.0534834262832062,0.016));
#17253=CARTESIAN_POINT('',(-0.0269715730449825,0.0530163928243268,0.016));
#17254=CARTESIAN_POINT('',(-0.0233466045210494,0.053379800844054,0.016));
#17255=CARTESIAN_POINT('',(-0.0221814339109638,0.0538888548960951,0.016));
#17256=CARTESIAN_POINT('',(-0.0221814677700315,0.0538888420754147,0.016));
#17257=CARTESIAN_POINT('',(-0.0233466045210494,0.053379800844054,0.016));
#17258=CARTESIAN_POINT('',(-0.0228001035525399,0.0536232182998869,0.016));
#17259=CARTESIAN_POINT('',(-0.0224024072473167,0.0541652188820938,0.016));
#17260=CARTESIAN_POINT('',(-0.0224024072473167,0.0541652188820938,0.016));
#17261=CARTESIAN_POINT('',(-0.0228001035525399,0.0536232182998869,0.016));
#17262=CARTESIAN_POINT('',(-0.0224024072473167,0.0541652188820938,0.016));
#17263=CARTESIAN_POINT('',(-0.0224024072473167,0.0541652188820938,0.013));
#17264=CARTESIAN_POINT('',(-0.0224959035211869,0.0542316090933714,0.016));
#17265=CARTESIAN_POINT('',(-0.0224959035211869,0.0542316090933714,0.013));
#17266=CARTESIAN_POINT('',(-0.0226259340533342,0.0542648041990102,0.016));
#17267=CARTESIAN_POINT('',(-0.0226259340533342,0.0542648041990102,0.013));
#17268=CARTESIAN_POINT('',(-0.0227924988437584,0.0542648041990102,0.016));
#17269=CARTESIAN_POINT('',(-0.0227924988437584,0.0542648041990102,0.013));
#17270=CARTESIAN_POINT('',(-0.0227924988437584,0.0542648041990102,0.016));
#17271=CARTESIAN_POINT('',(-0.0227924988437584,0.0542648041990102,0.016));
#17272=CARTESIAN_POINT('',(-0.0224024072473167,0.0541652188820938,0.016));
#17273=CARTESIAN_POINT('',(-0.0225426516581221,0.0542648041990102,0.016));
#17274=CARTESIAN_POINT('',(-0.0227924988437584,0.0542648041990102,0.016));
#17275=CARTESIAN_POINT('',(-0.0227546906246471,0.0529504137254287,0.016));
#17276=CARTESIAN_POINT('',(-0.0230028654599664,0.0542424122342598,0.016));
#17277=CARTESIAN_POINT('',(-0.0230028414482401,0.05424229585682,0.016));
#17278=CARTESIAN_POINT('',(-0.0227546906246471,0.0529504137254287,0.016));
#17279=CARTESIAN_POINT('',(-0.0226662903535126,0.0523450222089268,0.016));
#17280=CARTESIAN_POINT('',(-0.0232680334635898,0.0541758256022388,0.016));
#17281=CARTESIAN_POINT('',(-0.0232680220913327,0.0541757909771531,0.016));
#17282=CARTESIAN_POINT('',(-0.0226662903535126,0.0523450222089268,0.016));
#17283=CARTESIAN_POINT('',(-0.0228012757679961,0.0527280096685717,0.016));
#17284=CARTESIAN_POINT('',(-0.0235255410582197,0.0540656335651775,0.016));
#17285=CARTESIAN_POINT('',(-0.0235254020092081,0.0540653519051125,0.016));
#17286=CARTESIAN_POINT('',(-0.0228012757679961,0.0527280096685717,0.016));
#17287=CARTESIAN_POINT('',(-0.0233037707498944,0.0536198327338896,0.016));
#17288=CARTESIAN_POINT('',(-0.0237058553006837,0.0539112468608456,0.016));
#17289=CARTESIAN_POINT('',(-0.0237061256749751,0.0539114428682978,0.0159999996903343));
#17290=CARTESIAN_POINT('',(-0.0233037707498944,0.0536198327338896,0.016));
#17291=CARTESIAN_POINT('',(-0.0237058553006837,0.0538888548960951,0.016));
#17292=CARTESIAN_POINT('',(-0.0237058553006837,0.0507433731108904,0.016));
#17293=CARTESIAN_POINT('',(-0.0237058553006837,0.0507433731108904,0.016));
#17294=CARTESIAN_POINT('',(-0.0237058553006837,0.0538888548960951,0.016));
#17295=CARTESIAN_POINT('',(-0.0241513375467712,0.0507433731108904,0.016));
#17296=CARTESIAN_POINT('',(-0.0245968197928586,0.0507433731108904,0.016));
#17297=CARTESIAN_POINT('',(-0.0245968197928586,0.0507433731108904,0.016));
#17298=CARTESIAN_POINT('',(-0.0241513375467712,0.0507433731108904,0.016));
#17299=CARTESIAN_POINT('',(-0.0245968197928586,0.0528205224726076,0.016));
#17300=CARTESIAN_POINT('',(-0.0245968197928586,0.0548976718343249,0.016));
#17301=CARTESIAN_POINT('',(-0.0245968197928586,0.0548976718343249,0.016));
#17302=CARTESIAN_POINT('',(-0.0245968197928586,0.0528205224726076,0.016));
#17303=CARTESIAN_POINT('',(-0.0241990677874234,0.0548976718343249,0.016));
#17304=CARTESIAN_POINT('',(-0.0238013157819881,0.0548976718343249,0.016));
#17305=CARTESIAN_POINT('',(-0.0238013157819881,0.0548976718343249,0.016));
#17306=CARTESIAN_POINT('',(-0.0241990677874234,0.0548976718343249,0.016));
#17307=CARTESIAN_POINT('',(-0.0237535855413359,0.0546878944803472,0.016));
#17308=CARTESIAN_POINT('',(-0.0237059392032005,0.0544784858831099,0.016));
#17309=CARTESIAN_POINT('',(-0.0237059392032005,0.0544784858831099,0.016));
#17310=CARTESIAN_POINT('',(-0.0237535855413359,0.0546878944803472,0.016));
#17311=CARTESIAN_POINT('',(-0.0227053309540667,0.053350778740323,0.016));
#17312=CARTESIAN_POINT('',(-0.0234813463909492,0.0546436998130766,0.016));
#17313=CARTESIAN_POINT('',(-0.0234812973599373,0.0546436158025316,0.016));
#17314=CARTESIAN_POINT('',(-0.0227053309540667,0.053350778740323,0.016));
#17315=CARTESIAN_POINT('',(-0.0224174986196685,0.0529081901084472,0.016));
#17316=CARTESIAN_POINT('',(-0.0231831797024304,0.0547945509440269,0.016));
#17317=CARTESIAN_POINT('',(-0.0231831599261109,0.0547945020708727,0.016));
#17318=CARTESIAN_POINT('',(-0.0224174986196685,0.0529081901084472,0.016));
#17319=CARTESIAN_POINT('',(-0.0223265882942668,0.0527117033769423,0.016));
#17320=CARTESIAN_POINT('',(-0.0228514250667859,0.0549017966699368,0.016));
#17321=CARTESIAN_POINT('',(-0.0228514092032306,0.054901732069076,0.016));
#17322=CARTESIAN_POINT('',(-0.0223262205882398,0.0527103037776593,0.016));
#17323=CARTESIAN_POINT('',(-0.0225129509209352,0.0535230815652855,0.016));
#17324=CARTESIAN_POINT('',(-0.0225202596933716,0.0549424557638258,0.016));
#17325=CARTESIAN_POINT('',(-0.0225202596933716,0.0549424557638258,0.016));
#17326=CARTESIAN_POINT('',(-0.0225129509209352,0.0535230815652855,0.016));
#17327=CARTESIAN_POINT('',(-0.0225202596933716,0.0549424557638258,0.016));
#17328=CARTESIAN_POINT('',(-0.0225202596933716,0.0549424557638258,0.013));
#17329=CARTESIAN_POINT('',(-0.0222994827777622,0.0549424557638258,0.016));
#17330=CARTESIAN_POINT('',(-0.0222994827777622,0.0549424557638258,0.013));
#17331=CARTESIAN_POINT('',(-0.0221128830715086,0.0548957076268907,0.016));
#17332=CARTESIAN_POINT('',(-0.0221128830715086,0.0548957076268907,0.013));
#17333=CARTESIAN_POINT('',(-0.021960460574611,0.0548022113530205,0.016));
#17334=CARTESIAN_POINT('',(-0.021960460574611,0.0548022113530205,0.013));
#17335=CARTESIAN_POINT('',(-0.021960460574611,0.0548022113530205,0.016));
#17336=CARTESIAN_POINT('',(-0.021960460574611,0.0548022113530205,0.016));
#17337=CARTESIAN_POINT('',(-0.0225202596933716,0.0549424557638258,0.016));
#17338=CARTESIAN_POINT('',(-0.0221890943199574,0.0549424557638258,0.016));
#17339=CARTESIAN_POINT('',(-0.021960460574611,0.0548022113530205,0.016));
#17340=CARTESIAN_POINT('',(-0.0234009501375873,0.0525122912704065,0.016));
#17341=CARTESIAN_POINT('',(-0.021503193083918,0.0544415828680925,0.016));
#17342=CARTESIAN_POINT('',(-0.0215033435893872,0.0544414277494771,0.016));
#17343=CARTESIAN_POINT('',(-0.0234009501375873,0.0525122912704065,0.016));
#17344=CARTESIAN_POINT('',(-0.0221564851109028,0.0537939207524094,0.016));
#17345=CARTESIAN_POINT('',(-0.0213081472856972,0.0541498980641067,0.016));
#17346=CARTESIAN_POINT('',(-0.0213081635712826,0.054149891307414,0.016));
#17347=CARTESIAN_POINT('',(-0.0221564851109028,0.0537939207524094,0.016));
#17348=CARTESIAN_POINT('',(-0.0228206856607351,0.0535109615610209,0.016));
#17349=CARTESIAN_POINT('',(-0.0212050263953991,0.0538040011349356,0.016));
#17350=CARTESIAN_POINT('',(-0.0212050417376297,0.053803998383138,0.016));
#17351=CARTESIAN_POINT('',(-0.0228206856607351,0.0535109615610209,0.016));
#17352=CARTESIAN_POINT('',(-0.0237336224530354,0.0533417538364475,0.016));
#17353=CARTESIAN_POINT('',(-0.0211649565637405,0.0534392478143958,0.016));
#17354=CARTESIAN_POINT('',(-0.0211649628464297,0.0534392475715076,0.016));
#17355=CARTESIAN_POINT('',(-0.023734704640499,0.0533415403554567,0.016));
#17356=CARTESIAN_POINT('',(-0.0323690761231082,0.0531888811675778,0.016));
#17357=CARTESIAN_POINT('',(-0.0305778314301438,0.0536378291859982,0.016));
#17358=CARTESIAN_POINT('',(-0.0305779715524053,0.0536377936389475,0.016));
#17359=CARTESIAN_POINT('',(-0.0323690761231082,0.0531888811675778,0.016));
#17360=CARTESIAN_POINT('',(-0.0308540787321705,0.0542419026297891,0.01599999975));
#17361=CARTESIAN_POINT('',(-0.0308541954161425,0.0542418229720295,0.016));
#17362=CARTESIAN_POINT('',(-0.0334342185617065,0.0529260514421786,0.016));
#17363=CARTESIAN_POINT('',(-0.0304894420956026,0.052894180251392,0.016));
#17364=CARTESIAN_POINT('',(-0.0304897445207578,0.0528941845436503,0.016));
#17365=CARTESIAN_POINT('',(-0.0334342185617065,0.0529260514421786,0.016));
#17366=CARTESIAN_POINT('',(-0.0338412766730246,0.052887046959767,0.016));
#17367=CARTESIAN_POINT('',(-0.030589027412519,0.0520768735380014,0.016));
#17368=CARTESIAN_POINT('',(-0.0305893048523051,0.0520769388308204,0.016));
#17369=CARTESIAN_POINT('',(-0.0338412766730246,0.052887046959767,0.016));
#17370=CARTESIAN_POINT('',(-0.0327827657426754,0.052598642250834,0.016));
#17371=CARTESIAN_POINT('',(-0.0308913189366497,0.0513732944350537,0.016));
#17372=CARTESIAN_POINT('',(-0.030891202412805,0.0513732195022493,0.016));
#17373=CARTESIAN_POINT('',(-0.0327827657426754,0.052598642250834,0.016));
#17374=CARTESIAN_POINT('',(-0.0321890926926467,0.0522192800442432,0.016));
#17375=CARTESIAN_POINT('',(-0.0313992629791463,0.0508871530950773,0.016));
#17376=CARTESIAN_POINT('',(-0.0313992629791463,0.0508871530950773,0.016));
#17377=CARTESIAN_POINT('',(-0.0321890926926467,0.0522192800442432,0.016));
#17378=CARTESIAN_POINT('',(-0.0313992629791463,0.0508871530950773,0.016));
#17379=CARTESIAN_POINT('',(-0.0313992629791463,0.0508871530950773,0.013));
#17380=CARTESIAN_POINT('',(-0.0316027548693344,0.0507669436001014,0.016));
#17381=CARTESIAN_POINT('',(-0.0316027548693344,0.0507669436001014,0.013));
#17382=CARTESIAN_POINT('',(-0.0318419953348258,0.0507068388526134,0.016));
#17383=CARTESIAN_POINT('',(-0.0318419953348258,0.0507068388526134,0.013));
#17384=CARTESIAN_POINT('',(-0.0321169843756205,0.0507068388526134,0.016));
#17385=CARTESIAN_POINT('',(-0.0321169843756205,0.0507068388526134,0.013));
#17386=CARTESIAN_POINT('',(-0.0321169843756205,0.0507068388526134,0.016));
#17387=CARTESIAN_POINT('',(-0.0321169843756205,0.0507068388526134,0.016));
#17388=CARTESIAN_POINT('',(-0.0313992629791463,0.0508871530950773,0.016));
#17389=CARTESIAN_POINT('',(-0.0317045008144285,0.0507068388526134,0.016));
#17390=CARTESIAN_POINT('',(-0.0321169843756205,0.0507068388526134,0.016));
#17391=CARTESIAN_POINT('',(-0.0321236749465299,0.052743570240406,0.016));
#17392=CARTESIAN_POINT('',(-0.0325447887547997,0.050751033519884,0.016));
#17393=CARTESIAN_POINT('',(-0.0325447715015212,0.0507511199714547,0.016));
#17394=CARTESIAN_POINT('',(-0.0321236749465299,0.052743570240406,0.016));
#17395=CARTESIAN_POINT('',(-0.0321945955140908,0.0524616404582031,0.016));
#17396=CARTESIAN_POINT('',(-0.0329166132221029,0.0508724215393205,0.016));
#17397=CARTESIAN_POINT('',(-0.0329165752060716,0.0508725118138997,0.016));
#17398=CARTESIAN_POINT('',(-0.0321945955140908,0.0524616404582031,0.016));
#17399=CARTESIAN_POINT('',(-0.0324354156728374,0.0519575164459423,0.016));
#17400=CARTESIAN_POINT('',(-0.0331888523724897,0.0510415397994092,0.016));
#17401=CARTESIAN_POINT('',(-0.0331888523724897,0.0510415397994092,0.016));
#17402=CARTESIAN_POINT('',(-0.0324354156728374,0.0519575164459423,0.016));
#17403=CARTESIAN_POINT('',(-0.0331888523724897,0.0510415397994092,0.016));
#17404=CARTESIAN_POINT('',(-0.0331888523724897,0.0510415397994092,0.013));
#17405=CARTESIAN_POINT('',(-0.0332599566816094,0.0511028230713577,0.016));
#17406=CARTESIAN_POINT('',(-0.0332599566816094,0.0511028230713577,0.013));
#17407=CARTESIAN_POINT('',(-0.0333029728244195,0.0511680347581748,0.016));
#17408=CARTESIAN_POINT('',(-0.0333029728244195,0.0511680347581748,0.013));
#17409=CARTESIAN_POINT('',(-0.0333179008009198,0.0512371748598603,0.016));
#17410=CARTESIAN_POINT('',(-0.0333179008009198,0.0512371748598603,0.013));
#17411=CARTESIAN_POINT('',(-0.0333179008009198,0.0512371748598603,0.016));
#17412=CARTESIAN_POINT('',(-0.0333179008009198,0.0512371748598603,0.016));
#17413=CARTESIAN_POINT('',(-0.0331888523724897,0.0510415397994092,0.016));
#17414=CARTESIAN_POINT('',(-0.0332955088361694,0.051133464707332,0.016));
#17415=CARTESIAN_POINT('',(-0.0333179008009198,0.0512371748598603,0.016));
#17416=CARTESIAN_POINT('',(-0.0389791286850606,0.0516428916466682,0.016));
#17417=CARTESIAN_POINT('',(-0.0333397035034399,0.0510008807055203,0.016));
#17418=CARTESIAN_POINT('',(-0.0333397205672825,0.051000882686433,0.016));
#17419=CARTESIAN_POINT('',(-0.0389791286850606,0.0516428916466682,0.016));
#17420=CARTESIAN_POINT('',(-0.0275872777864669,0.0503570286029038,0.016));
#17421=CARTESIAN_POINT('',(-0.0333627004687046,0.0507433731108904,0.016));
#17422=CARTESIAN_POINT('',(-0.0333627004687046,0.0507433731108904,0.016));
#17423=CARTESIAN_POINT('',(-0.0275872777864669,0.0503570286029038,0.016));
#17424=CARTESIAN_POINT('',(-0.0337857750117576,0.0507433731108904,0.016));
#17425=CARTESIAN_POINT('',(-0.0342088652930947,0.0507433731108904,0.016));
#17426=CARTESIAN_POINT('',(-0.0342088652930947,0.0507433731108904,0.016));
#17427=CARTESIAN_POINT('',(-0.0337857750117576,0.0507433731108904,0.016));
#17428=CARTESIAN_POINT('',(-0.0342088652930947,0.0536048305011029,0.016));
#17429=CARTESIAN_POINT('',(-0.0342088652930947,0.0564662878913154,0.016));
#17430=CARTESIAN_POINT('',(-0.0342088652930947,0.0564662878913154,0.016));
#17431=CARTESIAN_POINT('',(-0.0342088652930947,0.0536048305011029,0.016));
#17432=CARTESIAN_POINT('',(-0.0337633830470072,0.0564662878913154,0.016));
#17433=CARTESIAN_POINT('',(-0.0333179008009198,0.0564662878913154,0.016));
#17434=CARTESIAN_POINT('',(-0.0333179008009198,0.0564662878913154,0.016));
#17435=CARTESIAN_POINT('',(-0.0337633830470072,0.0564662878913154,0.016));
#17436=CARTESIAN_POINT('',(-0.0333179008009198,0.0554722025088425,0.016));
#17437=CARTESIAN_POINT('',(-0.0333179008009198,0.0544781171263695,0.016));
#17438=CARTESIAN_POINT('',(-0.0333179008009198,0.0544781171263695,0.016));
#17439=CARTESIAN_POINT('',(-0.0333179008009198,0.0554722025088425,0.016));
#17440=CARTESIAN_POINT('',(-0.0333179008009198,0.0544781171263695,0.016));
#17441=CARTESIAN_POINT('',(-0.0333179008009198,0.0544781171263695,0.013));
#17442=CARTESIAN_POINT('',(-0.0332196904292073,0.0546156116467669,0.016));
#17443=CARTESIAN_POINT('',(-0.0332196904292073,0.0546156116467669,0.013));
#17444=CARTESIAN_POINT('',(-0.0330711963471782,0.0547260001045717,0.016));
#17445=CARTESIAN_POINT('',(-0.0330711963471782,0.0547260001045717,0.013));
#17446=CARTESIAN_POINT('',(-0.0328724185548323,0.0548092824997838,0.016));
#17447=CARTESIAN_POINT('',(-0.0328724185548323,0.0548092824997838,0.013));
#17448=CARTESIAN_POINT('',(-0.0328724185548323,0.0548092824997838,0.016));
#17449=CARTESIAN_POINT('',(-0.0328724185548323,0.0548092824997838,0.016));
#17450=CARTESIAN_POINT('',(-0.0333179008009198,0.0544781171263695,0.016));
#17451=CARTESIAN_POINT('',(-0.0331705852433511,0.0546843589069656,0.016));
#17452=CARTESIAN_POINT('',(-0.0328724185548323,0.0548092824997838,0.016));
#17453=CARTESIAN_POINT('',(-0.0322376429570445,0.0532439681436021,0.016));
#17454=CARTESIAN_POINT('',(-0.0322136233813856,0.0549342060926019,0.016));
#17455=CARTESIAN_POINT('',(-0.0322136278988961,0.0549339439279539,0.016));
#17456=CARTESIAN_POINT('',(-0.0322376429570445,0.0532439681436021,0.016));
#17457=CARTESIAN_POINT('',(-0.0322215550341843,0.0529997428547565,0.016));
#17458=CARTESIAN_POINT('',(-0.0317192323701853,0.0548682087228112,0.016));
#17459=CARTESIAN_POINT('',(-0.0317192440497824,0.0548681664282614,0.016));
#17460=CARTESIAN_POINT('',(-0.0322215550341843,0.0529997428547565,0.016));
#17461=CARTESIAN_POINT('',(-0.0320832829532536,0.0534953221850736,0.016));
#17462=CARTESIAN_POINT('',(-0.0312519474215777,0.0546472353864583,0.016));
#17463=CARTESIAN_POINT('',(-0.0312518184384843,0.054647408822465,0.016));
#17464=CARTESIAN_POINT('',(-0.0320832829532536,0.0534953221850736,0.016));
#17465=CARTESIAN_POINT('',(0.00186455553837569,0.0624703947178061,0.016));
#17466=CARTESIAN_POINT('',(0.00243608507330277,0.0624785039948866,0.016));
#17467=CARTESIAN_POINT('',(0.00243620560181172,0.0624785046304758,0.016));
#17468=CARTESIAN_POINT('',(0.00186455553837569,0.0624703947178061,0.016));
#17469=CARTESIAN_POINT('',(0.00239901582295213,0.062674009261792,0.0159999999999983));
#17470=CARTESIAN_POINT('',(0.00239909202866604,0.062674038659395,0.016));
#17471=CARTESIAN_POINT('',(0.00189800202457298,0.0624867107392171,0.016));
#17472=CARTESIAN_POINT('',(0.00239279101556858,0.0622738226984625,0.016));
#17473=CARTESIAN_POINT('',(0.00239271893021692,0.0622738550977091,0.016));
#17474=CARTESIAN_POINT('',(0.00189800202457298,0.0624867107392171,0.016));
#17475=CARTESIAN_POINT('',(0.00137437843227023,0.0626986796244435,0.016));
#17476=CARTESIAN_POINT('',(0.00227835648737914,0.0620654827492722,0.016));
#17477=CARTESIAN_POINT('',(0.00227832200867114,0.062065507108713,0.016));
#17478=CARTESIAN_POINT('',(0.00137437843227023,0.0626986796244435,0.016));
#17479=CARTESIAN_POINT('',(0.000509472533379095,0.0632915361831114,0.016));
#17480=CARTESIAN_POINT('',(0.00212205071086462,0.0618660861735105,0.016));
#17481=CARTESIAN_POINT('',(0.00212204364709206,0.0618660924121849,0.016));
#17482=CARTESIAN_POINT('',(0.000509472533379095,0.0632915361831114,0.016));
#17483=CARTESIAN_POINT('',(-0.00133738287675228,0.0649119062956766,0.016));
#17484=CARTESIAN_POINT('',(0.00195192335723309,0.061683153535197,0.016));
#17485=CARTESIAN_POINT('',(0.00195191788423513,0.061683158879785,0.016));
#17486=CARTESIAN_POINT('',(-0.00133738287675228,0.0649119062956766,0.016));
#17487=CARTESIAN_POINT('',(-0.00176345212017266,0.0653232262106046,0.016));
#17488=CARTESIAN_POINT('',(0.0017919589279523,0.0615268477586825,0.016));
#17489=CARTESIAN_POINT('',(0.00179197417490641,0.0615268314168235,0.016));
#17490=CARTESIAN_POINT('',(-0.00176345212017266,0.0653232262106046,0.016));
#17491=CARTESIAN_POINT('',(0.00526878616735368,0.0577729848715576,0.016));
#17492=CARTESIAN_POINT('',(0.00166850653485626,0.0614085513192398,0.016));
#17493=CARTESIAN_POINT('',(0.0016685810263342,0.0614085513192398,0.016));
#17494=CARTESIAN_POINT('',(0.00526878616735368,0.0577729848715576,0.016));
#17495=CARTESIAN_POINT('',(0.0020661546269355,0.0614085513192398,0.016));
#17496=CARTESIAN_POINT('',(0.0024637282275368,0.0614085513192398,0.016));
#17497=CARTESIAN_POINT('',(0.0024637282275368,0.0614085513192398,0.016));
#17498=CARTESIAN_POINT('',(0.0020661546269355,0.0614085513192398,0.016));
#17499=CARTESIAN_POINT('',(0.0024637282275368,0.0612853766761087,0.016));
#17500=CARTESIAN_POINT('',(0.0024637282275368,0.0611622020329776,0.016));
#17501=CARTESIAN_POINT('',(0.0024637282275368,0.0611622020329776,0.016));
#17502=CARTESIAN_POINT('',(0.0024637282275368,0.0612853766761087,0.016));
#17503=CARTESIAN_POINT('',(0.00188200243769993,0.0611622020329776,0.016));
#17504=CARTESIAN_POINT('',(0.00130027664786306,0.0611622020329776,0.016));
#17505=CARTESIAN_POINT('',(0.00130027664786306,0.0611622020329776,0.016));
#17506=CARTESIAN_POINT('',(0.00188200243769993,0.0611622020329776,0.016));
#17507=CARTESIAN_POINT('',(0.00130027664786306,0.0613044829738881,0.016));
#17508=CARTESIAN_POINT('',(0.00130027664786306,0.0614470841863184,0.016));
#17509=CARTESIAN_POINT('',(0.00130027664786306,0.0614470841863184,0.016));
#17510=CARTESIAN_POINT('',(0.00130027664786306,0.0613044829738881,0.016));
#17511=CARTESIAN_POINT('',(0.00135804484943573,0.0614974287671408,0.0160000000051423));
#17512=CARTESIAN_POINT('',(0.00142710994376041,0.0615573365317347,0.016));
#17513=CARTESIAN_POINT('',(0.00142704934994011,0.0615574055693645,0.016));
#17514=CARTESIAN_POINT('',(0.00135804484943573,0.0614974287671408,0.016));
#17515=CARTESIAN_POINT('',(-0.0033597663800281,0.0671033084340701,0.016));
#17516=CARTESIAN_POINT('',(0.00160252201805434,0.0617136423082492,0.016));
#17517=CARTESIAN_POINT('',(0.00160251999773807,0.0617136444926782,0.016));
#17518=CARTESIAN_POINT('',(-0.0033597663800281,0.0671033084340701,0.016));
#17519=CARTESIAN_POINT('',(-0.00123238607014847,0.0647951093661996,0.016));
#17520=CARTESIAN_POINT('',(0.00179053611854319,0.0618977944974848,0.016));
#17521=CARTESIAN_POINT('',(0.00179052203550217,0.0618978080356955,0.016));
#17522=CARTESIAN_POINT('',(-0.00123238607014847,0.0647951093661996,0.016));
#17523=CARTESIAN_POINT('',(2.57815755938759E-5,0.0635997466581426,0.016));
#17524=CARTESIAN_POINT('',(0.00196208628158384,0.0620959715223244,0.016));
#17525=CARTESIAN_POINT('',(0.00196204590076074,0.0620960034950441,0.016));
#17526=CARTESIAN_POINT('',(2.57815755938759E-5,0.0635997466581426,0.016));
#17527=CARTESIAN_POINT('',(0.000961537960721149,0.0628826411423272,0.016));
#17528=CARTESIAN_POINT('',(0.00208912283596819,0.0622929289962419,0.016));
#17529=CARTESIAN_POINT('',(0.00208898785943763,0.0622930064641515,0.016));
#17530=CARTESIAN_POINT('',(0.000961537960721149,0.0628826411423272,0.016));
#17531=CARTESIAN_POINT('',(0.00173456662838898,0.0624888194824977,0.016));
#17532=CARTESIAN_POINT('',(0.00213851464831283,0.0624756583760684,0.016));
#17533=CARTESIAN_POINT('',(0.00213851728221701,0.0624756594653837,0.016));
#17534=CARTESIAN_POINT('',(0.00173456662838898,0.0624888194824977,0.016));
#17535=CARTESIAN_POINT('',(0.00182101706347426,0.0624876791790171,0.016));
#17536=CARTESIAN_POINT('',(0.0021068063243385,0.0626244435885634,0.016));
#17537=CARTESIAN_POINT('',(0.00210695683898674,0.0626245102749625,0.016));
#17538=CARTESIAN_POINT('',(0.00182101706347426,0.0624876791790171,0.016));
#17539=CARTESIAN_POINT('',(0.00183633154691193,0.0624856730776961,0.016));
#17540=CARTESIAN_POINT('',(0.00202692573894161,0.0627222109208176,0.016));
#17541=CARTESIAN_POINT('',(0.00202694378194999,0.0627222330064248,0.016));
#17542=CARTESIAN_POINT('',(0.00183633154691193,0.0624856730776961,0.016));
#17543=CARTESIAN_POINT('',(0.00184675143003801,0.0624968060347834,0.016));
#17544=CARTESIAN_POINT('',(0.00192143458418083,0.0627754646444155,0.016));
#17545=CARTESIAN_POINT('',(0.00192142537156559,0.0627754322299294,0.016));
#17546=CARTESIAN_POINT('',(0.00184675143003801,0.0624968060347834,0.016));
#17547=CARTESIAN_POINT('',(0.00180817489891944,0.0623684184479435,0.016));
#17548=CARTESIAN_POINT('',(0.00181330106908886,0.0627907090309416,0.016));
#17549=CARTESIAN_POINT('',(0.00181330115425957,0.0627906955233269,0.016));
#17550=CARTESIAN_POINT('',(0.00180817489891944,0.0623684184479435,0.016));
#17551=CARTESIAN_POINT('',(0.00179697004711788,0.061012617567365,0.016));
#17552=CARTESIAN_POINT('',(0.00164967798704181,0.0627844080178442,0.016));
#17553=CARTESIAN_POINT('',(0.00164967583677204,0.0627844382812061,0.016));
#17554=CARTESIAN_POINT('',(0.00179697004711788,0.061012617567365,0.016));
#17555=CARTESIAN_POINT('',(0.00172605581018883,0.0619156319119058,0.016));
#17556=CARTESIAN_POINT('',(0.00153646300977446,0.0627667245294739,0.016));
#17557=CARTESIAN_POINT('',(0.00153646115083748,0.0627667332144269,0.016));
#17558=CARTESIAN_POINT('',(0.00172605581018883,0.0619156319119058,0.016));
#17559=CARTESIAN_POINT('',(0.00161421409465492,0.0624197400306506,0.016));
#17560=CARTESIAN_POINT('',(0.0014500781527931,0.0627350162054995,0.016));
#17561=CARTESIAN_POINT('',(0.00145006140240118,0.0627350486536781,0.016));
#17562=CARTESIAN_POINT('',(0.00161421409465492,0.0624197400306506,0.016));
#17563=CARTESIAN_POINT('',(0.00243334586281864,0.0609057205257811,0.016));
#17564=CARTESIAN_POINT('',(0.00136898359329763,0.0626890679971635,0.016));
#17565=CARTESIAN_POINT('',(0.00136898359329763,0.0626890679971635,0.016));
#17566=CARTESIAN_POINT('',(0.00243334586281864,0.0609057205257811,0.016));
#17567=CARTESIAN_POINT('',(0.00132446440781784,0.0627831884669221,0.016));
#17568=CARTESIAN_POINT('',(0.00127987674982841,0.0628774536981966,0.016));
#17569=CARTESIAN_POINT('',(0.00127987674982841,0.0628774536981966,0.016));
#17570=CARTESIAN_POINT('',(0.00132446440781784,0.0627831884669221,0.016));
#17571=CARTESIAN_POINT('',(0.00160354968166755,0.0625016495388606,0.016));
#17572=CARTESIAN_POINT('',(0.00139296251794189,0.0629508767187094,0.016));
#17573=CARTESIAN_POINT('',(0.00139299604085371,0.0629508037251936,0.016));
#17574=CARTESIAN_POINT('',(0.00160354968166755,0.0625016495388606,0.016));
#17575=CARTESIAN_POINT('',(0.00175709630634553,0.0622048964385502,0.016));
#17576=CARTESIAN_POINT('',(0.00153280435700819,0.0630041304423074,0.016));
#17577=CARTESIAN_POINT('',(0.00153280648893308,0.0630041228905913,0.016));
#17578=CARTESIAN_POINT('',(0.00175729849482122,0.062204360129187,0.016));
#17579=CARTESIAN_POINT('',(0.00188832619276451,0.061745223583101,0.016));
#17580=CARTESIAN_POINT('',(0.00167630484884077,0.0630360420247687,0.016));
#17581=CARTESIAN_POINT('',(0.00167630989364463,0.0630360128122373,0.016));
#17582=CARTESIAN_POINT('',(0.00188832619276451,0.061745223583101,0.016));
#17583=CARTESIAN_POINT('',(0.0018153885845584,0.0622199115518235,0.016));
#17584=CARTESIAN_POINT('',(0.00180842286540051,0.0630476277585286,0.016));
#17585=CARTESIAN_POINT('',(0.00180843225744069,0.0630473460264878,0.016));
#17586=CARTESIAN_POINT('',(0.0018153885845584,0.0622199115518235,0.016));
#17587=CARTESIAN_POINT('',(0.0018284065228061,0.0623603307211136,0.016));
#17588=CARTESIAN_POINT('',(0.00209156193781238,0.0629941707764436,0.016));
#17589=CARTESIAN_POINT('',(0.00209162506740999,0.0629943283672967,0.016));
#17590=CARTESIAN_POINT('',(0.0018284065228061,0.0623603307211136,0.016));
#17591=CARTESIAN_POINT('',(0.00185604920251305,0.0624481856621587,0.016));
#17592=CARTESIAN_POINT('',(0.0022858770513987,0.0628581908486306,0.016));
#17593=CARTESIAN_POINT('',(0.00228594812542092,0.0628582601902946,0.016));
#17594=CARTESIAN_POINT('',(0.00185604920251305,0.0624481856621587,0.016));
#17595=CARTESIAN_POINT('',(0.000304343392048743,0.0624703947178061,0.016));
#17596=CARTESIAN_POINT('',(0.000875872926975781,0.0624785039948866,0.016));
#17597=CARTESIAN_POINT('',(0.000875993455484713,0.0624785046304758,0.016));
#17598=CARTESIAN_POINT('',(0.000304343392048743,0.0624703947178061,0.016));
#17599=CARTESIAN_POINT('',(0.000838803676625144,0.062674009261792,0.0159999999999983));
#17600=CARTESIAN_POINT('',(0.000838879882339053,0.062674038659395,0.016));
#17601=CARTESIAN_POINT('',(0.000337789878249991,0.0624867107392162,0.016));
#17602=CARTESIAN_POINT('',(0.000832578869241589,0.0622738226984625,0.016));
#17603=CARTESIAN_POINT('',(0.00083250678388991,0.0622738550977091,0.016));
#17604=CARTESIAN_POINT('',(0.000337789878249991,0.0624867107392162,0.016));
#17605=CARTESIAN_POINT('',(-0.000185833714057008,0.0626986796244436,0.016));
#17606=CARTESIAN_POINT('',(0.000718144341052156,0.0620654827492722,0.016));
#17607=CARTESIAN_POINT('',(0.000718109862343902,0.0620655071087132,0.016));
#17608=CARTESIAN_POINT('',(-0.000185833714057008,0.0626986796244436,0.016));
#17609=CARTESIAN_POINT('',(-0.00105073961250309,0.0632915361827627,0.016));
#17610=CARTESIAN_POINT('',(0.000561838564537636,0.0618660861735105,0.016));
#17611=CARTESIAN_POINT('',(0.000561831500764844,0.0618660924121851,0.016));
#17612=CARTESIAN_POINT('',(-0.00105073961250309,0.0632915361827627,0.016));
#17613=CARTESIAN_POINT('',(-0.0028975950230796,0.0649119062956769,0.016));
#17614=CARTESIAN_POINT('',(0.000391711210906098,0.061683153535197,0.016));
#17615=CARTESIAN_POINT('',(0.000391705737908143,0.061683158879785,0.016));
#17616=CARTESIAN_POINT('',(-0.0028975950230796,0.0649119062956769,0.016));
#17617=CARTESIAN_POINT('',(-0.003323664266497,0.0653232262106019,0.016));
#17618=CARTESIAN_POINT('',(0.00023174678162531,0.0615268477586825,0.016));
#17619=CARTESIAN_POINT('',(0.000231762028579429,0.0615268314168235,0.016));
#17620=CARTESIAN_POINT('',(-0.003323664266497,0.0653232262106019,0.016));
#17621=CARTESIAN_POINT('',(0.00370857402102745,0.0577729848715568,0.016));
#17622=CARTESIAN_POINT('',(0.000108294388529267,0.0614085513192398,0.016));
#17623=CARTESIAN_POINT('',(0.000108368880007216,0.0614085513192398,0.016));
#17624=CARTESIAN_POINT('',(0.00370857402102745,0.0577729848715568,0.016));
#17625=CARTESIAN_POINT('',(0.000505942480608516,0.0614085513192398,0.016));
#17626=CARTESIAN_POINT('',(0.000903516081209817,0.0614085513192398,0.016));
#17627=CARTESIAN_POINT('',(0.000903516081209817,0.0614085513192398,0.016));
#17628=CARTESIAN_POINT('',(0.000505942480608516,0.0614085513192398,0.016));
#17629=CARTESIAN_POINT('',(0.000903516081209817,0.0612853766761087,0.016));
#17630=CARTESIAN_POINT('',(0.000903516081209817,0.0611622020329776,0.016));
#17631=CARTESIAN_POINT('',(0.000903516081209817,0.0611622020329776,0.016));
#17632=CARTESIAN_POINT('',(0.000903516081209817,0.0612853766761087,0.016));
#17633=CARTESIAN_POINT('',(0.000321790291372945,0.0611622020329776,0.016));
#17634=CARTESIAN_POINT('',(-0.000259935498463928,0.0611622020329776,0.016));
#17635=CARTESIAN_POINT('',(-0.000259935498463928,0.0611622020329776,0.016));
#17636=CARTESIAN_POINT('',(0.000321790291372945,0.0611622020329776,0.016));
#17637=CARTESIAN_POINT('',(-0.000259935498463928,0.0613044829738881,0.016));
#17638=CARTESIAN_POINT('',(-0.000259935498463928,0.0614470841863184,0.016));
#17639=CARTESIAN_POINT('',(-0.000259935498463928,0.0614470841863184,0.016));
#17640=CARTESIAN_POINT('',(-0.000259935498463928,0.0613044829738881,0.016));
#17641=CARTESIAN_POINT('',(-0.000202167296891249,0.0614974287671408,0.0160000000051423));
#17642=CARTESIAN_POINT('',(-0.000133102202566581,0.0615573365317347,0.016));
#17643=CARTESIAN_POINT('',(-0.000133162796386875,0.0615574055693645,0.016));
#17644=CARTESIAN_POINT('',(-0.000202167296891249,0.0614974287671408,0.016));
#17645=CARTESIAN_POINT('',(-0.00491997852634716,0.0671033084340612,0.016));
#17646=CARTESIAN_POINT('',(4.23098717273474E-5,0.0617136423082492,0.016));
#17647=CARTESIAN_POINT('',(4.23078514110853E-5,0.0617136444926782,0.016));
#17648=CARTESIAN_POINT('',(-0.00491997852634716,0.0671033084340612,0.016));
#17649=CARTESIAN_POINT('',(-0.00279259821647548,0.0647951093661997,0.016));
#17650=CARTESIAN_POINT('',(0.000230323972216204,0.0618977944974848,0.016));
#17651=CARTESIAN_POINT('',(0.000230309889174165,0.0618978080356964,0.016));
#17652=CARTESIAN_POINT('',(-0.00279259821647548,0.0647951093661997,0.016));
#17653=CARTESIAN_POINT('',(-0.00153443056838605,0.0635997466561106,0.016));
#17654=CARTESIAN_POINT('',(0.000401874135256847,0.0620959715223244,0.016));
#17655=CARTESIAN_POINT('',(0.000401833754432653,0.062096003495045,0.016));
#17656=CARTESIAN_POINT('',(-0.00153443056838605,0.0635997466561106,0.016));
#17657=CARTESIAN_POINT('',(-0.000598674185605264,0.0628826411423269,0.016));
#17658=CARTESIAN_POINT('',(0.000528910689641209,0.0622929289962419,0.016));
#17659=CARTESIAN_POINT('',(0.000528775713110456,0.0622930064641516,0.016));
#17660=CARTESIAN_POINT('',(-0.000598674185605264,0.0628826411423269,0.016));
#17661=CARTESIAN_POINT('',(0.000174354482084957,0.0624888194824915,0.016));
#17662=CARTESIAN_POINT('',(0.00057830250198585,0.0624756583760684,0.016));
#17663=CARTESIAN_POINT('',(0.000578305135889823,0.0624756594653837,0.016));
#17664=CARTESIAN_POINT('',(0.000174354482084957,0.0624888194824915,0.016));
#17665=CARTESIAN_POINT('',(0.000260804917147294,0.0624876791790171,0.016));
#17666=CARTESIAN_POINT('',(0.000546594178011513,0.0626244435885634,0.016));
#17667=CARTESIAN_POINT('',(0.000546744692659753,0.0626245102749625,0.016));
#17668=CARTESIAN_POINT('',(0.000260804917147294,0.0624876791790171,0.016));
#17669=CARTESIAN_POINT('',(0.000276119400584962,0.0624856730776961,0.016));
#17670=CARTESIAN_POINT('',(0.000466713592614625,0.0627222109208176,0.016));
#17671=CARTESIAN_POINT('',(0.000466731635622999,0.0627222330064248,0.016));
#17672=CARTESIAN_POINT('',(0.000276119400584962,0.0624856730776961,0.016));
#17673=CARTESIAN_POINT('',(0.000286539283711027,0.0624968060347834,0.016));
#17674=CARTESIAN_POINT('',(0.00036122243785385,0.0627754646444155,0.016));
#17675=CARTESIAN_POINT('',(0.000361213225238605,0.0627754322299294,0.016));
#17676=CARTESIAN_POINT('',(0.000286539283711027,0.0624968060347834,0.016));
#17677=CARTESIAN_POINT('',(0.000247962752592458,0.0623684184479435,0.016));
#17678=CARTESIAN_POINT('',(0.000253088922761881,0.0627907090309416,0.016));
#17679=CARTESIAN_POINT('',(0.000253089007932588,0.0627906955233269,0.016));
#17680=CARTESIAN_POINT('',(0.000247962752592458,0.0623684184479435,0.016));
#17681=CARTESIAN_POINT('',(0.000236757900790908,0.0610126175673647,0.016));
#17682=CARTESIAN_POINT('',(8.94658407148228E-5,0.0627844080178442,0.016));
#17683=CARTESIAN_POINT('',(8.94636904450509E-5,0.0627844382812061,0.016));
#17684=CARTESIAN_POINT('',(0.000236757900790908,0.0610126175673647,0.016));
#17685=CARTESIAN_POINT('',(0.000165843663861926,0.0619156319119052,0.016));
#17686=CARTESIAN_POINT('',(-2.3749136552521E-5,0.0627667245294739,0.016));
#17687=CARTESIAN_POINT('',(-2.37509954895088E-5,0.0627667332144269,0.016));
#17688=CARTESIAN_POINT('',(0.000165843663861926,0.0619156319119052,0.016));
#17689=CARTESIAN_POINT('',(5.4001948327937E-5,0.0624197400306507,0.016));
#17690=CARTESIAN_POINT('',(-0.000110133993533887,0.0627350162054995,0.016));
#17691=CARTESIAN_POINT('',(-0.000110150743925802,0.0627350486536781,0.016));
#17692=CARTESIAN_POINT('',(5.4001948327937E-5,0.0624197400306507,0.016));
#17693=CARTESIAN_POINT('',(0.000873133716491622,0.0609057205257812,0.016));
#17694=CARTESIAN_POINT('',(-0.000191228553029356,0.0626890679971635,0.016));
#17695=CARTESIAN_POINT('',(-0.000191228553029356,0.0626890679971635,0.016));
#17696=CARTESIAN_POINT('',(0.000873133716491622,0.0609057205257812,0.016));
#17697=CARTESIAN_POINT('',(-0.000235747738509144,0.0627831884669221,0.016));
#17698=CARTESIAN_POINT('',(-0.000280335396498582,0.0628774536981966,0.016));
#17699=CARTESIAN_POINT('',(-0.000280335396498582,0.0628774536981966,0.016));
#17700=CARTESIAN_POINT('',(-0.000235747738509144,0.0627831884669221,0.016));
#17701=CARTESIAN_POINT('',(4.33375353390051E-5,0.0625016495388625,0.016));
#17702=CARTESIAN_POINT('',(-0.000167249628385097,0.0629508767187094,0.016));
#17703=CARTESIAN_POINT('',(-0.000167216105473264,0.0629508037251935,0.016));
#17704=CARTESIAN_POINT('',(4.33375353390051E-5,0.0625016495388625,0.016));
#17705=CARTESIAN_POINT('',(0.000196884160018547,0.0622048964385502,0.016));
#17706=CARTESIAN_POINT('',(-2.7407789318791E-5,0.0630041304423074,0.016));
#17707=CARTESIAN_POINT('',(-2.74056573940015E-5,0.0630041228905916,0.016));
#17708=CARTESIAN_POINT('',(0.000197086348494216,0.062204360129187,0.016));
#17709=CARTESIAN_POINT('',(0.000328114046585659,0.0617452235824351,0.016));
#17710=CARTESIAN_POINT('',(0.000116092702513785,0.0630360420247687,0.016));
#17711=CARTESIAN_POINT('',(0.000116097747317587,0.0630360128122377,0.016));
#17712=CARTESIAN_POINT('',(0.000328114046585659,0.0617452235824351,0.016));
#17713=CARTESIAN_POINT('',(0.000255176438231414,0.0622199115518236,0.016));
#17714=CARTESIAN_POINT('',(0.000248210719073521,0.0630476277585286,0.016));
#17715=CARTESIAN_POINT('',(0.000248220111113707,0.0630473460264878,0.016));
#17716=CARTESIAN_POINT('',(0.000255176438231414,0.0622199115518236,0.016));
#17717=CARTESIAN_POINT('',(0.000268194376479108,0.0623603307211136,0.016));
#17718=CARTESIAN_POINT('',(0.00053134979148539,0.0629941707764436,0.016));
#17719=CARTESIAN_POINT('',(0.000531412921083019,0.0629943283672968,0.016));
#17720=CARTESIAN_POINT('',(0.000268194376479108,0.0623603307211136,0.016));
#17721=CARTESIAN_POINT('',(0.000295837056183621,0.0624481856621552,0.016));
#17722=CARTESIAN_POINT('',(0.000725664905071709,0.0628581908486306,0.016));
#17723=CARTESIAN_POINT('',(0.000725735979093952,0.0628582601902946,0.016));
#17724=CARTESIAN_POINT('',(0.000295837056183621,0.0624481856621552,0.016));
#17725=CARTESIAN_POINT('',(-0.0011008158592449,0.0620337744252978,0.016));
#17726=CARTESIAN_POINT('',(-0.000696941245546135,0.0620337744252978,0.016));
#17727=CARTESIAN_POINT('',(-0.000696941245546135,0.0620337744252978,0.016));
#17728=CARTESIAN_POINT('',(-0.0011008158592449,0.0620337744252978,0.016));
#17729=CARTESIAN_POINT('',(-0.00150469047294367,0.0620337744252978,0.016));
#17730=CARTESIAN_POINT('',(-0.00150469047294367,0.0620337744252978,0.016));
#17731=CARTESIAN_POINT('',(-0.000696941245546135,0.0619055183199914,0.016));
#17732=CARTESIAN_POINT('',(-0.000696941245546135,0.0617772622146849,0.016));
#17733=CARTESIAN_POINT('',(-0.000696941245546135,0.0617772622146849,0.016));
#17734=CARTESIAN_POINT('',(-0.000696941245546135,0.0619055183199914,0.016));
#17735=CARTESIAN_POINT('',(-0.0011008158592449,0.0617772622146849,0.016));
#17736=CARTESIAN_POINT('',(-0.00150469047294367,0.0617772622146849,0.016));
#17737=CARTESIAN_POINT('',(-0.00150469047294367,0.0617772622146849,0.016));
#17738=CARTESIAN_POINT('',(-0.0011008158592449,0.0617772622146849,0.016));
#17739=CARTESIAN_POINT('',(-0.00421916328345923,0.0623686280676763,0.016));
#17740=CARTESIAN_POINT('',(-0.00420540350553188,0.0630646720496597,0.016));
#17741=CARTESIAN_POINT('',(-0.00420540350553188,0.0630646720496597,0.016));
#17742=CARTESIAN_POINT('',(-0.00421916328345923,0.0623686280676763,0.016));
#17743=CARTESIAN_POINT('',(-0.00450527188979434,0.0630030874780939,0.016));
#17744=CARTESIAN_POINT('',(-0.0045051922582588,0.0630029108913853,0.016));
#17745=CARTESIAN_POINT('',(-0.00419180666090556,0.062367577108177,0.016));
#17746=CARTESIAN_POINT('',(-0.00390557972156461,0.0630029108913853,0.016));
#17747=CARTESIAN_POINT('',(-0.00390549931164534,0.0630030916083773,0.016));
#17748=CARTESIAN_POINT('',(-0.00419180666090556,0.062367577108177,0.016));
#17749=CARTESIAN_POINT('',(-0.00417160140209702,0.0624409761957465,0.016));
#17750=CARTESIAN_POINT('',(-0.00367955628400395,0.0628214010624809,0.016));
#17751=CARTESIAN_POINT('',(-0.00367938533302078,0.0628215267710054,0.016));
#17752=CARTESIAN_POINT('',(-0.00417160140209702,0.0624409761957465,0.016));
#17753=CARTESIAN_POINT('',(-0.00435306946823415,0.0623172165931933,0.016));
#17754=CARTESIAN_POINT('',(-0.00353605579217138,0.0625228143450559,0.016));
#17755=CARTESIAN_POINT('',(-0.00353605391084869,0.0625228156930069,0.016));
#17756=CARTESIAN_POINT('',(-0.00435306946823415,0.0623172165931933,0.016));
#17757=CARTESIAN_POINT('',(-0.00506083334393376,0.0621344353528104,0.016));
#17758=CARTESIAN_POINT('',(-0.00348700736994,0.0621078041963449,0.016));
#17759=CARTESIAN_POINT('',(-0.00348700736994,0.0621078041963449,0.016));
#17760=CARTESIAN_POINT('',(-0.00506083334393376,0.0621344353528104,0.016));
#17761=CARTESIAN_POINT('',(-0.00507424230084852,0.0620808199202663,0.016));
#17762=CARTESIAN_POINT('',(-0.00353605579217138,0.0616906740992166,0.016));
#17763=CARTESIAN_POINT('',(-0.00353607292493835,0.0616906770986046,0.016));
#17764=CARTESIAN_POINT('',(-0.00507424230084852,0.0620808199202663,0.016));
#17765=CARTESIAN_POINT('',(-0.0043533425160513,0.0618942246577249,0.016));
#17766=CARTESIAN_POINT('',(-0.00367955628400395,0.0613908678308695,0.016));
#17767=CARTESIAN_POINT('',(-0.00367938030430312,0.0613907410077832,0.016));
#17768=CARTESIAN_POINT('',(-0.0043533425160513,0.0618942246577249,0.016));
#17769=CARTESIAN_POINT('',(-0.00416266720036309,0.0617638185744392,0.016));
#17770=CARTESIAN_POINT('',(-0.00390557972156461,0.0612105775528872,0.016));
#17771=CARTESIAN_POINT('',(-0.0039054980890986,0.0612103951841787,0.016));
#17772=CARTESIAN_POINT('',(-0.00416266720036309,0.0617638185744392,0.016));
#17773=CARTESIAN_POINT('',(-0.00419161370331936,0.0618591096155657,0.016));
#17774=CARTESIAN_POINT('',(-0.00420540676184532,0.0611500358058438,0.016));
#17775=CARTESIAN_POINT('',(-0.00420540676184532,0.0611500358058438,0.016));
#17776=CARTESIAN_POINT('',(-0.00419161370331936,0.0618591096155657,0.016));
#17777=CARTESIAN_POINT('',(-0.00421935687947659,0.0618580357724018,0.016));
#17778=CARTESIAN_POINT('',(-0.0045051922582588,0.0612105775528872,0.016));
#17779=CARTESIAN_POINT('',(-0.0045052705359935,0.0612103979969219,0.016));
#17780=CARTESIAN_POINT('',(-0.00421935687947659,0.0618580357724018,0.016));
#17781=CARTESIAN_POINT('',(-0.00425206234710354,0.0617562482726786,0.016));
#17782=CARTESIAN_POINT('',(-0.00473019940338438,0.0613908678308695,0.016));
#17783=CARTESIAN_POINT('',(-0.00473038074136111,0.061390736386795,0.016));
#17784=CARTESIAN_POINT('',(-0.00425206234710354,0.0617562482726786,0.016));
#17785=CARTESIAN_POINT('',(-0.00404704098731196,0.0618953021850086,0.016));
#17786=CARTESIAN_POINT('',(-0.00487248034429487,0.0616906740992166,0.016));
#17787=CARTESIAN_POINT('',(-0.00487246187024206,0.0616906773899168,0.016));
#17788=CARTESIAN_POINT('',(-0.00404704098731196,0.0618953021850086,0.016));
#17789=CARTESIAN_POINT('',(-0.00332787528526391,0.0620808021599782,0.016));
#17790=CARTESIAN_POINT('',(-0.00492132723683831,0.0621078039605094,0.016));
#17791=CARTESIAN_POINT('',(-0.00492132723683831,0.0621078039605094,0.016));
#17792=CARTESIAN_POINT('',(-0.00332787528526391,0.0620808021599782,0.016));
#17793=CARTESIAN_POINT('',(-0.00334133860210276,0.0621344530689485,0.016));
#17794=CARTESIAN_POINT('',(-0.00487248034429487,0.0625228143450559,0.016));
#17795=CARTESIAN_POINT('',(-0.00487248074747117,0.0625228153472017,0.016));
#17796=CARTESIAN_POINT('',(-0.00334133860210276,0.0621344530689485,0.016));
#17797=CARTESIAN_POINT('',(-0.00404730613938293,0.0623161297726652,0.016));
#17798=CARTESIAN_POINT('',(-0.00473019940338438,0.0628214010624809,0.016));
#17799=CARTESIAN_POINT('',(-0.00473037789635022,0.0628215287150124,0.016));
#17800=CARTESIAN_POINT('',(-0.00404730613938293,0.0623161297726652,0.016));
#17801=CARTESIAN_POINT('',(-0.00572982464252405,0.0620337744252978,0.016));
#17802=CARTESIAN_POINT('',(-0.00532595002882529,0.0620337744252978,0.016));
#17803=CARTESIAN_POINT('',(-0.00532595002882529,0.0620337744252978,0.016));
#17804=CARTESIAN_POINT('',(-0.00572982464252405,0.0620337744252978,0.016));
#17805=CARTESIAN_POINT('',(-0.00613369925622282,0.0620337744252978,0.016));
#17806=CARTESIAN_POINT('',(-0.00613369925622282,0.0620337744252978,0.016));
#17807=CARTESIAN_POINT('',(-0.00532595002882529,0.0619055183199914,0.016));
#17808=CARTESIAN_POINT('',(-0.00532595002882529,0.0617772622146849,0.016));
#17809=CARTESIAN_POINT('',(-0.00532595002882529,0.0617772622146849,0.016));
#17810=CARTESIAN_POINT('',(-0.00532595002882529,0.0619055183199914,0.016));
#17811=CARTESIAN_POINT('',(-0.00572982464252405,0.0617772622146849,0.016));
#17812=CARTESIAN_POINT('',(-0.00613369925622282,0.0617772622146849,0.016));
#17813=CARTESIAN_POINT('',(-0.00613369925622282,0.0617772622146849,0.016));
#17814=CARTESIAN_POINT('',(-0.00572982464252405,0.0617772622146849,0.016));
#17815=CARTESIAN_POINT('',(-0.0104722073779881,0.0623686280676763,0.016));
#17816=CARTESIAN_POINT('',(-0.0104584476000608,0.0630646720496597,0.016));
#17817=CARTESIAN_POINT('',(-0.0104584476000608,0.0630646720496597,0.016));
#17818=CARTESIAN_POINT('',(-0.0104722073779881,0.0623686280676763,0.016));
#17819=CARTESIAN_POINT('',(-0.0107583159843232,0.0630030874780939,0.016));
#17820=CARTESIAN_POINT('',(-0.0107582363527876,0.0630029108913853,0.016));
#17821=CARTESIAN_POINT('',(-0.0104448507554344,0.0623675771081769,0.016));
#17822=CARTESIAN_POINT('',(-0.0101586238160934,0.0630029108913853,0.016));
#17823=CARTESIAN_POINT('',(-0.0101585434061742,0.0630030916083774,0.016));
#17824=CARTESIAN_POINT('',(-0.0104448507554344,0.0623675771081769,0.016));
#17825=CARTESIAN_POINT('',(-0.0104246454966262,0.0624409761957461,0.016));
#17826=CARTESIAN_POINT('',(-0.00993260037853279,0.0628214010624809,0.016));
#17827=CARTESIAN_POINT('',(-0.00993242942754962,0.0628215267710054,0.016));
#17828=CARTESIAN_POINT('',(-0.0104246454966262,0.0624409761957461,0.016));
#17829=CARTESIAN_POINT('',(-0.010606113562763,0.0623172165931932,0.016));
#17830=CARTESIAN_POINT('',(-0.00978909988670021,0.0625228143450559,0.016));
#17831=CARTESIAN_POINT('',(-0.00978909800537752,0.0625228156930069,0.016));
#17832=CARTESIAN_POINT('',(-0.010606113562763,0.0623172165931932,0.016));
#17833=CARTESIAN_POINT('',(-0.0113138774384628,0.0621344353528104,0.016));
#17834=CARTESIAN_POINT('',(-0.00974005146446887,0.0621078041963433,0.016));
#17835=CARTESIAN_POINT('',(-0.00974005146446887,0.0621078041963433,0.016));
#17836=CARTESIAN_POINT('',(-0.0113138774384628,0.0621344353528104,0.016));
#17837=CARTESIAN_POINT('',(-0.0113272863953683,0.0620808199202652,0.016));
#17838=CARTESIAN_POINT('',(-0.00978909988670021,0.0616906740992166,0.016));
#17839=CARTESIAN_POINT('',(-0.00978911701946721,0.0616906770986046,0.016));
#17840=CARTESIAN_POINT('',(-0.0113272863953683,0.0620808199202652,0.016));
#17841=CARTESIAN_POINT('',(-0.0106063866105802,0.061894224657725,0.016));
#17842=CARTESIAN_POINT('',(-0.00993260037853279,0.0613908678308695,0.016));
#17843=CARTESIAN_POINT('',(-0.00993242439883196,0.0613907410077832,0.016));
#17844=CARTESIAN_POINT('',(-0.0106063866105802,0.061894224657725,0.016));
#17845=CARTESIAN_POINT('',(-0.0104157112948918,0.0617638185744391,0.016));
#17846=CARTESIAN_POINT('',(-0.0101586238160934,0.0612105775528872,0.016));
#17847=CARTESIAN_POINT('',(-0.0101585421836274,0.0612103951841787,0.016));
#17848=CARTESIAN_POINT('',(-0.0104157112948918,0.0617638185744391,0.016));
#17849=CARTESIAN_POINT('',(-0.0104446577978482,0.0618591096155658,0.016));
#17850=CARTESIAN_POINT('',(-0.0104584508563741,0.0611500358058438,0.016));
#17851=CARTESIAN_POINT('',(-0.0104584508563741,0.0611500358058438,0.016));
#17852=CARTESIAN_POINT('',(-0.0104446577978482,0.0618591096155658,0.016));
#17853=CARTESIAN_POINT('',(-0.0104724009740054,0.0618580357724018,0.016));
#17854=CARTESIAN_POINT('',(-0.0107582363527876,0.0612105775528872,0.016));
#17855=CARTESIAN_POINT('',(-0.0107583146305223,0.0612103979969219,0.016));
#17856=CARTESIAN_POINT('',(-0.0104724009740054,0.0618580357724018,0.016));
#17857=CARTESIAN_POINT('',(-0.0105051064416319,0.0617562482726792,0.016));
#17858=CARTESIAN_POINT('',(-0.0109832434979132,0.0613908678308695,0.016));
#17859=CARTESIAN_POINT('',(-0.01098342483589,0.061390736386795,0.016));
#17860=CARTESIAN_POINT('',(-0.0105051064416319,0.0617562482726792,0.016));
#17861=CARTESIAN_POINT('',(-0.0103000850818407,0.0618953021850086,0.016));
#17862=CARTESIAN_POINT('',(-0.0111255244388237,0.0616906740992166,0.016));
#17863=CARTESIAN_POINT('',(-0.0111255059647709,0.0616906773899168,0.016));
#17864=CARTESIAN_POINT('',(-0.0103000850818407,0.0618953021850086,0.016));
#17865=CARTESIAN_POINT('',(-0.00958091937979276,0.0620808021599782,0.016));
#17866=CARTESIAN_POINT('',(-0.0111743713313671,0.0621078039605096,0.016));
#17867=CARTESIAN_POINT('',(-0.0111743713313671,0.0621078039605096,0.016));
#17868=CARTESIAN_POINT('',(-0.00958091937979276,0.0620808021599782,0.016));
#17869=CARTESIAN_POINT('',(-0.00959438269663155,0.0621344530689486,0.016));
#17870=CARTESIAN_POINT('',(-0.0111255244388237,0.0625228143450559,0.016));
#17871=CARTESIAN_POINT('',(-0.0111255248419996,0.0625228153472016,0.016));
#17872=CARTESIAN_POINT('',(-0.00959438269663155,0.0621344530689486,0.016));
#17873=CARTESIAN_POINT('',(-0.0103003502339301,0.0623161297726767,0.016));
#17874=CARTESIAN_POINT('',(-0.0109832434979132,0.0628214010624809,0.016));
#17875=CARTESIAN_POINT('',(-0.0109834219908792,0.0628215287150125,0.016));
#17876=CARTESIAN_POINT('',(-0.0103003502339301,0.0623161297726767,0.016));
#17877=CARTESIAN_POINT('',(-0.0121379216320835,0.0624703947178064,0.016));
#17878=CARTESIAN_POINT('',(-0.0115663920971592,0.0624785039948866,0.016));
#17879=CARTESIAN_POINT('',(-0.0115662715686502,0.0624785046304758,0.016));
#17880=CARTESIAN_POINT('',(-0.0121379216320835,0.0624703947178064,0.016));
#17881=CARTESIAN_POINT('',(-0.0116034613476962,0.0626740092617202,0.0159999999999983));
#17882=CARTESIAN_POINT('',(-0.0116033851417959,0.062674038659395,0.016));
#17883=CARTESIAN_POINT('',(-0.0121044751458889,0.0624867107392171,0.016));
#17884=CARTESIAN_POINT('',(-0.0116096861548934,0.0622738226984625,0.016));
#17885=CARTESIAN_POINT('',(-0.0116097582402451,0.0622738550977091,0.016));
#17886=CARTESIAN_POINT('',(-0.0121044751458889,0.0624867107392171,0.016));
#17887=CARTESIAN_POINT('',(-0.0126280987381915,0.0626986796244433,0.016));
#17888=CARTESIAN_POINT('',(-0.0117241206830828,0.0620654827492722,0.016));
#17889=CARTESIAN_POINT('',(-0.0117241551617908,0.062065507108713,0.016));
#17890=CARTESIAN_POINT('',(-0.0126280987381915,0.0626986796244433,0.016));
#17891=CARTESIAN_POINT('',(-0.0134930046370828,0.0632915361831114,0.016));
#17892=CARTESIAN_POINT('',(-0.0118804264595973,0.0618660861735105,0.016));
#17893=CARTESIAN_POINT('',(-0.0118804335233699,0.0618660924121849,0.016));
#17894=CARTESIAN_POINT('',(-0.0134930046370828,0.0632915361831114,0.016));
#17895=CARTESIAN_POINT('',(-0.0153398600472152,0.0649119062956775,0.016));
#17896=CARTESIAN_POINT('',(-0.0120505538132289,0.061683153535197,0.016));
#17897=CARTESIAN_POINT('',(-0.0120505592862339,0.0616831588797919,0.016));
#17898=CARTESIAN_POINT('',(-0.0153398600472152,0.0649119062956775,0.016));
#17899=CARTESIAN_POINT('',(-0.0157659292859079,0.0653232262057224,0.016));
#17900=CARTESIAN_POINT('',(-0.0122105182425097,0.0615268477586825,0.016));
#17901=CARTESIAN_POINT('',(-0.0122105029955556,0.0615268314168235,0.016));
#17902=CARTESIAN_POINT('',(-0.0157659292859079,0.0653232262057224,0.016));
#17903=CARTESIAN_POINT('',(-0.00873369100311928,0.0577729848715689,0.016));
#17904=CARTESIAN_POINT('',(-0.0123339706356057,0.0614085513192398,0.016));
#17905=CARTESIAN_POINT('',(-0.0123338961441278,0.0614085513192398,0.016));
#17906=CARTESIAN_POINT('',(-0.00873369100311928,0.0577729848715689,0.016));
#17907=CARTESIAN_POINT('',(-0.0119363225435265,0.0614085513192398,0.016));
#17908=CARTESIAN_POINT('',(-0.0115387489429252,0.0614085513192398,0.016));
#17909=CARTESIAN_POINT('',(-0.0115387489429252,0.0614085513192398,0.016));
#17910=CARTESIAN_POINT('',(-0.0119363225435265,0.0614085513192398,0.016));
#17911=CARTESIAN_POINT('',(-0.0115387489429252,0.0612853766761087,0.016));
#17912=CARTESIAN_POINT('',(-0.0115387489429252,0.0611622020329776,0.016));
#17913=CARTESIAN_POINT('',(-0.0115387489429252,0.0611622020329776,0.016));
#17914=CARTESIAN_POINT('',(-0.0115387489429252,0.0612853766761087,0.016));
#17915=CARTESIAN_POINT('',(-0.012120474732762,0.0611622020329776,0.016));
#17916=CARTESIAN_POINT('',(-0.0127022005225989,0.0611622020329776,0.016));
#17917=CARTESIAN_POINT('',(-0.0127022005225989,0.0611622020329776,0.016));
#17918=CARTESIAN_POINT('',(-0.012120474732762,0.0611622020329776,0.016));
#17919=CARTESIAN_POINT('',(-0.0127022005225989,0.0613044829738881,0.016));
#17920=CARTESIAN_POINT('',(-0.0127022005225989,0.0614470841863184,0.016));
#17921=CARTESIAN_POINT('',(-0.0127022005225989,0.0614470841863184,0.016));
#17922=CARTESIAN_POINT('',(-0.0127022005225989,0.0613044829738881,0.016));
#17923=CARTESIAN_POINT('',(-0.0126444323210262,0.0614974287671408,0.0160000000051423));
#17924=CARTESIAN_POINT('',(-0.0125753672267016,0.0615573365317347,0.016));
#17925=CARTESIAN_POINT('',(-0.0125754278205269,0.0615574055693704,0.016));
#17926=CARTESIAN_POINT('',(-0.0126444323210262,0.0614974287671408,0.016));
#17927=CARTESIAN_POINT('',(-0.0173622435466073,0.0671033084296619,0.016));
#17928=CARTESIAN_POINT('',(-0.0123999551524076,0.0617136423082492,0.016));
#17929=CARTESIAN_POINT('',(-0.0123999571727309,0.0617136444926859,0.016));
#17930=CARTESIAN_POINT('',(-0.0173622435466073,0.0671033084296619,0.016));
#17931=CARTESIAN_POINT('',(-0.0152348632395739,0.0647951093651315,0.016));
#17932=CARTESIAN_POINT('',(-0.0122119410519188,0.0618977944974848,0.016));
#17933=CARTESIAN_POINT('',(-0.0122119551349598,0.0618978080356954,0.016));
#17934=CARTESIAN_POINT('',(-0.0152348632395739,0.0647951093651315,0.016));
#17935=CARTESIAN_POINT('',(-0.0139766955948657,0.0635997466581407,0.016));
#17936=CARTESIAN_POINT('',(-0.0120403908888781,0.0620959715223244,0.016));
#17937=CARTESIAN_POINT('',(-0.0120404312697012,0.0620960034950441,0.016));
#17938=CARTESIAN_POINT('',(-0.0139766955948657,0.0635997466581407,0.016));
#17939=CARTESIAN_POINT('',(-0.0130409392097407,0.0628826411423272,0.016));
#17940=CARTESIAN_POINT('',(-0.0119133543344938,0.0622929289962419,0.016));
#17941=CARTESIAN_POINT('',(-0.0119134893110246,0.0622930064641516,0.016));
#17942=CARTESIAN_POINT('',(-0.0130409392097407,0.0628826411423272,0.016));
#17943=CARTESIAN_POINT('',(-0.012267910542043,0.0624888194824896,0.016));
#17944=CARTESIAN_POINT('',(-0.0118639625221491,0.0624756583760684,0.016));
#17945=CARTESIAN_POINT('',(-0.0118639598882452,0.0624756594653837,0.016));
#17946=CARTESIAN_POINT('',(-0.012267910542043,0.0624888194824896,0.016));
#17947=CARTESIAN_POINT('',(-0.0121814601069877,0.0624876791790171,0.016));
#17948=CARTESIAN_POINT('',(-0.0118956708461235,0.0626244435885634,0.016));
#17949=CARTESIAN_POINT('',(-0.0118955203314752,0.0626245102749625,0.016));
#17950=CARTESIAN_POINT('',(-0.0121814601069877,0.0624876791790171,0.016));
#17951=CARTESIAN_POINT('',(-0.0121661456235501,0.062485673077696,0.016));
#17952=CARTESIAN_POINT('',(-0.0119755514315203,0.0627222109208176,0.016));
#17953=CARTESIAN_POINT('',(-0.011975533388512,0.0627222330064248,0.016));
#17954=CARTESIAN_POINT('',(-0.0121661456235501,0.062485673077696,0.016));
#17955=CARTESIAN_POINT('',(-0.012155725740424,0.0624968060347833,0.016));
#17956=CARTESIAN_POINT('',(-0.0120810425862811,0.0627754646444155,0.016));
#17957=CARTESIAN_POINT('',(-0.0120810517988964,0.0627754322299294,0.016));
#17958=CARTESIAN_POINT('',(-0.012155725740424,0.0624968060347833,0.016));
#17959=CARTESIAN_POINT('',(-0.0121943022715425,0.0623684184479435,0.016));
#17960=CARTESIAN_POINT('',(-0.0121891761013731,0.0627907090309416,0.016));
#17961=CARTESIAN_POINT('',(-0.0121891760162024,0.0627906955233269,0.016));
#17962=CARTESIAN_POINT('',(-0.0121943022715425,0.0623684184479435,0.016));
#17963=CARTESIAN_POINT('',(-0.012205507123344,0.0610126175673631,0.016));
#17964=CARTESIAN_POINT('',(-0.0123527991834202,0.0627844080178442,0.016));
#17965=CARTESIAN_POINT('',(-0.0123528013336899,0.0627844382812061,0.016));
#17966=CARTESIAN_POINT('',(-0.012205507123344,0.0610126175673631,0.016));
#17967=CARTESIAN_POINT('',(-0.0122764213602731,0.0619156319119054,0.016));
#17968=CARTESIAN_POINT('',(-0.0124660141606875,0.0627667245294739,0.016));
#17969=CARTESIAN_POINT('',(-0.0124660160196245,0.0627667332144269,0.016));
#17970=CARTESIAN_POINT('',(-0.0122764213602731,0.0619156319119054,0.016));
#17971=CARTESIAN_POINT('',(-0.012388263075807,0.0624197400306507,0.016));
#17972=CARTESIAN_POINT('',(-0.0125523990176689,0.0627350162054995,0.016));
#17973=CARTESIAN_POINT('',(-0.0125524157680608,0.0627350486536781,0.016));
#17974=CARTESIAN_POINT('',(-0.012388263075807,0.0624197400306507,0.016));
#17975=CARTESIAN_POINT('',(-0.0115691313076423,0.0609057205257793,0.016));
#17976=CARTESIAN_POINT('',(-0.0126334935771643,0.0626890679971635,0.016));
#17977=CARTESIAN_POINT('',(-0.0126334935771643,0.0626890679971635,0.016));
#17978=CARTESIAN_POINT('',(-0.0115691313076423,0.0609057205257793,0.016));
#17979=CARTESIAN_POINT('',(-0.0126780127626441,0.0627831884669221,0.016));
#17980=CARTESIAN_POINT('',(-0.0127226004206336,0.0628774536981966,0.016));
#17981=CARTESIAN_POINT('',(-0.0127226004206336,0.0628774536981966,0.016));
#17982=CARTESIAN_POINT('',(-0.0126780127626441,0.0627831884669221,0.016));
#17983=CARTESIAN_POINT('',(-0.0123989274887942,0.0625016495388603,0.016));
#17984=CARTESIAN_POINT('',(-0.0126095146525201,0.0629508767187094,0.016));
#17985=CARTESIAN_POINT('',(-0.0126094811296082,0.0629508037251935,0.016));
#17986=CARTESIAN_POINT('',(-0.0123989274887942,0.0625016495388603,0.016));
#17987=CARTESIAN_POINT('',(-0.0122453808641332,0.0622048964385942,0.016));
#17988=CARTESIAN_POINT('',(-0.0124696728134538,0.0630041304423074,0.016));
#17989=CARTESIAN_POINT('',(-0.012469670681529,0.0630041228905916,0.016));
#17990=CARTESIAN_POINT('',(-0.0122451786756407,0.0622043601291869,0.016));
#17991=CARTESIAN_POINT('',(-0.0121141509775494,0.0617452235824355,0.016));
#17992=CARTESIAN_POINT('',(-0.0123261723216212,0.0630360420247687,0.016));
#17993=CARTESIAN_POINT('',(-0.0123261672768174,0.0630360128122377,0.016));
#17994=CARTESIAN_POINT('',(-0.0121141509775494,0.0617452235824355,0.016));
#17995=CARTESIAN_POINT('',(-0.0121870885859036,0.0622199115518233,0.016));
#17996=CARTESIAN_POINT('',(-0.0121940543050615,0.0630476277585286,0.016));
#17997=CARTESIAN_POINT('',(-0.0121940449130212,0.063047346026487,0.016));
#17998=CARTESIAN_POINT('',(-0.0121870885859036,0.0622199115518233,0.016));
#17999=CARTESIAN_POINT('',(-0.0121740706476439,0.0623603307211519,0.016));
#18000=CARTESIAN_POINT('',(-0.0119109152326496,0.0629941707764436,0.016));
#18001=CARTESIAN_POINT('',(-0.0119108521030519,0.0629943283672969,0.016));
#18002=CARTESIAN_POINT('',(-0.0121740706476439,0.0623603307211519,0.016));
#18003=CARTESIAN_POINT('',(-0.0121464279679515,0.062448185662155,0.016));
#18004=CARTESIAN_POINT('',(-0.0117166001190633,0.0628581908486306,0.016));
#18005=CARTESIAN_POINT('',(-0.011716529045041,0.0628582601902946,0.016));
#18006=CARTESIAN_POINT('',(-0.0121464279679515,0.062448185662155,0.016));
#18007=CARTESIAN_POINT('',(-0.0253111498359584,0.0239207415972542,0.016));
#18008=CARTESIAN_POINT('',(-0.0253111498359584,0.0239207415972542,0.016));
#18009=CARTESIAN_POINT('',(-0.00527191226668588,0.0239187792233193,0.016));
#18010=CARTESIAN_POINT('',(-0.00527191226668588,0.0239187792233193,0.016));
#18011=CARTESIAN_POINT('',(0.0148027937393635,0.0239284293711186,0.016));
#18012=CARTESIAN_POINT('',(0.0148027937393635,0.0239284293711186,0.016));
#18013=CARTESIAN_POINT('',(-0.0253182003714142,0.00391282206209896,0.016));
#18014=CARTESIAN_POINT('',(-0.0339682003714142,0.00391282206209896,0.016));
#18015=CARTESIAN_POINT('',(-0.0339682003714142,0.00391282206209896,0.016));
#18016=CARTESIAN_POINT('',(-0.0253182003714142,0.00391282206209896,0.016));
#18017=CARTESIAN_POINT('',(-0.00527896280214168,0.00391085968816402,0.016));
#18018=CARTESIAN_POINT('',(-0.00527896280214168,0.00391085968816402,0.016));
#18019=CARTESIAN_POINT('',(0.0147957432039078,0.00392050983596325,0.016));
#18020=CARTESIAN_POINT('',(0.0147957432039078,0.00392050983596325,0.016));
#18021=CARTESIAN_POINT('',(-0.0253014351680872,-0.0161663441006601,0.016));
#18022=CARTESIAN_POINT('',(-0.0253014351680872,-0.0161663441006601,0.016));
#18023=CARTESIAN_POINT('',(-0.00526219759881474,-0.0161683064745951,0.016));
#18024=CARTESIAN_POINT('',(-0.00526219759881474,-0.0161683064745951,0.016));
#18025=CARTESIAN_POINT('',(0.0148125084072347,-0.0161586563267958,0.016));
#18026=CARTESIAN_POINT('',(0.0148125084072347,-0.0161586563267958,0.016));
#18027=CARTESIAN_POINT('',(-0.00874407773291403,0.0624870068673273,0.016));
#18028=CARTESIAN_POINT('',(-0.00874407773291403,0.0624870068673273,0.016));
#18029=CARTESIAN_POINT('',(-0.00748821381369064,0.0622675216853651,0.016));
#18030=CARTESIAN_POINT('',(-0.00748821381369064,0.0622675216853651,0.013));
#18031=CARTESIAN_POINT('',(-0.00746626189709303,0.0623133225977724,0.016));
#18032=CARTESIAN_POINT('',(-0.00746626189709303,0.0623133225977724,0.013));
#18033=CARTESIAN_POINT('',(-0.00742012222054063,0.0623518739574763,0.016));
#18034=CARTESIAN_POINT('',(-0.00742012222054063,0.0623518739574763,0.013));
#18035=CARTESIAN_POINT('',(-0.00734979478403344,0.0623831757644766,0.016));
#18036=CARTESIAN_POINT('',(-0.00734979478403344,0.0623831757644766,0.013));
#18037=CARTESIAN_POINT('',(-0.00748821381369064,0.0622675216853651,0.016));
#18038=CARTESIAN_POINT('',(-0.00745528593879422,0.0623362230539761,0.016));
#18039=CARTESIAN_POINT('',(-0.00734979478403344,0.0623831757644766,0.016));
#18040=CARTESIAN_POINT('',(-0.00223906338652879,0.0611622020329776,0.016));
#18041=CARTESIAN_POINT('',(-0.00223906338652879,0.0611622020329776,0.016));
#18042=CARTESIAN_POINT('',(-0.0276638630340701,0.053136890260038,0.016));
#18043=CARTESIAN_POINT('',(-0.0276638630340701,0.053136890260038,0.016));
#18044=CARTESIAN_POINT('',(-0.00760138508838123,0.0545922528406075,0.016));
#18045=CARTESIAN_POINT('',(-0.00760138508838123,0.0545922528406075,0.016));
#18046=CARTESIAN_POINT('',(0.0189154818150637,0.0543007491950569,0.016));
#18047=CARTESIAN_POINT('',(0.0189154818150637,0.0543007491950569,0.016));
#18048=CARTESIAN_POINT('',(0.0227077613631975,0.0521226131088543,0.016));
#18049=CARTESIAN_POINT('',(0.0227077613631975,0.0521226131088543,0.016));
#18050=CARTESIAN_POINT('',(0.0139910173566605,0.0555535206966203,0.016));
#18051=CARTESIAN_POINT('',(0.0139910173566605,0.0555535206966203,0.013));
#18052=CARTESIAN_POINT('',(0.0141949020883355,0.0553229227438396,0.016));
#18053=CARTESIAN_POINT('',(0.0141949020883355,0.0553229227438396,0.013));
#18054=CARTESIAN_POINT('',(0.0143545921527398,0.0550343806717485,0.016));
#18055=CARTESIAN_POINT('',(0.0143545921527398,0.0550343806717485,0.013));
#18056=CARTESIAN_POINT('',(0.0144700875498736,0.0546878944803472,0.016));
#18057=CARTESIAN_POINT('',(0.0144700875498736,0.0546878944803472,0.013));
#18058=CARTESIAN_POINT('',(0.0139910173566605,0.0555535206966203,0.016));
#18059=CARTESIAN_POINT('',(0.0142968444541729,0.0552076237674492,0.016));
#18060=CARTESIAN_POINT('',(0.0144700875498736,0.0546878944803472,0.016));
#18061=CARTESIAN_POINT('',(0.00504542743886485,0.0558699545142777,0.016));
#18062=CARTESIAN_POINT('',(0.00504542743886485,0.0558699545142777,0.016));
#18063=CARTESIAN_POINT('',(0.000161622074350616,0.0558699545142777,0.016));
#18064=CARTESIAN_POINT('',(0.000161622074350616,0.0558699545142777,0.016));
#18065=CARTESIAN_POINT('',(-0.00170869624454033,0.0548717442961928,0.016));
#18066=CARTESIAN_POINT('',(-0.00170869624454033,0.0548717442961928,0.016));
#18067=CARTESIAN_POINT('',(-0.0150788904739646,0.0530947299374624,0.016));
#18068=CARTESIAN_POINT('',(-0.0150788904739646,0.0530947299374624,0.016));
#18069=CARTESIAN_POINT('',(-0.0184095663749774,0.0542942673105239,0.016));
#18070=CARTESIAN_POINT('',(-0.0184095663749774,0.0542942673105239,0.016));
#18071=CARTESIAN_POINT('',(-0.0305909084815179,0.0530733875458762,0.016));
#18072=CARTESIAN_POINT('',(-0.0305909084815179,0.0530733875458762,0.016));
#18073=CARTESIAN_POINT('',(-0.0322926019976305,0.0532335258352814,0.016));
#18074=CARTESIAN_POINT('',(-0.0322926019976305,0.0532335258352814,0.016));
#18075=CARTESIAN_POINT('',(0.001889186756788,0.0624870068673275,0.016));
#18076=CARTESIAN_POINT('',(0.001889186756788,0.0624870068673275,0.016));
#18077=CARTESIAN_POINT('',(0.00032897461046077,0.0624870068673273,0.016));
#18078=CARTESIAN_POINT('',(0.00032897461046077,0.0624870068673273,0.016));
#18079=CARTESIAN_POINT('',(-0.00150469047294367,0.0619055183199914,0.016));
#18080=CARTESIAN_POINT('',(-0.00150469047294367,0.0619055183199914,0.016));
#18081=CARTESIAN_POINT('',(-0.00424329417450358,0.062448751475639,0.016));
#18082=CARTESIAN_POINT('',(-0.00424329417450358,0.062448751475639,0.016));
#18083=CARTESIAN_POINT('',(-0.00613369925622282,0.0619055183199914,0.016));
#18084=CARTESIAN_POINT('',(-0.00613369925622282,0.0619055183199914,0.016));
#18085=CARTESIAN_POINT('',(-0.010496338269032,0.0624487514756385,0.016));
#18086=CARTESIAN_POINT('',(-0.010496338269032,0.0624487514756385,0.016));
#18087=CARTESIAN_POINT('',(-0.0121132904136739,0.0624870068673275,0.016));
#18088=CARTESIAN_POINT('',(-0.0121132904136739,0.0624870068673275,0.016));
#18089=CARTESIAN_POINT('',(-0.00514281413202476,0.0235755891964264,0.016));
#18090=CARTESIAN_POINT('',(-0.0463383141320248,-0.0293304108035736,0.016));
#18091=CARTESIAN_POINT('',(-0.0463383141320248,0.0754815891964264,0.016));
#18092=CARTESIAN_POINT('',(-0.0463383141320248,-0.0283304108035736,0.016));
#18093=CARTESIAN_POINT('',(0.0370526858679752,-0.0283304108035736,0.016));
#18094=CARTESIAN_POINT('',(0.0360526858679752,-0.0283304108035736,0.016));
#18095=CARTESIAN_POINT('',(0.0360526858679752,0.0235755891964264,0.016));
#18096=CARTESIAN_POINT('',(0.0360526858679752,0.0754815891964264,0.016));
#18097=CARTESIAN_POINT('',(-0.00514281413202476,0.0754815891964264,0.016));
#18098=CARTESIAN_POINT('',(-0.0423383141320248,0.0714815891964264,0.016));
#18099=CARTESIAN_POINT('',(-0.0408883141320248,0.0714815891964264,0.016));
#18100=CARTESIAN_POINT('',(0.0320526858679753,0.0714815891964264,0.016));
#18101=CARTESIAN_POINT('',(0.0335026858679753,0.0714815891964264,0.016));
#18102=CARTESIAN_POINT('',(-0.0423383141320248,-0.0243304108035736,0.016));
#18103=CARTESIAN_POINT('',(-0.0408883141320248,-0.0243304108035736,0.016));
#18104=CARTESIAN_POINT('',(0.0320526858679753,-0.0243304108035736,0.016));
#18105=CARTESIAN_POINT('',(0.0335026858679753,-0.0243304108035736,0.016));
#18106=CARTESIAN_POINT('',(-0.0339514351680873,0.0021336558993399,0.016));
#18107=CARTESIAN_POINT('',(-0.0339682003714142,0.00491282206209896,0.016));
#18108=CARTESIAN_POINT('',(0.0370526858679752,0.0235755891964264,0.013));
#18109=CARTESIAN_POINT('',(0.0370526858679752,0.0235755891964264,0.015));
#18110=CARTESIAN_POINT('',(0.0370526858679752,0.0754815891964264,0.015));
#18111=CARTESIAN_POINT('',(0.0370526858679752,-0.0283304108035736,0.015));
#18112=CARTESIAN_POINT('',(0.0370526858679752,-0.0283304108035736,0.));
#18113=CARTESIAN_POINT('',(0.0370526858679752,-0.0283304108035736,0.001));
#18114=CARTESIAN_POINT('',(0.0370526858679752,0.0764815891964264,0.001));
#18115=CARTESIAN_POINT('',(0.0370526858679752,0.0754815891964264,0.001));
#18116=CARTESIAN_POINT('',(0.0370526858679752,0.0754815891964264,0.013));
#18117=CARTESIAN_POINT('',(-0.00514281413202476,-0.0293304108035736,0.013));
#18118=CARTESIAN_POINT('',(-0.00514281413202476,-0.0293304108035736,0.001));
#18119=CARTESIAN_POINT('',(-0.0463383141320248,-0.0293304108035736,0.001));
#18120=CARTESIAN_POINT('',(0.0360526858679752,-0.0293304108035736,0.001));
#18121=CARTESIAN_POINT('',(0.0360526858679752,-0.0293304108035736,0.015));
#18122=CARTESIAN_POINT('',(0.0360526858679752,-0.0293304108035736,0.015));
#18123=CARTESIAN_POINT('',(-0.0473383141320248,-0.0293304108035736,0.015));
#18124=CARTESIAN_POINT('',(-0.0463383141320248,-0.0293304108035736,0.015));
#18125=CARTESIAN_POINT('',(-0.0463383141320248,-0.0293304108035736,0.013));
#18126=CARTESIAN_POINT('',(-0.0473383141320248,0.0235755891964264,0.013));
#18127=CARTESIAN_POINT('',(-0.0473383141320248,0.0235755891964264,0.001));
#18128=CARTESIAN_POINT('',(-0.0473383141320248,0.0754815891964264,0.001));
#18129=CARTESIAN_POINT('',(-0.0473383141320248,-0.0283304108035736,0.001));
#18130=CARTESIAN_POINT('',(-0.0473383141320248,-0.0283304108035736,0.013));
#18131=CARTESIAN_POINT('',(-0.0473383141320248,-0.0283304108035736,0.015));
#18132=CARTESIAN_POINT('',(-0.0473383141320248,0.0764815891964264,0.015));
#18133=CARTESIAN_POINT('',(-0.0473383141320248,0.0754815891964264,0.015));
#18134=CARTESIAN_POINT('',(-0.0473383141320248,0.0754815891964264,0.));
#18135=CARTESIAN_POINT('',(0.0320526858679753,0.0714815891964264,0.013));
#18136=CARTESIAN_POINT('',(0.0320526858679753,0.0714815891964264,0.));
#18137=CARTESIAN_POINT('',(0.0335026858679753,0.0714815891964264,0.));
#18138=CARTESIAN_POINT('',(-0.0423383141320248,-0.0243304108035736,0.013));
#18139=CARTESIAN_POINT('',(-0.0423383141320248,-0.0243304108035736,0.));
#18140=CARTESIAN_POINT('',(-0.0408883141320248,-0.0243304108035736,0.));
#18141=CARTESIAN_POINT('',(0.0320526858679753,-0.0243304108035736,0.013));
#18142=CARTESIAN_POINT('',(0.0320526858679753,-0.0243304108035736,0.));
#18143=CARTESIAN_POINT('',(0.0335026858679753,-0.0243304108035736,0.));
#18144=CARTESIAN_POINT('',(-0.00514281413202476,0.0235755891964264,0.));
#18145=CARTESIAN_POINT('',(0.0360526858679752,-0.0293304108035736,0.));
#18146=CARTESIAN_POINT('',(0.0360526858679752,0.0754815891964264,0.));
#18147=CARTESIAN_POINT('',(0.0360526858679752,-0.0283304108035736,0.));
#18148=CARTESIAN_POINT('',(-0.00514281413202476,-0.0283304108035736,0.));
#18149=CARTESIAN_POINT('',(-0.0463383141320248,-0.0283304108035736,0.));
#18150=CARTESIAN_POINT('',(-0.0463383141320248,0.0235755891964264,0.));
#18151=CARTESIAN_POINT('',(-0.0463383141320248,0.0754815891964264,0.));
#18152=CARTESIAN_POINT('',(0.0370526858679752,0.0754815891964264,0.));
#18153=CARTESIAN_POINT('',(-0.0423383141320248,0.0714815891964264,0.));
#18154=CARTESIAN_POINT('',(-0.0408883141320248,0.0714815891964264,0.));
#18155=CARTESIAN_POINT('',(-0.0423383141320248,0.0714815891964264,0.013));
#18156=CARTESIAN_POINT('',(-0.00514281413202476,0.0754815891964264,0.015));
#18157=CARTESIAN_POINT('',(0.0360526858679752,0.0754815891964264,0.015));
#18158=CARTESIAN_POINT('',(-0.0463383141320248,0.0754815891964264,0.015));
#18159=CARTESIAN_POINT('',(-0.0463383141320248,0.0235755891964264,0.015));
#18160=CARTESIAN_POINT('',(-0.0463383141320248,-0.0283304108035736,0.015));
#18161=CARTESIAN_POINT('',(-0.0463383141320248,0.0754815891964264,0.015));
#18162=CARTESIAN_POINT('',(0.0360526858679752,0.0235755891964264,0.015));
#18163=CARTESIAN_POINT('',(0.0360526858679752,-0.0283304108035736,0.015));
#18164=CARTESIAN_POINT('',(0.0360526858679752,0.0754815891964264,0.015));
#18165=CARTESIAN_POINT('',(-0.00514281413202476,-0.0283304108035736,0.015));
#18166=CARTESIAN_POINT('',(0.0360526858679752,-0.0283304108035736,0.015));
#18167=CARTESIAN_POINT('',(-0.0463383141320248,-0.0283304108035736,0.015));
#18168=CARTESIAN_POINT('',(0.000176875071483359,0.09,0.00758655933663249));
#18169=CARTESIAN_POINT('',(0.000176875071483359,0.09,0.0100865593366325));
#18170=CARTESIAN_POINT('',(0.00017687507148336,0.09,0.00508655933663249));
#18171=CARTESIAN_POINT('',(-0.00482312492851664,0.09,0.0100865593366325));
#18172=CARTESIAN_POINT('',(-0.00982312492851664,0.09,0.0100865593366325));
#18173=CARTESIAN_POINT('',(-0.00982312492851664,0.09,0.00758655933663249));
#18174=CARTESIAN_POINT('',(-0.00982312492851664,0.09,0.00508655933663249));
#18175=CARTESIAN_POINT('',(-0.00482312492851664,0.09,0.00508655933663249));
#18176=CARTESIAN_POINT('',(-0.0463383141320248,0.0754815891964264,0.015));
#18177=CARTESIAN_POINT('',(-0.0463383141320248,0.0754815891964264,0.015));
#18178=CARTESIAN_POINT('',(-0.0463383141320248,0.0754815891964264,0.013));
#18179=CARTESIAN_POINT('',(-0.0463383141320248,0.0754815891964264,0.001));
#18180=CARTESIAN_POINT('',(0.0360526858679752,0.0754815891964264,0.015));
#18181=CARTESIAN_POINT('',(0.0360526858679752,0.0754815891964264,0.015));
#18182=CARTESIAN_POINT('',(-0.0463383141320248,0.0754815891964264,0.001));
#18183=CARTESIAN_POINT('',(-0.0463383141320248,0.0754815891964264,0.001));
#18184=CARTESIAN_POINT('',(-0.0463383141320248,0.0754815891964264,0.001));
#18185=CARTESIAN_POINT('',(-0.0463383141320248,-0.0283304108035736,0.015));
#18186=CARTESIAN_POINT('',(-0.0463383141320248,-0.0283304108035736,0.015));
#18187=CARTESIAN_POINT('',(0.0360526858679752,0.0754815891964264,0.013));
#18188=CARTESIAN_POINT('',(0.0360526858679752,0.0754815891964264,0.001));
#18189=CARTESIAN_POINT('',(-0.00514281413202476,0.0754815891964264,0.001));
#18190=CARTESIAN_POINT('',(0.0360526858679752,0.0754815891964264,0.001));
#18191=CARTESIAN_POINT('',(-0.0463383141320248,0.0235755891964264,0.001));
#18192=CARTESIAN_POINT('',(-0.0463383141320248,-0.0283304108035736,0.001));
#18193=CARTESIAN_POINT('',(-0.0463383141320248,-0.0283304108035736,0.013));
#18194=CARTESIAN_POINT('',(-0.0463383141320248,-0.0283304108035736,0.001));
#18195=CARTESIAN_POINT('',(0.0360526858679752,0.0754815891964264,0.001));
#18196=CARTESIAN_POINT('',(0.0360526858679752,0.0754815891964264,0.001));
#18197=CARTESIAN_POINT('',(-0.0463383141320248,-0.0283304108035736,0.001));
#18198=CARTESIAN_POINT('',(-0.0463383141320248,-0.0283304108035736,0.001));
#18199=CARTESIAN_POINT('',(0.0360526858679752,0.0235755891964264,0.001));
#18200=CARTESIAN_POINT('',(0.0360526858679752,-0.0283304108035736,0.001));
#18201=CARTESIAN_POINT('',(-0.00514281413202476,-0.0283304108035736,0.001));
#18202=CARTESIAN_POINT('',(0.0360526858679752,-0.0283304108035736,0.001));
#18203=CARTESIAN_POINT('',(0.0360526858679752,-0.0283304108035736,0.001));
#18204=CARTESIAN_POINT('',(0.0360526858679752,-0.0283304108035736,0.001));
#18205=CARTESIAN_POINT('',(0.0360526858679752,-0.0283304108035736,0.013));
#18206=CARTESIAN_POINT('',(0.0360526858679752,-0.0283304108035736,0.015));
#18207=CARTESIAN_POINT('',(0.0360526858679752,-0.0283304108035736,0.015));
#18208=CARTESIAN_POINT('',(-0.0339514351680873,0.0021336558993399,0.016));
#18209=CARTESIAN_POINT('',(-0.0339682003714142,0.00491282206209896,0.016));
#18210=MECHANICAL_DESIGN_GEOMETRIC_PRESENTATION_REPRESENTATION('',(#10375),
#18211);
#18211=(
GEOMETRIC_REPRESENTATION_CONTEXT(3)
GLOBAL_UNCERTAINTY_ASSIGNED_CONTEXT((#18212))
GLOBAL_UNIT_ASSIGNED_CONTEXT((#18215,#18214,#18213))
REPRESENTATION_CONTEXT('Part 1','TOP_LEVEL_ASSEMBLY_PART')
);
#18212=UNCERTAINTY_MEASURE_WITH_UNIT(LENGTH_MEASURE(2.E-5),#18215,
'DISTANCE_ACCURACY_VALUE','Maximum Tolerance applied to model');
#18213=(
NAMED_UNIT(*)
SI_UNIT($,.STERADIAN.)
SOLID_ANGLE_UNIT()
);
#18214=(
NAMED_UNIT(*)
PLANE_ANGLE_UNIT()
SI_UNIT($,.RADIAN.)
);
#18215=(
LENGTH_UNIT()
NAMED_UNIT(*)
SI_UNIT($,.METRE.)
);
#18216=PRODUCT_DEFINITION_SHAPE('','',#18217);
#18217=PRODUCT_DEFINITION('','',#18219,#18218);
#18218=PRODUCT_DEFINITION_CONTEXT('',#18225,'design');
#18219=PRODUCT_DEFINITION_FORMATION_WITH_SPECIFIED_SOURCE('','',#18221,
 .NOT_KNOWN.);
#18220=PRODUCT_RELATED_PRODUCT_CATEGORY('','',(#18221));
#18221=PRODUCT('Part 1','Part 1','Part 1',(#18223));
#18222=PRODUCT_CATEGORY('','');
#18223=PRODUCT_CONTEXT('',#18225,'mechanical');
#18224=APPLICATION_PROTOCOL_DEFINITION('international standard',
'ap242_managed_model_based_3d_engineering',2020,#18225);
#18225=APPLICATION_CONTEXT('managed model based 3d engineering');
ENDSEC;
END-ISO-10303-21;
